"BOOKINGID","REGISTRATIONNO","BOOKINGDATE","DEPARTUREZONE","DESTINATIONZONE","PASSENGERID"
T712,Car03,2016-07-06 17:00:00.000,ZoneC,ZoneC,U093
T713,Car05,2018-04-08 23:00:00.000,ZoneD,ZoneB,U074
T714,Car14,2018-08-20 12:00:00.000,ZoneB,ZoneB,U117
T715,Car12,2019-08-23 15:00:00.000,ZoneA,ZoneB,U057
T716,Car06,2019-01-13 08:00:00.000,ZoneA,ZoneA,U048
T717,Car09,2020-09-12 01:00:00.000,ZoneB,ZoneD,U105
T718,Car03,2017-06-18 14:00:00.000,ZoneC,ZoneC,U109
T719,Car08,2016-09-14 02:00:00.000,ZoneA,ZoneA,U111
T720,Car27,2019-02-25 01:00:00.000,ZoneA,ZoneB,U027
T721,Car11,2018-12-04 03:00:00.000,ZoneB,ZoneD,U019
T722,Car08,2019-10-24 17:00:00.000,ZoneC,ZoneB,U055
T723,Car20,2018-10-17 15:00:00.000,ZoneC,ZoneA,U060
T724,Car12,2015-10-16 18:00:00.000,ZoneC,ZoneB,U013
T725,Car21,2020-11-11 11:00:00.000,ZoneC,ZoneB,U147
T726,Car26,2016-11-26 10:00:00.000,ZoneA,ZoneD,U098
T727,Car15,2018-01-01 06:00:00.000,ZoneD,ZoneD,U013
T728,Car25,2015-08-15 01:00:00.000,ZoneB,ZoneB,U015
T729,Car28,2016-01-11 00:00:00.000,ZoneC,ZoneB,U130
T730,Car06,2018-05-04 09:00:00.000,ZoneA,ZoneB,U126
T731,Car16,2016-01-14 23:00:00.000,ZoneB,ZoneC,U113
T732,Car03,2015-05-13 22:00:00.000,ZoneC,ZoneA,U134
T733,Car18,2021-06-01 18:00:00.000,ZoneC,ZoneB,U094
T734,Car28,2020-10-12 16:00:00.000,ZoneC,ZoneB,U066
T735,Car20,2018-05-13 18:00:00.000,ZoneA,ZoneC,U049
T736,Car22,2021-12-18 08:00:00.000,ZoneD,ZoneB,U136
T737,Car04,2017-05-10 20:00:00.000,ZoneB,ZoneD,U066
T738,Car16,2018-07-28 09:00:00.000,ZoneA,ZoneA,U125
T739,Car20,2020-07-25 02:00:00.000,ZoneC,ZoneA,U136
T740,Car12,2018-10-30 13:00:00.000,ZoneB,ZoneC,U114
T741,Car09,2017-07-04 10:00:00.000,ZoneA,ZoneC,U086
T742,Car18,2017-09-29 07:00:00.000,ZoneB,ZoneA,U019
T743,Car06,2018-12-27 16:00:00.000,ZoneD,ZoneD,U155
T744,Car24,2021-02-11 18:00:00.000,ZoneD,ZoneD,U049
T745,Car22,2019-01-04 14:00:00.000,ZoneD,ZoneB,U032
T746,Car26,2019-10-14 22:00:00.000,ZoneC,ZoneC,U017
T747,Car22,2018-10-07 20:00:00.000,ZoneD,ZoneC,U090
T748,Car08,2015-04-10 19:00:00.000,ZoneA,ZoneD,U102
T749,Car06,2016-08-02 04:00:00.000,ZoneB,ZoneD,U029
T750,Car05,2015-10-11 13:00:00.000,ZoneB,ZoneD,U070
T751,Car04,2019-07-29 10:00:00.000,ZoneC,ZoneC,U093
T752,Car11,2017-09-28 11:00:00.000,ZoneD,ZoneB,U131
T753,Car01,2018-11-25 04:00:00.000,ZoneA,ZoneC,U087
T754,Car24,2017-02-15 06:00:00.000,ZoneA,ZoneB,U118
T755,Car14,2016-04-21 16:00:00.000,ZoneA,ZoneD,U150
T756,Car03,2015-08-14 20:00:00.000,ZoneD,ZoneC,U106
T757,Car01,2021-06-23 15:00:00.000,ZoneD,ZoneD,U142
T758,Car17,2016-01-13 12:00:00.000,ZoneA,ZoneD,U132
T759,Car27,2020-04-16 02:00:00.000,ZoneC,ZoneC,U054
T760,Car27,2021-07-09 01:00:00.000,ZoneC,ZoneD,U160
T761,Car30,2018-12-02 06:00:00.000,ZoneD,ZoneD,U145
T762,Car27,2020-03-19 04:00:00.000,ZoneB,ZoneD,U021
T763,Car10,2020-03-12 07:00:00.000,ZoneC,ZoneA,U024
T764,Car22,2018-05-14 19:00:00.000,ZoneD,ZoneA,U141
T765,Car06,2019-03-16 05:00:00.000,ZoneD,ZoneA,U068
T766,Car07,2017-03-28 22:00:00.000,ZoneA,ZoneC,U083
T767,Car04,2015-04-18 12:00:00.000,ZoneB,ZoneB,U141
T768,Car30,2015-08-18 19:00:00.000,ZoneB,ZoneC,U056
T769,Car27,2019-01-21 11:00:00.000,ZoneD,ZoneD,U096
T770,Car12,2019-10-23 06:00:00.000,ZoneB,ZoneC,U126
T771,Car22,2016-06-14 15:00:00.000,ZoneC,ZoneD,U101
T772,Car06,2018-07-02 18:00:00.000,ZoneD,ZoneA,U135
T773,Car23,2015-01-08 02:00:00.000,ZoneA,ZoneD,U072
T774,Car20,2021-05-10 21:00:00.000,ZoneB,ZoneB,U039
T775,Car13,2016-11-07 16:00:00.000,ZoneA,ZoneA,U160
T776,Car29,2015-09-10 12:00:00.000,ZoneD,ZoneC,U102
T777,Car22,2019-10-20 23:00:00.000,ZoneC,ZoneA,U041
T778,Car09,2020-12-20 00:00:00.000,ZoneB,ZoneD,U018
T779,Car11,2021-08-05 03:00:00.000,ZoneB,ZoneC,U024
T780,Car15,2015-02-18 08:00:00.000,ZoneA,ZoneB,U057
T781,Car14,2019-12-22 21:00:00.000,ZoneC,ZoneD,U144
T782,Car07,2020-03-05 05:00:00.000,ZoneC,ZoneC,U083
T783,Car13,2016-04-14 04:00:00.000,ZoneA,ZoneC,U083
T784,Car08,2019-04-15 20:00:00.000,ZoneC,ZoneA,U147
T785,Car10,2018-09-13 16:00:00.000,ZoneA,ZoneC,U091
T786,Car08,2019-02-22 18:00:00.000,ZoneD,ZoneC,U088
T787,Car15,2017-08-28 05:00:00.000,ZoneD,ZoneA,U051
T788,Car27,2016-01-08 12:00:00.000,ZoneB,ZoneB,U161
T789,Car19,2018-02-20 01:00:00.000,ZoneB,ZoneB,U056
T790,Car02,2020-12-11 06:00:00.000,ZoneB,ZoneB,U151
T791,Car12,2021-07-04 11:00:00.000,ZoneA,ZoneD,U111
T792,Car20,2020-03-24 04:00:00.000,ZoneB,ZoneA,U076
T793,Car11,2020-04-13 09:00:00.000,ZoneA,ZoneD,U027
T794,Car08,2016-08-25 02:00:00.000,ZoneA,ZoneD,U087
T795,Car26,2017-02-26 02:00:00.000,ZoneB,ZoneC,U070
T796,Car28,2017-11-01 20:00:00.000,ZoneC,ZoneC,U061
T797,Car23,2019-09-09 12:00:00.000,ZoneA,ZoneB,U159
T798,Car19,2019-11-01 05:00:00.000,ZoneD,ZoneD,U067
T799,Car13,2020-01-08 03:00:00.000,ZoneD,ZoneA,U066
T800,Car12,2016-01-22 16:00:00.000,ZoneA,ZoneA,U149
T801,Car26,2015-12-28 01:00:00.000,ZoneC,ZoneC,U092
T802,Car27,2016-03-27 16:00:00.000,ZoneB,ZoneD,U079
T803,Car19,2020-05-03 14:00:00.000,ZoneD,ZoneC,U119
T804,Car25,2018-11-09 13:00:00.000,ZoneB,ZoneD,U047
T805,Car22,2021-01-18 14:00:00.000,ZoneC,ZoneD,U136
T806,Car16,2015-03-28 01:00:00.000,ZoneD,ZoneB,U106
T807,Car04,2016-04-25 10:00:00.000,ZoneD,ZoneD,U078
T808,Car07,2015-04-10 09:00:00.000,ZoneA,ZoneC,U036
T809,Car08,2018-11-13 17:00:00.000,ZoneB,ZoneA,U133
T810,Car02,2020-05-15 21:00:00.000,ZoneC,ZoneD,U108
T811,Car04,2016-12-03 22:00:00.000,ZoneC,ZoneA,U086
T812,Car26,2021-03-07 17:00:00.000,ZoneB,ZoneB,U039
T813,Car19,2017-10-30 18:00:00.000,ZoneB,ZoneB,U044
T814,Car06,2021-12-05 20:00:00.000,ZoneB,ZoneC,U069
T815,Car03,2018-07-12 13:00:00.000,ZoneB,ZoneC,U097
T816,Car29,2015-07-09 09:00:00.000,ZoneB,ZoneD,U145
T817,Car01,2017-04-08 18:00:00.000,ZoneC,ZoneB,U019
T818,Car18,2015-06-10 20:00:00.000,ZoneB,ZoneB,U018
T819,Car02,2021-01-11 07:00:00.000,ZoneA,ZoneD,U125
T820,Car14,2017-10-09 22:00:00.000,ZoneB,ZoneD,U013
T821,Car14,2021-12-17 12:00:00.000,ZoneD,ZoneA,U116
T822,Car22,2018-03-08 02:00:00.000,ZoneB,ZoneC,U120
T823,Car20,2015-04-16 20:00:00.000,ZoneA,ZoneD,U016
T824,Car18,2018-02-24 20:00:00.000,ZoneC,ZoneA,U131
T825,Car23,2015-02-07 22:00:00.000,ZoneD,ZoneC,U128
T826,Car30,2015-02-18 03:00:00.000,ZoneA,ZoneD,U067
T827,Car24,2019-07-15 16:00:00.000,ZoneB,ZoneC,U115
T828,Car01,2017-07-18 09:00:00.000,ZoneC,ZoneD,U112
T829,Car24,2016-01-08 17:00:00.000,ZoneD,ZoneB,U101
T830,Car01,2018-10-01 04:00:00.000,ZoneC,ZoneB,U027
T831,Car29,2021-03-17 02:00:00.000,ZoneD,ZoneC,U045
T832,Car05,2016-10-09 17:00:00.000,ZoneB,ZoneC,U151
T833,Car26,2018-08-30 02:00:00.000,ZoneB,ZoneB,U037
T834,Car03,2017-02-04 15:00:00.000,ZoneD,ZoneD,U031
T835,Car08,2015-05-24 13:00:00.000,ZoneD,ZoneD,U047
T836,Car22,2019-10-30 08:00:00.000,ZoneA,ZoneB,U097
T837,Car11,2018-04-15 00:00:00.000,ZoneC,ZoneD,U021
T838,Car10,2021-03-07 02:00:00.000,ZoneB,ZoneD,U071
T839,Car16,2016-05-15 15:00:00.000,ZoneD,ZoneC,U056
T840,Car21,2017-04-13 08:00:00.000,ZoneD,ZoneC,U064
T841,Car15,2020-03-09 04:00:00.000,ZoneC,ZoneD,U058
T842,Car27,2015-12-13 01:00:00.000,ZoneA,ZoneA,U078
T843,Car19,2018-05-21 01:00:00.000,ZoneD,ZoneA,U033
T844,Car14,2021-08-16 14:00:00.000,ZoneB,ZoneB,U074
T845,Car05,2020-08-10 03:00:00.000,ZoneB,ZoneA,U098
T846,Car09,2015-04-02 11:00:00.000,ZoneD,ZoneD,U160
T847,Car02,2019-11-28 12:00:00.000,ZoneC,ZoneD,U012
T848,Car23,2018-01-02 12:00:00.000,ZoneA,ZoneA,U101
T849,Car18,2020-03-07 07:00:00.000,ZoneA,ZoneD,U069
T850,Car06,2018-11-05 04:00:00.000,ZoneA,ZoneC,U034
T851,Car08,2017-06-17 03:00:00.000,ZoneB,ZoneB,U023
T852,Car28,2021-11-23 08:00:00.000,ZoneD,ZoneA,U012
T853,Car21,2020-09-06 05:00:00.000,ZoneC,ZoneA,U045
T854,Car25,2021-02-16 03:00:00.000,ZoneC,ZoneC,U108
T855,Car05,2017-03-10 19:00:00.000,ZoneC,ZoneA,U029
T856,Car21,2017-01-06 16:00:00.000,ZoneB,ZoneD,U111
T857,Car17,2017-07-19 05:00:00.000,ZoneB,ZoneC,U103
T858,Car29,2021-01-23 04:00:00.000,ZoneC,ZoneD,U016
T859,Car21,2016-03-06 10:00:00.000,ZoneB,ZoneB,U128
T860,Car20,2015-08-02 18:00:00.000,ZoneA,ZoneB,U038
T861,Car02,2020-03-24 19:00:00.000,ZoneC,ZoneC,U059
T862,Car02,2016-03-29 23:00:00.000,ZoneC,ZoneD,U020
T863,Car27,2018-03-26 20:00:00.000,ZoneA,ZoneA,U038
T864,Car12,2015-10-30 22:00:00.000,ZoneA,ZoneD,U158
T865,Car08,2020-01-28 03:00:00.000,ZoneD,ZoneD,U077
T866,Car30,2015-12-11 04:00:00.000,ZoneB,ZoneD,U018
T867,Car29,2017-09-19 07:00:00.000,ZoneB,ZoneA,U051
T868,Car02,2016-05-24 04:00:00.000,ZoneA,ZoneC,U047
T869,Car17,2016-06-07 08:00:00.000,ZoneD,ZoneB,U019
T870,Car12,2016-11-03 07:00:00.000,ZoneD,ZoneC,U094
T871,Car06,2021-10-27 16:00:00.000,ZoneC,ZoneA,U043
T872,Car13,2017-05-04 14:00:00.000,ZoneC,ZoneD,U102
T873,Car26,2016-12-22 01:00:00.000,ZoneC,ZoneB,U017
T874,Car05,2016-11-18 07:00:00.000,ZoneA,ZoneC,U139
T875,Car07,2016-10-21 19:00:00.000,ZoneC,ZoneA,U144
T876,Car15,2016-03-01 15:00:00.000,ZoneC,ZoneA,U025
T877,Car23,2017-12-15 09:00:00.000,ZoneB,ZoneD,U148
T878,Car01,2017-01-23 08:00:00.000,ZoneB,ZoneC,U025
T879,Car04,2021-10-04 13:00:00.000,ZoneC,ZoneC,U116
T880,Car28,2021-01-27 08:00:00.000,ZoneD,ZoneD,U136
T881,Car22,2017-03-26 00:00:00.000,ZoneC,ZoneB,U159
T882,Car27,2015-04-16 00:00:00.000,ZoneB,ZoneC,U160
T883,Car30,2015-02-13 23:00:00.000,ZoneC,ZoneC,U083
T884,Car09,2018-12-19 13:00:00.000,ZoneC,ZoneD,U068
T885,Car18,2019-05-13 23:00:00.000,ZoneD,ZoneA,U129
T886,Car09,2017-11-06 15:00:00.000,ZoneA,ZoneB,U078
T887,Car07,2016-05-29 04:00:00.000,ZoneA,ZoneA,U145
T888,Car19,2016-08-06 18:00:00.000,ZoneD,ZoneB,U034
T1,Car19,2019-04-06 01:00:00.000,ZoneA,ZoneB,U053
T2,Car05,2020-10-14 23:00:00.000,ZoneD,ZoneC,U024
T3,Car23,2017-11-26 20:00:00.000,ZoneB,ZoneC,U105
T4,Car01,2016-05-28 08:00:00.000,ZoneA,ZoneB,U126
T5,Car21,2016-09-21 19:00:00.000,ZoneC,ZoneA,U092
T6,Car09,2019-07-19 10:00:00.000,ZoneC,ZoneD,U131
T7,Car16,2018-07-03 19:00:00.000,ZoneA,ZoneD,U044
T8,Car24,2019-10-06 19:00:00.000,ZoneB,ZoneA,U149
T9,Car21,2019-09-02 10:00:00.000,ZoneB,ZoneB,U091
T10,Car02,2020-10-22 01:00:00.000,ZoneC,ZoneA,U058
T11,Car15,2021-06-25 22:00:00.000,ZoneC,ZoneA,U111
T12,Car03,2021-01-16 07:00:00.000,ZoneD,ZoneB,U097
T13,Car16,2019-06-22 08:00:00.000,ZoneA,ZoneB,U156
T14,Car25,2020-01-27 02:00:00.000,ZoneC,ZoneA,U070
T15,Car07,2017-08-05 22:00:00.000,ZoneC,ZoneA,U067
T16,Car23,2018-10-27 00:00:00.000,ZoneD,ZoneD,U159
T17,Car30,2015-07-15 15:00:00.000,ZoneC,ZoneA,U084
T18,Car20,2016-08-15 17:00:00.000,ZoneB,ZoneC,U063
T19,Car21,2015-05-19 23:00:00.000,ZoneB,ZoneD,U014
T20,Car06,2020-09-16 00:00:00.000,ZoneD,ZoneC,U160
T21,Car16,2017-06-13 19:00:00.000,ZoneA,ZoneC,U051
T22,Car15,2020-03-22 17:00:00.000,ZoneB,ZoneA,U058
T23,Car19,2017-09-21 19:00:00.000,ZoneD,ZoneD,U022
T24,Car18,2016-10-01 04:00:00.000,ZoneC,ZoneB,U062
T25,Car29,2019-09-01 19:00:00.000,ZoneA,ZoneC,U132
T26,Car28,2019-05-04 14:00:00.000,ZoneC,ZoneB,U132
T27,Car14,2019-10-12 10:00:00.000,ZoneA,ZoneC,U033
T28,Car06,2015-12-22 15:00:00.000,ZoneC,ZoneB,U143
T29,Car13,2021-05-09 15:00:00.000,ZoneA,ZoneA,U115
T30,Car14,2017-10-26 09:00:00.000,ZoneC,ZoneD,U065
T31,Car23,2018-12-09 18:00:00.000,ZoneA,ZoneB,U052
T32,Car02,2019-09-29 17:00:00.000,ZoneA,ZoneB,U121
T33,Car06,2017-07-31 17:00:00.000,ZoneC,ZoneC,U072
T34,Car22,2021-07-18 05:00:00.000,ZoneA,ZoneB,U047
T35,Car16,2015-05-06 10:00:00.000,ZoneA,ZoneC,U014
T36,Car25,2017-10-03 11:00:00.000,ZoneD,ZoneA,U033
T37,Car27,2016-01-13 17:00:00.000,ZoneA,ZoneA,U016
T38,Car22,2016-03-20 14:00:00.000,ZoneC,ZoneA,U136
T39,Car20,2018-02-06 02:00:00.000,ZoneA,ZoneD,U037
T40,Car10,2015-09-09 01:00:00.000,ZoneB,ZoneA,U113
T41,Car02,2015-02-18 18:00:00.000,ZoneC,ZoneD,U082
T42,Car30,2018-08-09 16:00:00.000,ZoneA,ZoneB,U092
T43,Car22,2018-04-02 17:00:00.000,ZoneB,ZoneB,U035
T44,Car24,2021-11-14 19:00:00.000,ZoneB,ZoneC,U103
T45,Car02,2017-06-13 09:00:00.000,ZoneD,ZoneC,U135
T46,Car12,2017-02-22 23:00:00.000,ZoneB,ZoneC,U024
T47,Car30,2017-06-01 22:00:00.000,ZoneC,ZoneD,U105
T48,Car15,2017-04-26 21:00:00.000,ZoneC,ZoneC,U039
T49,Car07,2020-10-30 14:00:00.000,ZoneD,ZoneD,U029
T50,Car30,2015-11-30 13:00:00.000,ZoneD,ZoneB,U092
T51,Car16,2021-03-28 13:00:00.000,ZoneC,ZoneD,U016
T52,Car04,2019-07-31 07:00:00.000,ZoneC,ZoneC,U100
T53,Car19,2016-11-04 18:00:00.000,ZoneB,ZoneB,U060
T54,Car01,2019-08-25 12:00:00.000,ZoneA,ZoneC,U104
T55,Car27,2017-12-23 22:00:00.000,ZoneD,ZoneC,U138
T56,Car15,2021-01-06 07:00:00.000,ZoneA,ZoneC,U114
T57,Car29,2019-03-30 09:00:00.000,ZoneB,ZoneA,U162
T58,Car05,2018-02-21 22:00:00.000,ZoneD,ZoneB,U148
T59,Car05,2020-02-25 16:00:00.000,ZoneD,ZoneB,U149
T60,Car28,2017-02-12 13:00:00.000,ZoneC,ZoneC,U055
T61,Car19,2018-02-13 04:00:00.000,ZoneB,ZoneD,U132
T62,Car18,2020-05-14 10:00:00.000,ZoneD,ZoneC,U026
T63,Car29,2021-09-17 21:00:00.000,ZoneB,ZoneA,U116
T64,Car24,2020-05-31 22:00:00.000,ZoneA,ZoneB,U010
T65,Car28,2019-06-18 14:00:00.000,ZoneD,ZoneD,U015
T66,Car09,2019-02-26 12:00:00.000,ZoneC,ZoneC,U050
T67,Car13,2015-01-15 04:00:00.000,ZoneA,ZoneC,U081
T68,Car20,2016-03-06 00:00:00.000,ZoneB,ZoneC,U023
T69,Car17,2017-06-13 19:00:00.000,ZoneD,ZoneD,U112
T70,Car09,2020-09-19 23:00:00.000,ZoneA,ZoneA,U026
T71,Car07,2020-08-01 14:00:00.000,ZoneA,ZoneB,U033
T72,Car12,2021-05-09 00:00:00.000,ZoneD,ZoneA,U129
T73,Car14,2019-08-10 02:00:00.000,ZoneB,ZoneC,U150
T74,Car21,2016-11-24 08:00:00.000,ZoneD,ZoneA,U093
T75,Car15,2017-01-06 06:00:00.000,ZoneD,ZoneD,U085
T76,Car15,2018-06-26 12:00:00.000,ZoneB,ZoneC,U162
T77,Car23,2016-07-08 04:00:00.000,ZoneA,ZoneA,U045
T78,Car12,2018-03-29 08:00:00.000,ZoneC,ZoneB,U091
T79,Car26,2020-01-29 04:00:00.000,ZoneA,ZoneB,U068
T80,Car01,2018-09-27 05:00:00.000,ZoneC,ZoneA,U094
T81,Car02,2020-09-24 23:00:00.000,ZoneC,ZoneA,U162
T82,Car29,2016-01-10 19:00:00.000,ZoneD,ZoneC,U081
T83,Car11,2015-05-21 05:00:00.000,ZoneD,ZoneC,U015
T84,Car25,2020-09-04 08:00:00.000,ZoneA,ZoneA,U053
T85,Car19,2016-10-22 00:00:00.000,ZoneC,ZoneB,U059
T86,Car13,2016-04-10 00:00:00.000,ZoneD,ZoneD,U088
T87,Car04,2021-08-19 22:00:00.000,ZoneC,ZoneA,U062
T88,Car17,2018-03-04 18:00:00.000,ZoneD,ZoneC,U059
T89,Car14,2018-05-08 03:00:00.000,ZoneB,ZoneA,U120
T90,Car08,2019-10-22 20:00:00.000,ZoneB,ZoneC,U066
T91,Car28,2015-06-13 08:00:00.000,ZoneC,ZoneB,U083
T92,Car12,2020-01-06 01:00:00.000,ZoneB,ZoneA,U046
T93,Car28,2016-01-19 13:00:00.000,ZoneB,ZoneD,U160
T94,Car25,2019-10-08 01:00:00.000,ZoneC,ZoneD,U063
T95,Car11,2016-04-09 14:00:00.000,ZoneC,ZoneB,U156
T96,Car30,2019-12-05 09:00:00.000,ZoneA,ZoneD,U051
T97,Car30,2018-08-25 22:00:00.000,ZoneB,ZoneD,U123
T98,Car28,2016-05-23 23:00:00.000,ZoneD,ZoneD,U063
T99,Car25,2021-02-08 15:00:00.000,ZoneD,ZoneA,U019
T100,Car14,2015-06-10 15:00:00.000,ZoneA,ZoneD,U053
T101,Car24,2020-05-24 10:00:00.000,ZoneA,ZoneB,U114
T102,Car04,2020-01-27 07:00:00.000,ZoneC,ZoneA,U085
T103,Car08,2018-12-10 19:00:00.000,ZoneB,ZoneA,U152
T104,Car30,2021-12-12 12:00:00.000,ZoneC,ZoneD,U100
T105,Car06,2020-05-06 12:00:00.000,ZoneD,ZoneD,U030
T106,Car29,2016-02-19 04:00:00.000,ZoneB,ZoneB,U047
T107,Car08,2020-11-18 03:00:00.000,ZoneD,ZoneA,U103
T108,Car08,2020-12-16 06:00:00.000,ZoneC,ZoneD,U065
T109,Car10,2020-11-16 16:00:00.000,ZoneA,ZoneC,U013
T110,Car07,2017-10-17 15:00:00.000,ZoneA,ZoneA,U130
T111,Car25,2016-12-25 19:00:00.000,ZoneA,ZoneC,U128
T112,Car05,2017-01-31 11:00:00.000,ZoneD,ZoneD,U154
T113,Car02,2018-07-30 01:00:00.000,ZoneD,ZoneC,U151
T114,Car22,2020-11-15 20:00:00.000,ZoneB,ZoneA,U029
T115,Car26,2019-03-11 10:00:00.000,ZoneA,ZoneC,U124
T116,Car17,2020-12-22 07:00:00.000,ZoneB,ZoneA,U049
T117,Car16,2019-11-22 16:00:00.000,ZoneA,ZoneB,U054
T118,Car07,2017-06-08 19:00:00.000,ZoneC,ZoneA,U123
T119,Car26,2016-12-13 22:00:00.000,ZoneB,ZoneC,U102
T120,Car17,2021-04-02 08:00:00.000,ZoneD,ZoneD,U115
T121,Car14,2020-01-07 12:00:00.000,ZoneB,ZoneD,U076
T122,Car04,2015-11-25 03:00:00.000,ZoneC,ZoneA,U099
T123,Car24,2020-07-21 18:00:00.000,ZoneA,ZoneB,U124
T124,Car04,2019-11-02 21:00:00.000,ZoneC,ZoneD,U122
T125,Car29,2015-04-22 16:00:00.000,ZoneD,ZoneB,U063
T126,Car05,2020-06-25 17:00:00.000,ZoneA,ZoneD,U071
T127,Car28,2018-10-30 23:00:00.000,ZoneB,ZoneD,U078
T128,Car02,2019-03-25 04:00:00.000,ZoneB,ZoneD,U083
T129,Car12,2018-01-01 01:00:00.000,ZoneA,ZoneA,U025
T130,Car17,2016-10-04 17:00:00.000,ZoneA,ZoneB,U068
T131,Car17,2020-01-14 14:00:00.000,ZoneD,ZoneD,U019
T132,Car13,2021-06-01 03:00:00.000,ZoneA,ZoneB,U012
T133,Car20,2017-06-21 12:00:00.000,ZoneB,ZoneA,U089
T134,Car17,2021-11-06 01:00:00.000,ZoneC,ZoneC,U128
T135,Car07,2015-01-06 00:00:00.000,ZoneD,ZoneA,U058
T136,Car22,2015-01-05 14:00:00.000,ZoneA,ZoneB,U075
T137,Car13,2020-08-05 13:00:00.000,ZoneC,ZoneC,U120
T138,Car16,2016-11-23 17:00:00.000,ZoneB,ZoneC,U038
T139,Car03,2015-04-27 11:00:00.000,ZoneC,ZoneB,U140
T140,Car27,2016-07-27 18:00:00.000,ZoneB,ZoneC,U067
T141,Car25,2017-04-03 03:00:00.000,ZoneB,ZoneA,U087
T142,Car18,2018-12-13 07:00:00.000,ZoneD,ZoneC,U069
T143,Car08,2020-03-20 00:00:00.000,ZoneC,ZoneC,U071
T144,Car23,2020-06-11 23:00:00.000,ZoneD,ZoneC,U137
T145,Car11,2016-03-03 17:00:00.000,ZoneB,ZoneD,U151
T146,Car24,2015-08-14 20:00:00.000,ZoneA,ZoneC,U103
T147,Car20,2015-01-04 23:00:00.000,ZoneB,ZoneB,U091
T148,Car03,2019-11-05 09:00:00.000,ZoneA,ZoneC,U028
T149,Car15,2015-02-15 15:00:00.000,ZoneA,ZoneD,U137
T150,Car08,2019-09-05 03:00:00.000,ZoneD,ZoneB,U030
T151,Car06,2016-11-11 20:00:00.000,ZoneC,ZoneD,U150
T152,Car21,2017-09-10 18:00:00.000,ZoneA,ZoneD,U030
T153,Car20,2016-11-13 12:00:00.000,ZoneB,ZoneD,U145
T154,Car20,2021-01-14 05:00:00.000,ZoneA,ZoneD,U074
T155,Car05,2019-09-13 21:00:00.000,ZoneD,ZoneA,U078
T156,Car19,2020-02-22 03:00:00.000,ZoneA,ZoneA,U140
T157,Car23,2015-09-20 07:00:00.000,ZoneA,ZoneD,U122
T158,Car11,2017-12-13 22:00:00.000,ZoneC,ZoneD,U137
T159,Car06,2020-06-10 12:00:00.000,ZoneA,ZoneA,U014
T160,Car13,2021-02-15 17:00:00.000,ZoneC,ZoneA,U100
T161,Car17,2021-07-06 23:00:00.000,ZoneD,ZoneB,U140
T162,Car03,2016-08-28 15:00:00.000,ZoneD,ZoneD,U029
T163,Car03,2019-06-17 23:00:00.000,ZoneC,ZoneD,U058
T164,Car30,2018-04-19 19:00:00.000,ZoneD,ZoneB,U110
T165,Car20,2018-11-19 13:00:00.000,ZoneD,ZoneD,U068
T166,Car26,2018-09-09 07:00:00.000,ZoneD,ZoneA,U081
T167,Car09,2015-01-14 23:00:00.000,ZoneA,ZoneD,U094
T168,Car04,2019-01-16 21:00:00.000,ZoneA,ZoneB,U151
T169,Car11,2021-03-08 18:00:00.000,ZoneB,ZoneB,U096
T170,Car18,2015-05-05 14:00:00.000,ZoneD,ZoneC,U110
T171,Car26,2020-04-07 03:00:00.000,ZoneA,ZoneD,U070
T172,Car03,2017-07-08 19:00:00.000,ZoneB,ZoneC,U128
T173,Car23,2020-08-07 10:00:00.000,ZoneC,ZoneC,U130
T174,Car28,2017-09-25 08:00:00.000,ZoneD,ZoneD,U063
T175,Car04,2021-11-22 12:00:00.000,ZoneC,ZoneB,U071
T176,Car17,2015-04-09 13:00:00.000,ZoneB,ZoneA,U059
T177,Car23,2017-05-02 12:00:00.000,ZoneC,ZoneD,U079
T178,Car25,2016-08-19 11:00:00.000,ZoneB,ZoneC,U118
T179,Car17,2016-01-18 17:00:00.000,ZoneD,ZoneB,U118
T180,Car11,2015-01-13 17:00:00.000,ZoneC,ZoneC,U072
T181,Car12,2018-09-30 03:00:00.000,ZoneD,ZoneB,U154
T182,Car29,2018-02-05 16:00:00.000,ZoneB,ZoneA,U060
T183,Car10,2015-04-14 18:00:00.000,ZoneD,ZoneB,U019
T184,Car27,2021-01-20 06:00:00.000,ZoneD,ZoneA,U125
T185,Car25,2019-05-03 23:00:00.000,ZoneA,ZoneD,U022
T186,Car13,2016-01-08 02:00:00.000,ZoneA,ZoneB,U106
T187,Car22,2017-02-07 13:00:00.000,ZoneC,ZoneA,U074
T188,Car22,2018-10-17 20:00:00.000,ZoneA,ZoneA,U120
T189,Car23,2021-10-31 10:00:00.000,ZoneA,ZoneA,U149
T190,Car15,2020-06-08 05:00:00.000,ZoneC,ZoneB,U124
T191,Car14,2021-08-05 23:00:00.000,ZoneA,ZoneC,U088
T192,Car15,2017-12-18 07:00:00.000,ZoneC,ZoneD,U115
T193,Car29,2016-08-21 03:00:00.000,ZoneA,ZoneC,U146
T194,Car15,2021-10-10 19:00:00.000,ZoneD,ZoneB,U104
T195,Car03,2019-05-29 19:00:00.000,ZoneA,ZoneA,U011
T196,Car15,2017-02-23 14:00:00.000,ZoneD,ZoneD,U086
T197,Car03,2019-09-24 12:00:00.000,ZoneB,ZoneD,U054
T198,Car23,2021-09-14 23:00:00.000,ZoneB,ZoneB,U010
T199,Car30,2021-11-21 16:00:00.000,ZoneD,ZoneA,U085
T200,Car20,2018-12-02 01:00:00.000,ZoneA,ZoneB,U069
T201,Car14,2020-06-10 22:00:00.000,ZoneD,ZoneD,U027
T202,Car21,2021-07-05 17:00:00.000,ZoneD,ZoneD,U104
T203,Car05,2021-01-12 18:00:00.000,ZoneD,ZoneA,U117
T204,Car22,2021-04-16 17:00:00.000,ZoneB,ZoneD,U160
T205,Car05,2019-06-10 01:00:00.000,ZoneC,ZoneB,U134
T206,Car21,2020-12-30 05:00:00.000,ZoneC,ZoneA,U114
T207,Car08,2020-03-26 06:00:00.000,ZoneB,ZoneA,U105
T208,Car30,2021-08-29 07:00:00.000,ZoneB,ZoneA,U096
T209,Car15,2018-01-28 08:00:00.000,ZoneA,ZoneB,U014
T210,Car11,2021-01-21 17:00:00.000,ZoneA,ZoneD,U037
T211,Car30,2020-07-24 21:00:00.000,ZoneA,ZoneC,U153
T212,Car14,2019-04-26 21:00:00.000,ZoneC,ZoneD,U018
T213,Car28,2016-08-21 03:00:00.000,ZoneA,ZoneA,U113
T214,Car16,2019-04-25 00:00:00.000,ZoneC,ZoneC,U042
T215,Car05,2019-06-02 08:00:00.000,ZoneA,ZoneD,U138
T216,Car29,2016-09-25 23:00:00.000,ZoneA,ZoneC,U141
T217,Car26,2016-03-31 20:00:00.000,ZoneD,ZoneD,U113
T218,Car01,2021-04-30 01:00:00.000,ZoneA,ZoneB,U114
T219,Car21,2019-05-05 05:00:00.000,ZoneD,ZoneB,U024
T220,Car24,2019-12-18 12:00:00.000,ZoneA,ZoneD,U103
T221,Car03,2016-05-28 18:00:00.000,ZoneA,ZoneA,U078
T222,Car20,2020-05-29 20:00:00.000,ZoneD,ZoneB,U106
T223,Car16,2016-05-30 10:00:00.000,ZoneA,ZoneA,U141
T224,Car11,2020-01-12 12:00:00.000,ZoneA,ZoneB,U087
T225,Car13,2018-08-31 03:00:00.000,ZoneB,ZoneD,U086
T226,Car05,2016-06-03 14:00:00.000,ZoneA,ZoneD,U114
T227,Car13,2020-07-18 15:00:00.000,ZoneD,ZoneC,U152
T228,Car25,2018-01-15 20:00:00.000,ZoneC,ZoneA,U069
T229,Car18,2021-03-30 05:00:00.000,ZoneD,ZoneC,U114
T230,Car27,2016-06-27 23:00:00.000,ZoneB,ZoneD,U022
T231,Car12,2015-07-22 22:00:00.000,ZoneA,ZoneC,U063
T232,Car19,2017-03-21 15:00:00.000,ZoneB,ZoneD,U156
T233,Car17,2016-01-06 05:00:00.000,ZoneD,ZoneA,U124
T234,Car23,2018-01-12 07:00:00.000,ZoneD,ZoneD,U048
T235,Car10,2017-09-25 18:00:00.000,ZoneA,ZoneB,U159
T236,Car07,2020-08-01 19:00:00.000,ZoneC,ZoneA,U090
T237,Car28,2015-03-14 22:00:00.000,ZoneD,ZoneA,U048
T238,Car29,2018-01-25 20:00:00.000,ZoneB,ZoneC,U070
T239,Car05,2017-10-08 06:00:00.000,ZoneC,ZoneC,U074
T240,Car08,2018-02-02 03:00:00.000,ZoneB,ZoneC,U058
T241,Car30,2015-03-23 06:00:00.000,ZoneC,ZoneC,U092
T242,Car19,2021-07-21 13:00:00.000,ZoneB,ZoneC,U053
T243,Car26,2018-05-18 13:00:00.000,ZoneB,ZoneB,U093
T244,Car22,2015-10-25 22:00:00.000,ZoneD,ZoneD,U116
T245,Car04,2021-11-08 18:00:00.000,ZoneD,ZoneB,U083
T246,Car25,2020-07-13 10:00:00.000,ZoneA,ZoneA,U058
T247,Car22,2017-02-01 22:00:00.000,ZoneC,ZoneC,U098
T248,Car20,2016-01-21 05:00:00.000,ZoneB,ZoneA,U153
T249,Car09,2021-01-08 09:00:00.000,ZoneC,ZoneA,U111
T250,Car05,2015-06-23 03:00:00.000,ZoneD,ZoneB,U056
T251,Car21,2020-02-04 05:00:00.000,ZoneD,ZoneA,U131
T252,Car20,2018-11-20 14:00:00.000,ZoneD,ZoneA,U124
T253,Car13,2017-12-09 13:00:00.000,ZoneC,ZoneC,U110
T254,Car03,2019-01-27 17:00:00.000,ZoneB,ZoneA,U071
T255,Car30,2017-04-14 19:00:00.000,ZoneA,ZoneA,U069
T256,Car21,2016-08-19 21:00:00.000,ZoneA,ZoneB,U039
T257,Car05,2019-03-11 10:00:00.000,ZoneD,ZoneD,U075
T258,Car14,2020-11-27 07:00:00.000,ZoneA,ZoneC,U065
T259,Car09,2020-09-02 11:00:00.000,ZoneA,ZoneD,U013
T260,Car07,2020-03-01 16:00:00.000,ZoneB,ZoneB,U081
T261,Car03,2016-07-30 06:00:00.000,ZoneA,ZoneD,U043
T262,Car27,2015-05-27 01:00:00.000,ZoneB,ZoneB,U152
T263,Car30,2017-10-18 06:00:00.000,ZoneC,ZoneA,U150
T264,Car21,2021-07-20 02:00:00.000,ZoneD,ZoneB,U102
T265,Car06,2021-08-12 20:00:00.000,ZoneB,ZoneD,U147
T266,Car08,2020-12-14 14:00:00.000,ZoneB,ZoneC,U055
T267,Car19,2017-07-24 20:00:00.000,ZoneD,ZoneC,U031
T268,Car05,2020-12-11 11:00:00.000,ZoneC,ZoneD,U072
T269,Car18,2017-06-02 08:00:00.000,ZoneC,ZoneB,U131
T270,Car17,2016-12-01 10:00:00.000,ZoneD,ZoneB,U161
T271,Car09,2021-07-10 22:00:00.000,ZoneC,ZoneA,U068
T272,Car18,2020-07-04 06:00:00.000,ZoneA,ZoneA,U087
T273,Car24,2017-06-29 15:00:00.000,ZoneB,ZoneD,U137
T274,Car24,2020-09-22 06:00:00.000,ZoneC,ZoneB,U076
T275,Car30,2019-08-09 01:00:00.000,ZoneB,ZoneB,U134
T276,Car23,2020-09-09 13:00:00.000,ZoneC,ZoneC,U130
T277,Car20,2020-11-09 14:00:00.000,ZoneA,ZoneD,U116
T278,Car04,2016-05-29 09:00:00.000,ZoneA,ZoneC,U138
T279,Car03,2017-01-30 15:00:00.000,ZoneB,ZoneA,U053
T280,Car18,2016-10-26 04:00:00.000,ZoneD,ZoneD,U091
T281,Car03,2021-03-01 21:00:00.000,ZoneC,ZoneA,U010
T282,Car15,2021-04-02 23:00:00.000,ZoneC,ZoneC,U107
T283,Car02,2021-01-21 22:00:00.000,ZoneD,ZoneC,U020
T284,Car22,2021-11-19 09:00:00.000,ZoneA,ZoneB,U137
T285,Car01,2018-04-03 23:00:00.000,ZoneA,ZoneD,U153
T286,Car19,2016-08-22 04:00:00.000,ZoneD,ZoneC,U142
T287,Car29,2020-04-27 03:00:00.000,ZoneA,ZoneA,U027
T288,Car05,2017-12-08 02:00:00.000,ZoneB,ZoneC,U103
T289,Car17,2018-04-25 10:00:00.000,ZoneA,ZoneA,U122
T290,Car04,2020-09-06 15:00:00.000,ZoneB,ZoneD,U037
T291,Car27,2016-01-16 10:00:00.000,ZoneA,ZoneC,U104
T292,Car04,2016-09-24 02:00:00.000,ZoneD,ZoneD,U062
T293,Car13,2021-11-19 14:00:00.000,ZoneB,ZoneB,U103
T294,Car06,2021-11-18 08:00:00.000,ZoneB,ZoneB,U118
T295,Car12,2019-03-06 10:00:00.000,ZoneC,ZoneD,U093
T296,Car27,2021-07-21 18:00:00.000,ZoneC,ZoneB,U035
T297,Car11,2020-11-21 16:00:00.000,ZoneC,ZoneC,U127
T298,Car09,2016-06-09 05:00:00.000,ZoneC,ZoneA,U144
T299,Car08,2018-01-13 18:00:00.000,ZoneC,ZoneB,U071
T300,Car20,2020-01-22 02:00:00.000,ZoneC,ZoneB,U055
T301,Car06,2018-10-17 15:00:00.000,ZoneB,ZoneA,U110
T302,Car11,2015-10-06 18:00:00.000,ZoneD,ZoneC,U141
T303,Car04,2020-11-20 15:00:00.000,ZoneB,ZoneB,U117
T304,Car10,2021-01-04 10:00:00.000,ZoneB,ZoneD,U097
T305,Car24,2018-11-26 10:00:00.000,ZoneC,ZoneD,U116
T306,Car18,2020-03-21 06:00:00.000,ZoneC,ZoneB,U095
T307,Car18,2020-01-11 06:00:00.000,ZoneB,ZoneB,U030
T308,Car06,2019-12-07 06:00:00.000,ZoneA,ZoneD,U135
T309,Car14,2020-03-23 08:00:00.000,ZoneA,ZoneA,U151
T310,Car04,2015-12-24 12:00:00.000,ZoneA,ZoneB,U097
T311,Car01,2020-10-10 09:00:00.000,ZoneA,ZoneB,U135
T312,Car24,2016-11-01 05:00:00.000,ZoneD,ZoneC,U084
T313,Car21,2018-12-08 22:00:00.000,ZoneA,ZoneB,U114
T314,Car24,2018-10-22 20:00:00.000,ZoneA,ZoneB,U132
T315,Car24,2016-11-08 02:00:00.000,ZoneB,ZoneC,U158
T316,Car19,2016-04-21 06:00:00.000,ZoneB,ZoneC,U132
T317,Car26,2020-03-30 10:00:00.000,ZoneD,ZoneD,U111
T318,Car02,2016-09-12 05:00:00.000,ZoneD,ZoneD,U107
T319,Car24,2017-12-24 23:00:00.000,ZoneD,ZoneC,U035
T320,Car11,2016-12-18 22:00:00.000,ZoneD,ZoneC,U029
T321,Car11,2018-03-01 15:00:00.000,ZoneB,ZoneD,U120
T322,Car08,2021-09-08 12:00:00.000,ZoneD,ZoneA,U139
T323,Car21,2016-12-02 11:00:00.000,ZoneC,ZoneD,U030
T324,Car30,2021-03-25 10:00:00.000,ZoneB,ZoneD,U020
T325,Car16,2018-05-16 21:00:00.000,ZoneB,ZoneA,U076
T326,Car29,2018-04-04 04:00:00.000,ZoneD,ZoneC,U044
T327,Car26,2016-01-02 06:00:00.000,ZoneD,ZoneA,U025
T328,Car04,2016-10-09 07:00:00.000,ZoneD,ZoneC,U146
T329,Car26,2019-02-14 00:00:00.000,ZoneC,ZoneB,U028
T330,Car10,2015-11-10 08:00:00.000,ZoneB,ZoneA,U061
T331,Car15,2021-12-08 18:00:00.000,ZoneD,ZoneB,U076
T332,Car12,2015-11-21 04:00:00.000,ZoneD,ZoneA,U115
T333,Car15,2017-08-05 17:00:00.000,ZoneC,ZoneC,U089
T334,Car12,2015-11-23 06:00:00.000,ZoneD,ZoneD,U104
T335,Car11,2015-06-05 15:00:00.000,ZoneB,ZoneC,U040
T336,Car17,2016-05-28 23:00:00.000,ZoneA,ZoneD,U023
T337,Car14,2016-05-21 06:00:00.000,ZoneA,ZoneC,U089
T338,Car20,2020-06-07 14:00:00.000,ZoneB,ZoneC,U121
T339,Car08,2019-02-23 04:00:00.000,ZoneA,ZoneA,U056
T340,Car01,2019-03-23 12:00:00.000,ZoneA,ZoneB,U153
T341,Car09,2020-05-13 09:00:00.000,ZoneA,ZoneD,U094
T342,Car28,2018-08-20 17:00:00.000,ZoneA,ZoneB,U159
T343,Car21,2021-06-10 17:00:00.000,ZoneC,ZoneD,U051
T344,Car09,2019-08-05 22:00:00.000,ZoneD,ZoneB,U010
T345,Car08,2015-01-05 14:00:00.000,ZoneA,ZoneA,U114
T346,Car25,2019-08-19 06:00:00.000,ZoneD,ZoneB,U023
T347,Car10,2018-01-19 04:00:00.000,ZoneA,ZoneB,U134
T348,Car28,2020-09-09 03:00:00.000,ZoneD,ZoneD,U018
T349,Car07,2017-01-21 06:00:00.000,ZoneD,ZoneD,U095
T350,Car05,2019-12-23 22:00:00.000,ZoneB,ZoneA,U070
T351,Car24,2021-10-31 00:00:00.000,ZoneC,ZoneA,U033
T352,Car05,2021-10-28 02:00:00.000,ZoneA,ZoneD,U103
T353,Car24,2018-07-10 16:00:00.000,ZoneB,ZoneA,U039
T354,Car03,2020-03-17 22:00:00.000,ZoneC,ZoneA,U132
T355,Car22,2018-01-31 06:00:00.000,ZoneD,ZoneB,U043
T356,Car04,2015-10-27 14:00:00.000,ZoneC,ZoneB,U012
T357,Car27,2021-01-08 09:00:00.000,ZoneC,ZoneC,U127
T358,Car10,2019-11-01 10:00:00.000,ZoneC,ZoneD,U091
T359,Car05,2015-01-09 13:00:00.000,ZoneC,ZoneD,U027
T360,Car22,2020-10-02 16:00:00.000,ZoneA,ZoneB,U099
T361,Car23,2020-04-08 19:00:00.000,ZoneA,ZoneD,U149
T362,Car29,2017-05-09 14:00:00.000,ZoneB,ZoneD,U074
T363,Car08,2016-09-16 14:00:00.000,ZoneA,ZoneD,U038
T364,Car29,2016-10-07 15:00:00.000,ZoneB,ZoneC,U130
T365,Car02,2019-08-16 23:00:00.000,ZoneC,ZoneC,U015
T366,Car06,2019-05-28 08:00:00.000,ZoneA,ZoneC,U029
T367,Car09,2016-02-21 11:00:00.000,ZoneA,ZoneC,U092
T368,Car10,2019-04-30 15:00:00.000,ZoneB,ZoneA,U126
T369,Car09,2016-02-03 08:00:00.000,ZoneB,ZoneC,U100
T370,Car04,2020-06-19 01:00:00.000,ZoneB,ZoneB,U110
T371,Car30,2015-01-28 02:00:00.000,ZoneC,ZoneA,U124
T372,Car19,2016-11-22 21:00:00.000,ZoneC,ZoneB,U048
T373,Car30,2016-08-20 22:00:00.000,ZoneC,ZoneD,U070
T374,Car01,2017-02-21 02:00:00.000,ZoneA,ZoneB,U123
T375,Car07,2020-06-30 22:00:00.000,ZoneA,ZoneD,U031
T376,Car09,2017-01-25 20:00:00.000,ZoneD,ZoneB,U141
T377,Car21,2018-12-04 23:00:00.000,ZoneD,ZoneC,U016
T378,Car09,2019-01-17 17:00:00.000,ZoneB,ZoneA,U124
T379,Car25,2020-02-04 20:00:00.000,ZoneB,ZoneA,U063
T380,Car02,2020-09-21 05:00:00.000,ZoneD,ZoneB,U091
T381,Car06,2018-04-26 21:00:00.000,ZoneB,ZoneA,U024
T382,Car04,2018-02-08 19:00:00.000,ZoneB,ZoneD,U010
T383,Car14,2016-10-17 20:00:00.000,ZoneD,ZoneC,U133
T384,Car17,2019-02-23 09:00:00.000,ZoneD,ZoneD,U021
T385,Car29,2018-06-27 03:00:00.000,ZoneA,ZoneC,U082
T386,Car24,2019-09-19 07:00:00.000,ZoneB,ZoneC,U125
T387,Car06,2017-07-15 11:00:00.000,ZoneC,ZoneD,U098
T388,Car03,2017-09-12 20:00:00.000,ZoneA,ZoneB,U157
T389,Car26,2019-01-27 17:00:00.000,ZoneD,ZoneD,U090
T390,Car23,2021-04-13 14:00:00.000,ZoneA,ZoneA,U040
T391,Car24,2018-03-18 22:00:00.000,ZoneA,ZoneA,U059
T392,Car19,2015-01-06 10:00:00.000,ZoneC,ZoneB,U087
T393,Car06,2020-05-19 20:00:00.000,ZoneB,ZoneB,U011
T394,Car18,2017-10-12 05:00:00.000,ZoneB,ZoneB,U155
T395,Car26,2017-12-22 01:00:00.000,ZoneB,ZoneD,U024
T396,Car25,2020-02-15 01:00:00.000,ZoneB,ZoneB,U112
T397,Car20,2016-03-19 23:00:00.000,ZoneD,ZoneD,U060
T398,Car20,2019-02-17 18:00:00.000,ZoneB,ZoneD,U109
T399,Car16,2020-01-14 09:00:00.000,ZoneA,ZoneA,U060
T400,Car03,2019-04-21 06:00:00.000,ZoneD,ZoneC,U145
T401,Car24,2017-03-22 06:00:00.000,ZoneA,ZoneD,U138
T402,Car08,2021-05-16 17:00:00.000,ZoneD,ZoneB,U116
T403,Car08,2021-03-16 16:00:00.000,ZoneC,ZoneC,U130
T404,Car15,2015-11-18 01:00:00.000,ZoneA,ZoneC,U050
T405,Car22,2021-10-27 16:00:00.000,ZoneA,ZoneD,U113
T406,Car21,2021-08-05 13:00:00.000,ZoneC,ZoneD,U121
T407,Car22,2021-02-24 11:00:00.000,ZoneC,ZoneC,U023
T408,Car17,2017-03-12 11:00:00.000,ZoneA,ZoneA,U042
T409,Car19,2015-03-18 06:00:00.000,ZoneB,ZoneB,U136
T410,Car29,2016-08-25 17:00:00.000,ZoneC,ZoneA,U062
T411,Car29,2016-12-09 18:00:00.000,ZoneA,ZoneD,U151
T412,Car02,2020-07-14 01:00:00.000,ZoneD,ZoneD,U146
T413,Car21,2016-03-17 21:00:00.000,ZoneB,ZoneA,U021
T414,Car26,2016-02-08 08:00:00.000,ZoneA,ZoneB,U022
T415,Car28,2017-02-17 03:00:00.000,ZoneA,ZoneA,U032
T416,Car03,2018-10-11 14:00:00.000,ZoneB,ZoneA,U095
T417,Car30,2015-04-16 00:00:00.000,ZoneD,ZoneA,U072
T418,Car16,2016-02-18 03:00:00.000,ZoneB,ZoneB,U086
T419,Car29,2019-03-24 03:00:00.000,ZoneC,ZoneA,U098
T420,Car27,2019-01-19 14:00:00.000,ZoneC,ZoneA,U028
T421,Car12,2021-11-06 11:00:00.000,ZoneB,ZoneD,U065
T422,Car06,2016-06-30 21:00:00.000,ZoneD,ZoneB,U078
T423,Car14,2018-10-19 12:00:00.000,ZoneB,ZoneC,U162
T424,Car11,2015-11-18 11:00:00.000,ZoneC,ZoneD,U099
T425,Car18,2020-04-03 14:00:00.000,ZoneC,ZoneB,U037
T426,Car08,2015-05-13 07:00:00.000,ZoneD,ZoneC,U109
T427,Car01,2017-01-20 10:00:00.000,ZoneC,ZoneC,U154
T428,Car01,2017-10-29 22:00:00.000,ZoneD,ZoneC,U041
T429,Car21,2021-12-04 19:00:00.000,ZoneC,ZoneC,U123
T430,Car09,2017-05-12 02:00:00.000,ZoneC,ZoneD,U114
T431,Car09,2017-12-12 21:00:00.000,ZoneA,ZoneA,U014
T432,Car30,2016-01-07 01:00:00.000,ZoneA,ZoneC,U137
T433,Car18,2017-03-07 01:00:00.000,ZoneB,ZoneB,U118
T434,Car27,2019-03-14 08:00:00.000,ZoneA,ZoneB,U059
T435,Car14,2021-08-17 20:00:00.000,ZoneD,ZoneA,U133
T436,Car08,2020-12-09 19:00:00.000,ZoneB,ZoneA,U137
T437,Car13,2019-11-19 08:00:00.000,ZoneA,ZoneD,U064
T438,Car18,2017-10-21 19:00:00.000,ZoneC,ZoneA,U010
T439,Car01,2016-02-06 06:00:00.000,ZoneD,ZoneB,U075
T440,Car30,2020-10-02 11:00:00.000,ZoneA,ZoneB,U129
T441,Car15,2018-08-03 20:00:00.000,ZoneA,ZoneB,U012
T442,Car04,2018-01-04 04:00:00.000,ZoneA,ZoneD,U028
T443,Car02,2019-06-14 05:00:00.000,ZoneD,ZoneA,U073
T444,Car09,2021-04-24 20:00:00.000,ZoneA,ZoneA,U136
T445,Car26,2021-12-07 02:00:00.000,ZoneB,ZoneD,U138
T446,Car20,2018-10-17 05:00:00.000,ZoneC,ZoneD,U074
T447,Car07,2019-07-04 20:00:00.000,ZoneA,ZoneA,U073
T448,Car10,2019-11-21 05:00:00.000,ZoneD,ZoneA,U116
T449,Car03,2015-03-13 06:00:00.000,ZoneC,ZoneB,U045
T450,Car08,2017-02-27 03:00:00.000,ZoneB,ZoneA,U149
T451,Car02,2021-02-04 11:00:00.000,ZoneC,ZoneB,U080
T452,Car05,2018-04-23 13:00:00.000,ZoneA,ZoneC,U134
T453,Car10,2021-01-23 09:00:00.000,ZoneC,ZoneC,U029
T454,Car16,2015-09-24 11:00:00.000,ZoneB,ZoneB,U064
T455,Car25,2017-07-04 00:00:00.000,ZoneD,ZoneC,U108
T456,Car22,2016-04-18 03:00:00.000,ZoneD,ZoneC,U132
T457,Car29,2016-06-07 13:00:00.000,ZoneA,ZoneD,U032
T458,Car16,2021-01-26 22:00:00.000,ZoneD,ZoneC,U155
T459,Car26,2021-12-06 11:00:00.000,ZoneA,ZoneB,U117
T460,Car24,2021-08-11 04:00:00.000,ZoneB,ZoneA,U081
T461,Car13,2020-04-24 05:00:00.000,ZoneA,ZoneA,U161
T462,Car07,2021-09-04 08:00:00.000,ZoneC,ZoneB,U046
T463,Car09,2015-12-25 03:00:00.000,ZoneC,ZoneA,U013
T464,Car04,2018-08-29 21:00:00.000,ZoneD,ZoneA,U142
T465,Car04,2018-04-03 13:00:00.000,ZoneB,ZoneD,U092
T466,Car26,2020-03-01 01:00:00.000,ZoneB,ZoneA,U121
T467,Car27,2019-11-22 11:00:00.000,ZoneD,ZoneB,U038
T468,Car05,2019-02-11 12:00:00.000,ZoneC,ZoneB,U156
T469,Car20,2016-09-04 02:00:00.000,ZoneB,ZoneB,U045
T470,Car30,2021-05-14 10:00:00.000,ZoneD,ZoneB,U111
T471,Car07,2018-07-17 08:00:00.000,ZoneA,ZoneC,U027
T472,Car24,2020-12-04 04:00:00.000,ZoneC,ZoneC,U085
T473,Car16,2017-12-31 15:00:00.000,ZoneB,ZoneC,U154
T474,Car19,2020-06-07 19:00:00.000,ZoneA,ZoneC,U111
T475,Car22,2017-06-01 02:00:00.000,ZoneD,ZoneB,U144
T476,Car06,2015-11-13 11:00:00.000,ZoneC,ZoneA,U024
T477,Car28,2016-07-19 05:00:00.000,ZoneC,ZoneD,U057
T478,Car29,2015-04-19 03:00:00.000,ZoneC,ZoneB,U024
T479,Car28,2016-01-06 10:00:00.000,ZoneC,ZoneD,U122
T480,Car19,2018-01-13 08:00:00.000,ZoneA,ZoneD,U158
T481,Car06,2017-08-24 11:00:00.000,ZoneD,ZoneB,U011
T482,Car29,2015-07-19 09:00:00.000,ZoneA,ZoneA,U156
T483,Car07,2018-10-15 13:00:00.000,ZoneB,ZoneB,U023
T484,Car23,2017-10-09 02:00:00.000,ZoneC,ZoneB,U068
T485,Car11,2017-01-29 09:00:00.000,ZoneC,ZoneC,U089
T486,Car17,2017-02-15 21:00:00.000,ZoneB,ZoneA,U053
T487,Car30,2020-08-23 21:00:00.000,ZoneA,ZoneD,U159
T488,Car08,2016-06-12 03:00:00.000,ZoneB,ZoneC,U048
T489,Car15,2017-12-19 03:00:00.000,ZoneA,ZoneD,U038
T490,Car14,2017-07-30 11:00:00.000,ZoneB,ZoneC,U090
T491,Car03,2015-01-21 00:00:00.000,ZoneB,ZoneA,U012
T492,Car13,2021-12-08 03:00:00.000,ZoneB,ZoneD,U154
T493,Car09,2018-07-09 20:00:00.000,ZoneB,ZoneB,U021
T494,Car17,2018-11-26 10:00:00.000,ZoneD,ZoneB,U067
T495,Car05,2015-08-22 18:00:00.000,ZoneB,ZoneC,U070
T496,Car04,2019-11-30 14:00:00.000,ZoneC,ZoneD,U137
T497,Car16,2021-06-05 17:00:00.000,ZoneD,ZoneD,U082
T498,Car18,2019-04-17 12:00:00.000,ZoneA,ZoneC,U156
T499,Car23,2018-01-16 06:00:00.000,ZoneA,ZoneA,U089
T500,Car06,2018-05-18 13:00:00.000,ZoneC,ZoneA,U062
T501,Car21,2016-11-27 06:00:00.000,ZoneA,ZoneB,U049
T502,Car26,2015-12-05 23:00:00.000,ZoneD,ZoneC,U117
T503,Car30,2020-12-07 22:00:00.000,ZoneA,ZoneB,U071
T504,Car09,2016-05-10 15:00:00.000,ZoneD,ZoneD,U126
T505,Car14,2015-10-29 16:00:00.000,ZoneC,ZoneC,U134
T506,Car15,2021-11-22 07:00:00.000,ZoneC,ZoneA,U011
T507,Car21,2016-07-13 19:00:00.000,ZoneD,ZoneA,U142
T508,Car18,2018-01-14 09:00:00.000,ZoneD,ZoneA,U027
T509,Car17,2017-03-29 13:00:00.000,ZoneD,ZoneB,U151
T510,Car23,2018-01-25 15:00:00.000,ZoneB,ZoneD,U128
T511,Car24,2019-06-20 06:00:00.000,ZoneB,ZoneA,U034
T512,Car28,2020-03-24 14:00:00.000,ZoneA,ZoneD,U105
T513,Car22,2016-05-22 22:00:00.000,ZoneC,ZoneD,U081
T514,Car01,2017-11-01 10:00:00.000,ZoneC,ZoneA,U045
T515,Car28,2015-07-13 03:00:00.000,ZoneB,ZoneC,U073
T516,Car01,2016-12-14 03:00:00.000,ZoneB,ZoneD,U056
T517,Car01,2020-12-09 09:00:00.000,ZoneD,ZoneA,U049
T518,Car19,2019-04-26 06:00:00.000,ZoneA,ZoneA,U118
T519,Car22,2018-09-28 16:00:00.000,ZoneC,ZoneC,U121
T520,Car16,2015-06-19 14:00:00.000,ZoneC,ZoneD,U050
T521,Car25,2020-10-02 16:00:00.000,ZoneD,ZoneB,U161
T522,Car11,2015-07-26 06:00:00.000,ZoneA,ZoneC,U103
T523,Car04,2020-04-11 17:00:00.000,ZoneA,ZoneD,U161
T524,Car17,2018-06-24 00:00:00.000,ZoneD,ZoneA,U146
T525,Car09,2018-10-05 18:00:00.000,ZoneD,ZoneC,U048
T526,Car08,2019-08-22 04:00:00.000,ZoneA,ZoneC,U131
T527,Car12,2015-02-16 01:00:00.000,ZoneA,ZoneB,U112
T528,Car02,2020-08-30 08:00:00.000,ZoneC,ZoneD,U085
T529,Car27,2018-07-05 16:00:00.000,ZoneD,ZoneD,U126
T530,Car13,2021-10-24 18:00:00.000,ZoneC,ZoneC,U118
T531,Car28,2019-08-23 05:00:00.000,ZoneD,ZoneC,U111
T532,Car21,2021-03-25 20:00:00.000,ZoneD,ZoneC,U018
T533,Car11,2019-03-04 13:00:00.000,ZoneC,ZoneD,U027
T534,Car30,2016-10-20 23:00:00.000,ZoneA,ZoneD,U036
T535,Car22,2016-12-21 10:00:00.000,ZoneD,ZoneD,U105
T536,Car07,2015-08-23 04:00:00.000,ZoneC,ZoneC,U110
T537,Car29,2016-03-30 19:00:00.000,ZoneD,ZoneC,U151
T538,Car21,2021-06-19 01:00:00.000,ZoneD,ZoneD,U086
T539,Car20,2017-03-14 03:00:00.000,ZoneA,ZoneB,U090
T540,Car06,2019-09-26 14:00:00.000,ZoneD,ZoneB,U029
T541,Car06,2019-11-26 05:00:00.000,ZoneA,ZoneC,U032
T542,Car14,2018-05-10 05:00:00.000,ZoneC,ZoneD,U137
T543,Car22,2015-04-04 18:00:00.000,ZoneC,ZoneD,U066
T544,Car16,2020-03-26 06:00:00.000,ZoneA,ZoneA,U058
T545,Car12,2015-09-19 06:00:00.000,ZoneC,ZoneD,U084
T546,Car23,2016-04-07 22:00:00.000,ZoneD,ZoneA,U041
T547,Car27,2017-07-18 04:00:00.000,ZoneB,ZoneA,U036
T548,Car05,2021-03-16 16:00:00.000,ZoneA,ZoneC,U101
T549,Car01,2015-09-22 19:00:00.000,ZoneC,ZoneB,U077
T550,Car14,2016-06-16 02:00:00.000,ZoneC,ZoneC,U013
T551,Car30,2020-10-09 03:00:00.000,ZoneB,ZoneA,U132
T552,Car23,2020-03-27 02:00:00.000,ZoneC,ZoneC,U143
T553,Car30,2017-12-12 16:00:00.000,ZoneC,ZoneA,U123
T554,Car19,2016-11-20 14:00:00.000,ZoneA,ZoneC,U138
T555,Car11,2018-12-12 21:00:00.000,ZoneA,ZoneC,U045
T556,Car01,2017-06-29 05:00:00.000,ZoneD,ZoneC,U118
T557,Car17,2016-12-08 17:00:00.000,ZoneD,ZoneB,U096
T558,Car09,2015-10-06 23:00:00.000,ZoneA,ZoneC,U081
T559,Car18,2019-07-10 06:00:00.000,ZoneA,ZoneB,U124
T560,Car23,2017-11-15 09:00:00.000,ZoneB,ZoneA,U041
T561,Car16,2015-09-04 21:00:00.000,ZoneD,ZoneD,U082
T562,Car10,2020-07-28 15:00:00.000,ZoneB,ZoneC,U031
T563,Car21,2020-02-11 12:00:00.000,ZoneD,ZoneB,U031
T564,Car14,2021-03-06 16:00:00.000,ZoneC,ZoneD,U011
T565,Car05,2016-01-19 08:00:00.000,ZoneC,ZoneC,U067
T566,Car23,2017-10-27 00:00:00.000,ZoneA,ZoneD,U122
T567,Car27,2019-08-13 05:00:00.000,ZoneA,ZoneC,U040
T568,Car11,2015-09-03 10:00:00.000,ZoneA,ZoneD,U031
T569,Car28,2020-02-21 02:00:00.000,ZoneA,ZoneA,U074
T570,Car21,2020-06-01 18:00:00.000,ZoneB,ZoneA,U156
T571,Car29,2017-12-06 05:00:00.000,ZoneC,ZoneC,U049
T572,Car14,2015-10-13 20:00:00.000,ZoneB,ZoneD,U124
T573,Car23,2020-01-10 00:00:00.000,ZoneC,ZoneB,U121
T574,Car06,2019-11-08 22:00:00.000,ZoneD,ZoneC,U157
T575,Car11,2019-12-01 00:00:00.000,ZoneA,ZoneC,U077
T576,Car20,2020-11-01 16:00:00.000,ZoneA,ZoneA,U101
T577,Car12,2019-12-09 03:00:00.000,ZoneB,ZoneC,U033
T578,Car08,2015-02-18 08:00:00.000,ZoneC,ZoneA,U080
T579,Car16,2020-01-18 18:00:00.000,ZoneC,ZoneB,U154
T580,Car15,2020-09-14 23:00:00.000,ZoneC,ZoneC,U017
T581,Car27,2019-08-21 03:00:00.000,ZoneD,ZoneC,U047
T582,Car27,2019-04-17 07:00:00.000,ZoneD,ZoneD,U091
T583,Car06,2020-11-21 06:00:00.000,ZoneD,ZoneC,U087
T584,Car30,2018-03-16 10:00:00.000,ZoneA,ZoneC,U111
T585,Car10,2015-07-05 05:00:00.000,ZoneB,ZoneB,U137
T586,Car01,2016-01-17 01:00:00.000,ZoneA,ZoneC,U138
T587,Car27,2021-12-04 04:00:00.000,ZoneC,ZoneD,U135
T588,Car26,2015-05-01 15:00:00.000,ZoneC,ZoneD,U126
T589,Car23,2015-11-14 12:00:00.000,ZoneD,ZoneC,U087
T590,Car15,2017-01-12 17:00:00.000,ZoneC,ZoneC,U123
T591,Car19,2021-06-26 13:00:00.000,ZoneD,ZoneC,U100
T592,Car23,2020-02-29 10:00:00.000,ZoneB,ZoneB,U047
T593,Car19,2019-08-04 11:00:00.000,ZoneB,ZoneA,U064
T594,Car19,2021-08-18 01:00:00.000,ZoneA,ZoneC,U045
T595,Car11,2016-04-25 00:00:00.000,ZoneB,ZoneB,U051
T596,Car12,2019-10-03 06:00:00.000,ZoneC,ZoneD,U106
T597,Car13,2020-01-15 00:00:00.000,ZoneC,ZoneA,U070
T598,Car30,2015-06-23 23:00:00.000,ZoneC,ZoneC,U102
T599,Car16,2020-03-21 21:00:00.000,ZoneB,ZoneA,U108
T600,Car01,2017-01-31 06:00:00.000,ZoneA,ZoneB,U140
T601,Car14,2018-11-19 18:00:00.000,ZoneA,ZoneA,U086
T602,Car25,2020-08-25 13:00:00.000,ZoneB,ZoneD,U095
T603,Car12,2015-09-18 10:00:00.000,ZoneD,ZoneA,U091
T604,Car03,2019-12-11 05:00:00.000,ZoneA,ZoneC,U021
T605,Car29,2017-01-20 15:00:00.000,ZoneA,ZoneB,U036
T606,Car14,2021-03-22 12:00:00.000,ZoneA,ZoneB,U151
T607,Car20,2021-10-31 10:00:00.000,ZoneC,ZoneA,U068
T608,Car23,2015-07-03 13:00:00.000,ZoneB,ZoneA,U028
T609,Car01,2019-06-01 07:00:00.000,ZoneD,ZoneA,U059
T610,Car14,2021-06-10 12:00:00.000,ZoneC,ZoneC,U026
T611,Car09,2021-11-01 21:00:00.000,ZoneB,ZoneD,U058
T612,Car13,2019-12-12 21:00:00.000,ZoneD,ZoneC,U073
T613,Car21,2016-08-21 13:00:00.000,ZoneD,ZoneC,U064
T614,Car22,2018-04-07 02:00:00.000,ZoneB,ZoneA,U113
T615,Car26,2017-10-19 07:00:00.000,ZoneB,ZoneC,U087
T616,Car01,2019-08-19 06:00:00.000,ZoneA,ZoneA,U051
T617,Car27,2016-02-07 22:00:00.000,ZoneC,ZoneA,U118
T618,Car14,2015-02-16 06:00:00.000,ZoneA,ZoneD,U120
T619,Car23,2018-12-02 21:00:00.000,ZoneD,ZoneD,U127
T620,Car16,2015-10-06 23:00:00.000,ZoneC,ZoneC,U059
T621,Car14,2021-01-11 22:00:00.000,ZoneD,ZoneC,U025
T622,Car15,2015-11-01 14:00:00.000,ZoneB,ZoneC,U158
T623,Car05,2019-10-15 23:00:00.000,ZoneD,ZoneA,U013
T624,Car20,2021-07-19 06:00:00.000,ZoneA,ZoneB,U088
T625,Car15,2020-07-11 03:00:00.000,ZoneD,ZoneA,U072
T626,Car17,2015-11-12 05:00:00.000,ZoneD,ZoneB,U108
T627,Car27,2020-10-10 09:00:00.000,ZoneA,ZoneB,U099
T628,Car27,2021-07-01 18:00:00.000,ZoneD,ZoneD,U149
T629,Car10,2016-07-17 23:00:00.000,ZoneD,ZoneA,U053
T630,Car28,2017-09-30 03:00:00.000,ZoneB,ZoneA,U068
T631,Car01,2017-02-04 20:00:00.000,ZoneC,ZoneC,U109
T632,Car22,2016-04-30 00:00:00.000,ZoneA,ZoneD,U155
T633,Car23,2015-01-13 02:00:00.000,ZoneB,ZoneB,U136
T634,Car12,2016-12-19 18:00:00.000,ZoneB,ZoneB,U085
T635,Car12,2018-07-30 06:00:00.000,ZoneD,ZoneA,U076
T636,Car08,2021-11-12 12:00:00.000,ZoneC,ZoneA,U018
T637,Car04,2019-05-08 18:00:00.000,ZoneA,ZoneA,U133
T638,Car27,2018-12-21 00:00:00.000,ZoneC,ZoneD,U123
T639,Car30,2018-08-26 23:00:00.000,ZoneC,ZoneB,U036
T640,Car25,2020-08-08 16:00:00.000,ZoneC,ZoneA,U121
T641,Car22,2015-08-11 07:00:00.000,ZoneB,ZoneB,U025
T642,Car22,2020-12-10 20:00:00.000,ZoneA,ZoneA,U049
T644,Car18,2021-04-04 10:00:00.000,ZoneB,ZoneC,U065
T645,Car13,2019-09-20 08:00:00.000,ZoneA,ZoneA,U033
T646,Car26,2017-04-24 14:00:00.000,ZoneD,ZoneB,U127
T647,Car29,2016-08-29 16:00:00.000,ZoneD,ZoneC,U114
T648,Car25,2017-08-12 04:00:00.000,ZoneD,ZoneC,U080
T649,Car26,2016-09-20 08:00:00.000,ZoneB,ZoneC,U151
T650,Car17,2015-03-08 11:00:00.000,ZoneB,ZoneD,U024
T651,Car17,2021-06-18 15:00:00.000,ZoneA,ZoneD,U078
T652,Car13,2020-06-24 06:00:00.000,ZoneA,ZoneD,U037
T653,Car12,2017-02-28 19:00:00.000,ZoneB,ZoneD,U075
T654,Car01,2018-11-13 12:00:00.000,ZoneA,ZoneD,U013
T655,Car11,2019-11-25 14:00:00.000,ZoneC,ZoneB,U051
T656,Car25,2015-01-24 18:00:00.000,ZoneB,ZoneD,U105
T657,Car04,2017-05-21 16:00:00.000,ZoneD,ZoneD,U095
T658,Car04,2020-01-24 14:00:00.000,ZoneC,ZoneC,U151
T659,Car04,2019-04-11 01:00:00.000,ZoneC,ZoneD,U026
T660,Car24,2015-10-25 12:00:00.000,ZoneA,ZoneB,U043
T661,Car20,2017-03-26 05:00:00.000,ZoneC,ZoneC,U102
T662,Car09,2016-06-04 10:00:00.000,ZoneC,ZoneD,U015
T663,Car19,2015-02-24 19:00:00.000,ZoneC,ZoneB,U055
T664,Car06,2017-07-08 14:00:00.000,ZoneD,ZoneA,U105
T665,Car10,2017-07-30 11:00:00.000,ZoneB,ZoneD,U073
T666,Car12,2021-08-31 09:00:00.000,ZoneA,ZoneC,U154
T667,Car12,2016-04-22 17:00:00.000,ZoneA,ZoneD,U071
T668,Car15,2020-11-28 18:00:00.000,ZoneB,ZoneD,U144
T669,Car23,2017-08-14 21:00:00.000,ZoneC,ZoneA,U104
T670,Car25,2015-10-08 15:00:00.000,ZoneD,ZoneC,U027
T671,Car22,2021-09-13 02:00:00.000,ZoneA,ZoneA,U072
T672,Car23,2016-03-14 13:00:00.000,ZoneD,ZoneD,U023
T673,Car10,2018-03-22 06:00:00.000,ZoneC,ZoneD,U140
T674,Car20,2020-05-04 20:00:00.000,ZoneD,ZoneA,U100
T675,Car18,2019-08-30 02:00:00.000,ZoneD,ZoneD,U139
T676,Car20,2015-08-20 21:00:00.000,ZoneA,ZoneA,U084
T677,Car19,2017-02-19 05:00:00.000,ZoneD,ZoneC,U111
T678,Car09,2015-10-15 17:00:00.000,ZoneC,ZoneB,U067
T679,Car27,2015-10-01 08:00:00.000,ZoneC,ZoneD,U143
T680,Car18,2019-03-31 05:00:00.000,ZoneB,ZoneA,U107
T681,Car04,2021-12-02 07:00:00.000,ZoneB,ZoneD,U139
T682,Car20,2018-09-04 07:00:00.000,ZoneC,ZoneD,U082
T683,Car24,2016-08-10 07:00:00.000,ZoneC,ZoneA,U029
T684,Car16,2019-12-05 19:00:00.000,ZoneD,ZoneC,U063
T685,Car13,2017-03-17 06:00:00.000,ZoneC,ZoneB,U128
T686,Car01,2021-04-28 04:00:00.000,ZoneC,ZoneA,U102
T687,Car23,2019-09-15 03:00:00.000,ZoneB,ZoneB,U013
T688,Car12,2021-02-17 09:00:00.000,ZoneB,ZoneC,U056
T689,Car12,2019-03-16 10:00:00.000,ZoneA,ZoneC,U090
T690,Car21,2019-11-02 11:00:00.000,ZoneD,ZoneD,U144
T691,Car02,2016-12-21 10:00:00.000,ZoneD,ZoneC,U015
T692,Car22,2018-10-08 16:00:00.000,ZoneD,ZoneC,U113
T693,Car08,2017-07-25 01:00:00.000,ZoneD,ZoneA,U154
T694,Car11,2021-03-22 22:00:00.000,ZoneA,ZoneB,U036
T695,Car19,2021-05-21 02:00:00.000,ZoneC,ZoneA,U143
T696,Car20,2017-10-16 09:00:00.000,ZoneB,ZoneB,U107
T697,Car17,2018-06-12 13:00:00.000,ZoneC,ZoneA,U099
T698,Car16,2020-05-27 13:00:00.000,ZoneD,ZoneD,U023
T699,Car08,2020-04-14 10:00:00.000,ZoneC,ZoneD,U159
T700,Car30,2021-07-24 16:00:00.000,ZoneA,ZoneC,U092
T701,Car10,2020-10-11 20:00:00.000,ZoneC,ZoneD,U141
T702,Car24,2019-06-23 19:00:00.000,ZoneD,ZoneD,U096
T703,Car15,2020-03-08 23:00:00.000,ZoneA,ZoneD,U023
T704,Car07,2021-02-02 09:00:00.000,ZoneB,ZoneD,U067
T705,Car12,2015-08-17 03:00:00.000,ZoneD,ZoneC,U125
T706,Car29,2017-07-16 02:00:00.000,ZoneA,ZoneB,U111
T707,Car27,2019-01-25 05:00:00.000,ZoneB,ZoneA,U074
T708,Car13,2018-08-29 11:00:00.000,ZoneB,ZoneB,U039
T709,Car07,2021-12-13 03:00:00.000,ZoneA,ZoneC,U025
T710,Car04,2020-08-07 15:00:00.000,ZoneD,ZoneD,U036
T711,Car26,2017-11-08 02:00:00.000,ZoneB,ZoneB,U161
T1582,Car02,2020-01-26 01:00:00.000,ZoneD,ZoneB,U140
T1583,Car21,2019-03-16 10:00:00.000,ZoneA,ZoneD,U123
T1584,Car03,2017-07-03 09:00:00.000,ZoneC,ZoneD,U118
T1585,Car11,2017-12-16 15:00:00.000,ZoneA,ZoneB,U120
T1586,Car16,2021-07-19 11:00:00.000,ZoneA,ZoneD,U134
T1587,Car09,2019-01-24 09:00:00.000,ZoneA,ZoneD,U013
T1588,Car24,2018-04-17 22:00:00.000,ZoneC,ZoneB,U033
T1589,Car21,2021-10-28 17:00:00.000,ZoneA,ZoneD,U073
T1590,Car03,2017-09-20 03:00:00.000,ZoneC,ZoneB,U100
T1591,Car10,2015-12-30 03:00:00.000,ZoneB,ZoneB,U072
T1592,Car23,2017-10-10 23:00:00.000,ZoneC,ZoneD,U034
T1593,Car08,2016-11-04 03:00:00.000,ZoneD,ZoneC,U012
T1594,Car11,2017-12-09 13:00:00.000,ZoneC,ZoneA,U092
T1595,Car17,2016-02-15 20:00:00.000,ZoneB,ZoneB,U138
T1596,Car30,2018-01-26 06:00:00.000,ZoneA,ZoneB,U016
T1597,Car25,2016-10-19 02:00:00.000,ZoneC,ZoneC,U075
T1598,Car13,2021-03-08 18:00:00.000,ZoneA,ZoneD,U132
T1599,Car14,2017-10-18 16:00:00.000,ZoneC,ZoneC,U134
T1600,Car26,2019-11-27 11:00:00.000,ZoneA,ZoneC,U030
T1601,Car24,2018-09-25 03:00:00.000,ZoneA,ZoneA,U047
T1602,Car19,2016-12-25 19:00:00.000,ZoneA,ZoneD,U117
T1603,Car04,2020-03-01 06:00:00.000,ZoneC,ZoneA,U025
T1604,Car09,2018-02-05 11:00:00.000,ZoneC,ZoneD,U117
T1605,Car28,2020-05-18 04:00:00.000,ZoneB,ZoneB,U129
T1606,Car22,2021-05-22 18:00:00.000,ZoneA,ZoneA,U102
T1607,Car20,2019-12-21 15:00:00.000,ZoneB,ZoneB,U128
T1608,Car09,2018-04-05 00:00:00.000,ZoneA,ZoneC,U086
T1609,Car13,2019-11-17 21:00:00.000,ZoneA,ZoneD,U050
T1610,Car29,2016-10-07 10:00:00.000,ZoneD,ZoneC,U095
T1611,Car29,2018-07-12 03:00:00.000,ZoneB,ZoneD,U027
T1612,Car28,2016-02-05 20:00:00.000,ZoneD,ZoneD,U127
T1613,Car28,2020-04-07 13:00:00.000,ZoneD,ZoneC,U121
T1614,Car14,2015-12-04 17:00:00.000,ZoneC,ZoneB,U121
T1615,Car20,2016-11-15 19:00:00.000,ZoneC,ZoneB,U137
T1616,Car20,2017-04-16 01:00:00.000,ZoneB,ZoneB,U079
T1617,Car27,2017-04-09 04:00:00.000,ZoneC,ZoneA,U034
T1618,Car06,2021-08-09 22:00:00.000,ZoneD,ZoneC,U158
T1619,Car20,2018-06-08 04:00:00.000,ZoneC,ZoneB,U151
T1620,Car17,2016-03-07 11:00:00.000,ZoneD,ZoneD,U023
T1621,Car12,2017-03-20 14:00:00.000,ZoneC,ZoneB,U134
T1622,Car08,2017-03-22 01:00:00.000,ZoneC,ZoneA,U067
T1623,Car19,2017-04-26 11:00:00.000,ZoneA,ZoneC,U035
T1624,Car27,2020-01-28 13:00:00.000,ZoneB,ZoneC,U067
T1625,Car14,2020-08-11 04:00:00.000,ZoneB,ZoneB,U049
T1626,Car02,2017-03-04 08:00:00.000,ZoneA,ZoneA,U054
T1627,Car17,2021-06-06 23:00:00.000,ZoneB,ZoneC,U146
T1628,Car19,2017-05-31 21:00:00.000,ZoneB,ZoneD,U020
T1629,Car01,2021-12-03 13:00:00.000,ZoneA,ZoneD,U064
T1630,Car29,2020-03-14 09:00:00.000,ZoneD,ZoneC,U071
T1631,Car26,2019-11-05 19:00:00.000,ZoneA,ZoneC,U011
T1632,Car20,2016-08-26 08:00:00.000,ZoneA,ZoneC,U077
T1633,Car24,2020-08-22 05:00:00.000,ZoneD,ZoneD,U132
T1634,Car10,2016-10-28 06:00:00.000,ZoneA,ZoneA,U074
T1635,Car17,2021-12-21 06:00:00.000,ZoneC,ZoneC,U038
T1636,Car29,2020-11-07 22:00:00.000,ZoneA,ZoneC,U120
T1637,Car06,2019-09-16 09:00:00.000,ZoneB,ZoneC,U132
T1638,Car10,2015-03-29 17:00:00.000,ZoneB,ZoneA,U092
T1639,Car25,2021-01-03 14:00:00.000,ZoneB,ZoneC,U112
T1640,Car19,2017-11-21 15:00:00.000,ZoneD,ZoneC,U067
T1641,Car22,2019-10-09 02:00:00.000,ZoneA,ZoneB,U136
T1642,Car01,2021-05-31 02:00:00.000,ZoneC,ZoneC,U011
T1643,Car01,2018-10-21 14:00:00.000,ZoneB,ZoneC,U048
T1644,Car27,2015-11-30 08:00:00.000,ZoneB,ZoneC,U043
T1645,Car24,2019-06-25 11:00:00.000,ZoneC,ZoneB,U090
T1646,Car29,2015-12-17 05:00:00.000,ZoneB,ZoneD,U131
T1647,Car27,2019-09-11 04:00:00.000,ZoneA,ZoneD,U087
T1648,Car24,2019-08-18 20:00:00.000,ZoneD,ZoneA,U040
T1649,Car23,2021-07-18 15:00:00.000,ZoneA,ZoneA,U155
T1650,Car09,2017-04-14 19:00:00.000,ZoneA,ZoneB,U049
T1651,Car13,2017-03-23 22:00:00.000,ZoneB,ZoneA,U076
T1652,Car14,2017-12-11 20:00:00.000,ZoneD,ZoneB,U026
T1653,Car14,2016-04-18 08:00:00.000,ZoneA,ZoneD,U082
T1654,Car10,2015-11-21 09:00:00.000,ZoneB,ZoneB,U085
T1655,Car10,2021-09-24 18:00:00.000,ZoneB,ZoneC,U107
T1656,Car27,2016-09-09 02:00:00.000,ZoneA,ZoneB,U093
T1657,Car27,2020-05-24 10:00:00.000,ZoneD,ZoneA,U092
T1658,Car11,2018-05-30 10:00:00.000,ZoneC,ZoneC,U105
T1659,Car24,2017-05-27 17:00:00.000,ZoneD,ZoneD,U139
T1660,Car27,2019-02-16 07:00:00.000,ZoneA,ZoneD,U104
T1661,Car30,2021-10-14 08:00:00.000,ZoneA,ZoneD,U135
T1662,Car29,2018-01-21 01:00:00.000,ZoneB,ZoneB,U144
T1663,Car21,2015-06-18 13:00:00.000,ZoneA,ZoneD,U031
T1664,Car16,2020-01-13 23:00:00.000,ZoneC,ZoneB,U050
T1665,Car04,2016-06-05 21:00:00.000,ZoneC,ZoneB,U154
T1666,Car10,2017-03-27 01:00:00.000,ZoneC,ZoneA,U131
T1667,Car18,2017-11-04 23:00:00.000,ZoneB,ZoneA,U064
T1668,Car07,2016-04-17 12:00:00.000,ZoneB,ZoneB,U015
T1669,Car22,2020-12-13 03:00:00.000,ZoneC,ZoneC,U040
T1670,Car19,2021-08-30 23:00:00.000,ZoneD,ZoneA,U101
T1671,Car02,2020-11-12 17:00:00.000,ZoneC,ZoneC,U149
T1672,Car05,2018-10-27 10:00:00.000,ZoneD,ZoneC,U032
T1673,Car08,2018-01-22 17:00:00.000,ZoneB,ZoneC,U042
T1674,Car23,2021-09-17 01:00:00.000,ZoneB,ZoneD,U095
T1675,Car25,2017-06-19 10:00:00.000,ZoneC,ZoneB,U024
T1676,Car06,2017-07-28 14:00:00.000,ZoneC,ZoneA,U083
T1677,Car22,2020-03-29 04:00:00.000,ZoneD,ZoneA,U015
T1678,Car05,2016-08-24 21:00:00.000,ZoneB,ZoneA,U092
T1679,Car24,2015-10-11 23:00:00.000,ZoneB,ZoneA,U025
T1680,Car20,2016-10-03 06:00:00.000,ZoneA,ZoneC,U055
T1681,Car03,2017-06-04 20:00:00.000,ZoneC,ZoneC,U074
T1682,Car22,2015-03-13 01:00:00.000,ZoneA,ZoneC,U079
T1683,Car20,2021-01-21 17:00:00.000,ZoneA,ZoneB,U117
T1684,Car06,2015-12-18 01:00:00.000,ZoneB,ZoneA,U083
T1685,Car25,2020-05-30 21:00:00.000,ZoneC,ZoneA,U042
T1686,Car20,2017-06-01 02:00:00.000,ZoneA,ZoneB,U158
T1687,Car29,2018-05-27 07:00:00.000,ZoneD,ZoneB,U117
T1688,Car25,2020-05-18 04:00:00.000,ZoneA,ZoneB,U063
T1689,Car03,2020-12-27 22:00:00.000,ZoneD,ZoneC,U072
T1690,Car25,2018-03-23 17:00:00.000,ZoneD,ZoneA,U065
T1691,Car21,2018-01-21 01:00:00.000,ZoneC,ZoneA,U044
T1692,Car22,2017-01-17 22:00:00.000,ZoneB,ZoneC,U141
T1693,Car17,2016-08-26 23:00:00.000,ZoneD,ZoneC,U016
T1694,Car21,2021-11-23 23:00:00.000,ZoneD,ZoneB,U160
T1695,Car30,2021-08-22 20:00:00.000,ZoneB,ZoneB,U011
T1696,Car20,2018-01-26 06:00:00.000,ZoneC,ZoneB,U089
T1697,Car25,2018-07-01 02:00:00.000,ZoneC,ZoneB,U162
T1698,Car27,2020-08-07 20:00:00.000,ZoneD,ZoneD,U156
T1699,Car19,2017-08-13 20:00:00.000,ZoneC,ZoneA,U042
T1700,Car05,2021-03-20 20:00:00.000,ZoneA,ZoneA,U153
T1701,Car22,2021-10-29 13:00:00.000,ZoneB,ZoneC,U014
T1702,Car24,2017-07-02 13:00:00.000,ZoneC,ZoneB,U076
T1703,Car01,2018-02-25 16:00:00.000,ZoneB,ZoneA,U129
T1704,Car24,2019-06-24 00:00:00.000,ZoneB,ZoneD,U150
T1705,Car11,2016-03-19 03:00:00.000,ZoneB,ZoneD,U140
T1706,Car19,2020-10-10 19:00:00.000,ZoneD,ZoneC,U015
T1707,Car17,2015-08-10 11:00:00.000,ZoneD,ZoneB,U041
T1708,Car15,2021-02-25 02:00:00.000,ZoneB,ZoneA,U095
T1709,Car25,2016-07-03 04:00:00.000,ZoneC,ZoneB,U048
T1710,Car08,2020-11-12 22:00:00.000,ZoneD,ZoneB,U048
T1711,Car25,2017-05-06 16:00:00.000,ZoneD,ZoneD,U062
T1712,Car12,2020-12-20 00:00:00.000,ZoneC,ZoneA,U107
T1713,Car05,2016-02-10 10:00:00.000,ZoneC,ZoneD,U044
T1714,Car24,2015-12-30 23:00:00.000,ZoneC,ZoneD,U142
T1715,Car12,2016-01-22 11:00:00.000,ZoneA,ZoneB,U036
T1716,Car09,2016-03-09 08:00:00.000,ZoneA,ZoneD,U130
T1717,Car29,2021-12-21 16:00:00.000,ZoneD,ZoneC,U072
T1718,Car23,2020-12-06 11:00:00.000,ZoneB,ZoneC,U148
T1719,Car27,2016-04-11 16:00:00.000,ZoneC,ZoneA,U014
T1720,Car03,2019-12-28 17:00:00.000,ZoneC,ZoneA,U053
T1721,Car23,2020-02-05 11:00:00.000,ZoneD,ZoneC,U079
T1722,Car26,2016-06-25 01:00:00.000,ZoneD,ZoneC,U095
T1723,Car26,2017-09-27 20:00:00.000,ZoneB,ZoneB,U036
T1724,Car15,2015-09-07 19:00:00.000,ZoneC,ZoneD,U099
T1725,Car25,2019-04-20 00:00:00.000,ZoneB,ZoneD,U153
T1726,Car27,2016-04-08 23:00:00.000,ZoneD,ZoneC,U162
T1727,Car14,2020-04-14 20:00:00.000,ZoneD,ZoneB,U035
T1728,Car07,2019-01-01 06:00:00.000,ZoneB,ZoneD,U075
T1729,Car12,2021-01-02 18:00:00.000,ZoneC,ZoneA,U051
T1730,Car03,2021-09-11 05:00:00.000,ZoneB,ZoneA,U067
T1731,Car15,2015-07-31 16:00:00.000,ZoneC,ZoneB,U087
T1732,Car13,2016-11-13 12:00:00.000,ZoneC,ZoneB,U056
T1733,Car11,2018-12-05 09:00:00.000,ZoneB,ZoneD,U081
T1734,Car30,2018-10-08 16:00:00.000,ZoneB,ZoneB,U012
T1735,Car18,2018-07-07 18:00:00.000,ZoneB,ZoneC,U095
T1736,Car04,2016-03-13 02:00:00.000,ZoneC,ZoneA,U049
T1737,Car30,2019-12-18 12:00:00.000,ZoneB,ZoneA,U110
T1738,Car18,2021-01-10 01:00:00.000,ZoneB,ZoneC,U081
T1739,Car18,2018-05-28 08:00:00.000,ZoneA,ZoneB,U128
T1740,Car01,2016-08-14 16:00:00.000,ZoneC,ZoneB,U079
T1741,Car09,2021-03-09 14:00:00.000,ZoneA,ZoneA,U150
T1742,Car25,2016-07-25 06:00:00.000,ZoneA,ZoneA,U097
T1743,Car25,2019-09-06 19:00:00.000,ZoneC,ZoneD,U113
T1744,Car05,2016-07-21 12:00:00.000,ZoneA,ZoneC,U138
T1745,Car18,2015-04-11 05:00:00.000,ZoneB,ZoneC,U054
T1746,Car23,2021-09-26 00:00:00.000,ZoneD,ZoneA,U011
T1747,Car18,2019-01-11 16:00:00.000,ZoneB,ZoneC,U107
T1748,Car23,2018-02-10 16:00:00.000,ZoneD,ZoneD,U112
T1749,Car09,2019-04-25 00:00:00.000,ZoneB,ZoneA,U070
T1750,Car25,2017-12-03 02:00:00.000,ZoneC,ZoneC,U129
T1751,Car30,2021-03-07 02:00:00.000,ZoneA,ZoneD,U103
T1752,Car11,2017-06-05 16:00:00.000,ZoneB,ZoneB,U124
T1753,Car27,2015-09-26 18:00:00.000,ZoneD,ZoneC,U048
T1754,Car30,2020-09-22 01:00:00.000,ZoneB,ZoneA,U014
T1755,Car29,2018-01-03 03:00:00.000,ZoneB,ZoneB,U111
T1756,Car11,2015-11-01 19:00:00.000,ZoneA,ZoneC,U073
T1757,Car15,2020-03-17 17:00:00.000,ZoneC,ZoneD,U143
T1758,Car07,2019-11-30 19:00:00.000,ZoneB,ZoneC,U153
T1759,Car25,2020-01-16 06:00:00.000,ZoneB,ZoneD,U061
T1760,Car01,2019-06-20 11:00:00.000,ZoneA,ZoneA,U108
T1761,Car08,2020-11-23 08:00:00.000,ZoneC,ZoneA,U013
T1762,Car10,2020-05-28 09:00:00.000,ZoneC,ZoneB,U128
T1763,Car01,2017-03-28 17:00:00.000,ZoneB,ZoneD,U083
T1764,Car20,2019-05-26 01:00:00.000,ZoneA,ZoneB,U018
T1765,Car23,2020-11-06 06:00:00.000,ZoneD,ZoneA,U126
T1766,Car11,2017-07-10 11:00:00.000,ZoneB,ZoneB,U106
T1767,Car17,2015-12-07 20:00:00.000,ZoneB,ZoneA,U152
T1768,Car12,2015-03-24 17:00:00.000,ZoneD,ZoneA,U118
T1770,Car09,2017-10-04 02:00:00.000,ZoneA,ZoneB,U125
T1771,Car25,2019-05-23 18:00:00.000,ZoneB,ZoneB,U120
T1772,Car05,2019-10-21 04:00:00.000,ZoneC,ZoneC,U104
T1773,Car25,2018-03-17 06:00:00.000,ZoneB,ZoneC,U083
T1774,Car05,2016-03-27 21:00:00.000,ZoneD,ZoneD,U089
T1775,Car18,2015-04-15 04:00:00.000,ZoneC,ZoneA,U025
T1776,Car12,2015-03-27 10:00:00.000,ZoneA,ZoneC,U122
T1777,Car20,2020-09-22 01:00:00.000,ZoneD,ZoneC,U128
T1778,Car07,2017-08-25 07:00:00.000,ZoneC,ZoneA,U014
T1779,Car27,2018-02-05 11:00:00.000,ZoneB,ZoneB,U152
T1780,Car24,2019-03-09 13:00:00.000,ZoneA,ZoneB,U110
T1781,Car14,2019-09-01 09:00:00.000,ZoneB,ZoneD,U015
T1782,Car28,2020-05-15 06:00:00.000,ZoneD,ZoneC,U123
T1783,Car04,2015-06-06 21:00:00.000,ZoneC,ZoneB,U035
T1784,Car23,2016-03-30 14:00:00.000,ZoneB,ZoneC,U136
T1785,Car24,2019-02-11 07:00:00.000,ZoneA,ZoneC,U129
T1786,Car18,2019-08-20 22:00:00.000,ZoneB,ZoneC,U119
T1787,Car30,2018-05-30 10:00:00.000,ZoneD,ZoneB,U013
T1788,Car30,2020-03-22 07:00:00.000,ZoneC,ZoneB,U144
T1789,Car20,2019-10-11 19:00:00.000,ZoneA,ZoneA,U066
T1790,Car15,2020-11-08 08:00:00.000,ZoneD,ZoneA,U132
T1791,Car03,2019-02-06 02:00:00.000,ZoneC,ZoneC,U113
T1792,Car30,2018-12-23 12:00:00.000,ZoneB,ZoneC,U142
T1793,Car28,2018-06-23 14:00:00.000,ZoneA,ZoneA,U072
T1794,Car06,2017-10-12 10:00:00.000,ZoneB,ZoneC,U101
T1795,Car29,2020-10-12 16:00:00.000,ZoneC,ZoneB,U025
T1796,Car30,2016-06-29 00:00:00.000,ZoneA,ZoneC,U083
T1797,Car23,2021-01-07 13:00:00.000,ZoneC,ZoneA,U111
T1798,Car30,2021-12-04 19:00:00.000,ZoneC,ZoneC,U131
T1799,Car16,2018-02-25 11:00:00.000,ZoneD,ZoneD,U035
T1800,Car04,2020-12-19 04:00:00.000,ZoneA,ZoneA,U094
T1801,Car19,2020-09-22 06:00:00.000,ZoneA,ZoneA,U037
T1802,Car24,2018-08-26 23:00:00.000,ZoneD,ZoneB,U051
T1803,Car09,2021-12-05 10:00:00.000,ZoneA,ZoneB,U086
T1804,Car13,2015-08-12 08:00:00.000,ZoneC,ZoneA,U151
T1805,Car09,2015-11-08 21:00:00.000,ZoneC,ZoneD,U043
T1806,Car03,2020-01-11 16:00:00.000,ZoneA,ZoneA,U159
T1807,Car12,2020-04-20 01:00:00.000,ZoneC,ZoneB,U118
T1808,Car21,2020-01-02 22:00:00.000,ZoneB,ZoneC,U064
T1809,Car24,2016-10-16 19:00:00.000,ZoneC,ZoneC,U116
T1810,Car02,2015-02-14 09:00:00.000,ZoneB,ZoneC,U064
T1811,Car22,2016-08-03 00:00:00.000,ZoneC,ZoneA,U010
T1812,Car09,2017-04-06 06:00:00.000,ZoneB,ZoneD,U132
T1813,Car09,2018-09-17 05:00:00.000,ZoneB,ZoneA,U051
T1814,Car28,2019-09-04 22:00:00.000,ZoneA,ZoneB,U088
T1815,Car07,2021-05-19 10:00:00.000,ZoneD,ZoneD,U070
T1816,Car06,2015-10-31 23:00:00.000,ZoneC,ZoneD,U066
T1817,Car09,2021-11-21 01:00:00.000,ZoneA,ZoneB,U162
T1818,Car18,2021-05-30 11:00:00.000,ZoneA,ZoneB,U042
T1819,Car12,2018-12-29 03:00:00.000,ZoneD,ZoneD,U113
T1820,Car18,2016-11-25 09:00:00.000,ZoneC,ZoneA,U049
T1821,Car27,2015-04-03 07:00:00.000,ZoneB,ZoneA,U079
T1822,Car21,2017-05-27 17:00:00.000,ZoneD,ZoneD,U051
T1823,Car12,2019-09-13 21:00:00.000,ZoneD,ZoneC,U157
T1824,Car22,2017-12-23 22:00:00.000,ZoneD,ZoneD,U033
T1825,Car12,2020-09-26 15:00:00.000,ZoneD,ZoneD,U117
T1826,Car08,2016-07-20 01:00:00.000,ZoneB,ZoneD,U103
T1827,Car14,2018-03-11 10:00:00.000,ZoneD,ZoneB,U065
T1828,Car21,2015-04-15 14:00:00.000,ZoneB,ZoneB,U029
T1829,Car16,2015-06-04 09:00:00.000,ZoneC,ZoneD,U116
T1830,Car18,2021-05-31 12:00:00.000,ZoneD,ZoneB,U137
T1831,Car24,2016-05-16 01:00:00.000,ZoneD,ZoneB,U138
T1832,Car20,2020-01-01 11:00:00.000,ZoneC,ZoneC,U046
T1833,Car25,2017-09-20 08:00:00.000,ZoneD,ZoneA,U142
T1834,Car24,2019-05-05 20:00:00.000,ZoneD,ZoneB,U144
T1835,Car22,2017-02-19 05:00:00.000,ZoneC,ZoneC,U156
T1836,Car13,2015-01-03 17:00:00.000,ZoneD,ZoneA,U024
T1837,Car25,2019-09-09 07:00:00.000,ZoneA,ZoneA,U089
T1838,Car20,2020-09-25 14:00:00.000,ZoneA,ZoneA,U025
T1839,Car11,2015-09-03 15:00:00.000,ZoneD,ZoneC,U084
T1840,Car20,2019-01-28 18:00:00.000,ZoneC,ZoneD,U050
T1841,Car08,2017-07-16 07:00:00.000,ZoneB,ZoneB,U077
T1842,Car23,2018-04-21 11:00:00.000,ZoneA,ZoneD,U077
T1843,Car30,2017-12-24 13:00:00.000,ZoneA,ZoneA,U130
T1844,Car22,2019-02-08 14:00:00.000,ZoneD,ZoneC,U014
T1845,Car08,2016-12-07 21:00:00.000,ZoneB,ZoneA,U114
T1846,Car22,2021-08-14 07:00:00.000,ZoneA,ZoneC,U138
T1847,Car07,2018-08-14 06:00:00.000,ZoneC,ZoneC,U073
T1848,Car22,2021-09-24 13:00:00.000,ZoneB,ZoneA,U023
T1849,Car09,2015-11-11 04:00:00.000,ZoneB,ZoneC,U143
T1850,Car21,2018-09-07 20:00:00.000,ZoneD,ZoneA,U058
T1851,Car18,2018-04-26 11:00:00.000,ZoneA,ZoneA,U046
T1852,Car04,2019-05-16 06:00:00.000,ZoneC,ZoneA,U017
T1853,Car24,2020-06-29 01:00:00.000,ZoneD,ZoneA,U022
T1854,Car16,2016-04-05 00:00:00.000,ZoneD,ZoneD,U127
T1855,Car04,2021-05-26 17:00:00.000,ZoneC,ZoneC,U111
T1856,Car15,2015-09-26 03:00:00.000,ZoneA,ZoneA,U113
T1857,Car01,2016-07-28 19:00:00.000,ZoneC,ZoneD,U071
T1858,Car03,2015-10-26 23:00:00.000,ZoneB,ZoneA,U037
T1859,Car18,2020-02-03 04:00:00.000,ZoneA,ZoneD,U158
T1860,Car08,2015-07-22 22:00:00.000,ZoneB,ZoneC,U050
T1861,Car04,2016-05-05 10:00:00.000,ZoneA,ZoneA,U085
T1862,Car10,2017-05-06 11:00:00.000,ZoneA,ZoneD,U085
T1863,Car02,2021-06-04 06:00:00.000,ZoneC,ZoneC,U069
T1864,Car25,2017-09-13 11:00:00.000,ZoneC,ZoneB,U066
T1865,Car06,2018-08-19 01:00:00.000,ZoneA,ZoneB,U065
T1866,Car22,2019-06-19 05:00:00.000,ZoneB,ZoneC,U017
T1867,Car03,2016-09-14 02:00:00.000,ZoneB,ZoneB,U087
T1868,Car01,2018-11-22 11:00:00.000,ZoneD,ZoneB,U127
T1869,Car03,2021-09-11 10:00:00.000,ZoneB,ZoneB,U136
T1870,Car02,2017-11-16 20:00:00.000,ZoneC,ZoneC,U068
T1871,Car26,2015-03-04 22:00:00.000,ZoneA,ZoneC,U018
T1872,Car28,2015-04-24 23:00:00.000,ZoneD,ZoneC,U055
T1873,Car13,2021-08-14 17:00:00.000,ZoneD,ZoneB,U138
T1874,Car09,2019-01-09 14:00:00.000,ZoneC,ZoneD,U105
T1875,Car18,2019-08-16 03:00:00.000,ZoneA,ZoneD,U160
T1876,Car21,2021-07-17 04:00:00.000,ZoneD,ZoneC,U056
T1877,Car23,2017-12-16 20:00:00.000,ZoneC,ZoneA,U027
T1878,Car23,2020-07-19 16:00:00.000,ZoneD,ZoneB,U044
T1879,Car13,2020-05-11 07:00:00.000,ZoneA,ZoneD,U056
T1880,Car24,2019-02-08 09:00:00.000,ZoneC,ZoneB,U155
T1881,Car08,2019-11-21 20:00:00.000,ZoneA,ZoneB,U049
T1882,Car03,2021-12-04 19:00:00.000,ZoneD,ZoneA,U055
T1883,Car09,2018-01-03 13:00:00.000,ZoneD,ZoneC,U096
T1884,Car03,2016-11-24 03:00:00.000,ZoneB,ZoneC,U036
T1885,Car26,2015-05-02 06:00:00.000,ZoneD,ZoneB,U110
T1886,Car15,2017-09-03 16:00:00.000,ZoneD,ZoneD,U013
T1887,Car03,2021-08-08 01:00:00.000,ZoneA,ZoneD,U013
T1888,Car24,2019-09-10 18:00:00.000,ZoneA,ZoneA,U052
T1889,Car15,2019-06-05 11:00:00.000,ZoneB,ZoneB,U080
T1890,Car20,2015-07-10 10:00:00.000,ZoneD,ZoneC,U141
T1891,Car01,2018-04-25 05:00:00.000,ZoneB,ZoneC,U025
T1892,Car06,2019-11-20 19:00:00.000,ZoneC,ZoneC,U143
T1894,Car23,2018-06-18 19:00:00.000,ZoneC,ZoneB,U162
T1895,Car22,2018-07-31 07:00:00.000,ZoneA,ZoneA,U094
T1896,Car29,2019-05-09 09:00:00.000,ZoneB,ZoneA,U130
T1897,Car27,2021-01-24 05:00:00.000,ZoneC,ZoneB,U057
T1898,Car15,2017-12-31 10:00:00.000,ZoneA,ZoneA,U086
T1899,Car05,2015-07-30 05:00:00.000,ZoneC,ZoneC,U129
T1900,Car27,2020-07-25 17:00:00.000,ZoneD,ZoneB,U105
T1901,Car20,2016-11-26 15:00:00.000,ZoneB,ZoneD,U060
T1902,Car02,2016-11-08 07:00:00.000,ZoneC,ZoneC,U032
T1903,Car09,2020-05-13 04:00:00.000,ZoneA,ZoneD,U141
T1904,Car03,2021-05-09 05:00:00.000,ZoneB,ZoneD,U131
T1905,Car02,2015-12-25 23:00:00.000,ZoneD,ZoneC,U097
T1906,Car02,2021-01-10 16:00:00.000,ZoneB,ZoneA,U104
T1907,Car04,2016-05-13 18:00:00.000,ZoneA,ZoneC,U019
T1908,Car02,2016-09-22 00:00:00.000,ZoneD,ZoneA,U064
T1909,Car25,2017-05-31 21:00:00.000,ZoneA,ZoneD,U145
T1910,Car10,2015-10-19 21:00:00.000,ZoneD,ZoneD,U064
T1911,Car06,2020-07-04 06:00:00.000,ZoneA,ZoneB,U055
T1912,Car23,2018-01-07 07:00:00.000,ZoneC,ZoneB,U063
T1913,Car12,2019-08-26 18:00:00.000,ZoneA,ZoneA,U040
T1914,Car08,2015-08-25 16:00:00.000,ZoneC,ZoneB,U055
T1915,Car27,2016-07-16 22:00:00.000,ZoneC,ZoneC,U134
T1916,Car06,2019-03-02 01:00:00.000,ZoneA,ZoneD,U075
T1917,Car16,2019-01-21 11:00:00.000,ZoneC,ZoneB,U140
T1918,Car01,2019-03-03 12:00:00.000,ZoneB,ZoneB,U122
T1919,Car01,2018-05-02 22:00:00.000,ZoneC,ZoneB,U104
T1920,Car15,2016-02-08 18:00:00.000,ZoneA,ZoneB,U029
T1921,Car05,2016-08-30 17:00:00.000,ZoneD,ZoneD,U027
T1922,Car13,2021-11-03 13:00:00.000,ZoneC,ZoneD,U040
T1923,Car19,2015-09-04 16:00:00.000,ZoneD,ZoneC,U115
T1924,Car26,2020-01-31 16:00:00.000,ZoneA,ZoneC,U081
T1925,Car20,2015-12-03 16:00:00.000,ZoneB,ZoneA,U099
T1926,Car19,2016-08-05 17:00:00.000,ZoneD,ZoneC,U106
T1927,Car06,2016-04-25 10:00:00.000,ZoneD,ZoneD,U150
T1928,Car10,2015-01-30 04:00:00.000,ZoneB,ZoneA,U026
T1929,Car09,2015-01-15 04:00:00.000,ZoneD,ZoneD,U153
T1930,Car14,2017-02-22 23:00:00.000,ZoneB,ZoneB,U047
T1931,Car02,2020-03-02 22:00:00.000,ZoneC,ZoneD,U091
T1932,Car04,2019-03-12 01:00:00.000,ZoneB,ZoneC,U112
T1933,Car24,2017-02-14 10:00:00.000,ZoneD,ZoneA,U022
T1934,Car24,2020-02-16 17:00:00.000,ZoneD,ZoneD,U035
T1935,Car07,2018-11-10 04:00:00.000,ZoneA,ZoneB,U050
T1936,Car06,2020-01-31 16:00:00.000,ZoneD,ZoneA,U132
T1937,Car24,2019-01-02 07:00:00.000,ZoneB,ZoneD,U072
T1938,Car18,2015-07-13 03:00:00.000,ZoneC,ZoneA,U103
T1939,Car15,2015-02-03 08:00:00.000,ZoneB,ZoneB,U146
T1940,Car02,2017-03-08 17:00:00.000,ZoneB,ZoneD,U024
T1941,Car27,2017-02-11 07:00:00.000,ZoneC,ZoneA,U097
T1942,Car23,2021-01-06 17:00:00.000,ZoneC,ZoneA,U024
T1943,Car03,2015-04-18 02:00:00.000,ZoneB,ZoneD,U116
T1944,Car14,2017-09-12 00:00:00.000,ZoneA,ZoneC,U038
T1945,Car09,2020-12-11 21:00:00.000,ZoneA,ZoneB,U069
T1946,Car23,2015-10-21 13:00:00.000,ZoneC,ZoneA,U144
T1947,Car15,2019-09-10 13:00:00.000,ZoneA,ZoneB,U129
T1948,Car16,2017-07-09 00:00:00.000,ZoneC,ZoneB,U028
T1949,Car18,2020-11-20 15:00:00.000,ZoneA,ZoneA,U136
T1950,Car03,2017-02-13 04:00:00.000,ZoneB,ZoneB,U035
T1951,Car13,2015-08-05 21:00:00.000,ZoneB,ZoneD,U033
T1952,Car29,2016-11-14 13:00:00.000,ZoneB,ZoneD,U016
T1953,Car21,2015-09-24 06:00:00.000,ZoneC,ZoneA,U036
T1954,Car14,2018-04-15 15:00:00.000,ZoneB,ZoneA,U119
T1955,Car01,2018-06-12 18:00:00.000,ZoneD,ZoneD,U138
T1956,Car23,2017-04-30 20:00:00.000,ZoneA,ZoneD,U046
T1957,Car05,2021-12-30 05:00:00.000,ZoneA,ZoneB,U064
T1958,Car07,2021-03-31 16:00:00.000,ZoneA,ZoneC,U024
T1959,Car22,2021-06-17 04:00:00.000,ZoneD,ZoneA,U103
T1960,Car27,2018-08-27 04:00:00.000,ZoneC,ZoneA,U065
T1961,Car03,2015-11-13 01:00:00.000,ZoneD,ZoneD,U063
T1962,Car09,2015-06-02 17:00:00.000,ZoneA,ZoneD,U120
T1963,Car17,2020-10-07 21:00:00.000,ZoneC,ZoneD,U050
T1964,Car10,2019-09-02 05:00:00.000,ZoneA,ZoneA,U130
T1965,Car04,2021-05-19 00:00:00.000,ZoneB,ZoneC,U128
T1966,Car25,2017-05-27 07:00:00.000,ZoneB,ZoneC,U062
T1967,Car10,2021-05-17 08:00:00.000,ZoneB,ZoneA,U147
T1968,Car10,2021-09-20 09:00:00.000,ZoneC,ZoneD,U026
T1969,Car14,2021-05-26 17:00:00.000,ZoneC,ZoneB,U070
T1970,Car12,2017-03-08 22:00:00.000,ZoneC,ZoneB,U019
T1971,Car12,2016-02-14 09:00:00.000,ZoneD,ZoneD,U014
T1972,Car25,2015-02-19 14:00:00.000,ZoneD,ZoneD,U056
T1973,Car20,2018-07-30 06:00:00.000,ZoneB,ZoneC,U100
T1974,Car22,2020-04-02 08:00:00.000,ZoneC,ZoneB,U017
T1975,Car15,2019-12-17 01:00:00.000,ZoneB,ZoneB,U060
T1976,Car12,2015-04-23 12:00:00.000,ZoneC,ZoneD,U144
T1977,Car09,2018-02-11 12:00:00.000,ZoneC,ZoneA,U118
T1978,Car18,2019-12-09 08:00:00.000,ZoneA,ZoneC,U070
T1979,Car17,2020-01-06 21:00:00.000,ZoneD,ZoneD,U059
T1980,Car20,2021-09-29 13:00:00.000,ZoneB,ZoneB,U070
T1981,Car16,2016-12-14 23:00:00.000,ZoneD,ZoneC,U056
T1982,Car13,2021-10-24 23:00:00.000,ZoneD,ZoneB,U013
T1983,Car08,2016-06-07 18:00:00.000,ZoneA,ZoneD,U072
T1984,Car13,2015-09-13 00:00:00.000,ZoneD,ZoneA,U157
T1985,Car24,2016-06-17 23:00:00.000,ZoneA,ZoneB,U017
T1986,Car28,2017-07-15 21:00:00.000,ZoneA,ZoneB,U075
T1987,Car01,2019-07-22 13:00:00.000,ZoneD,ZoneD,U146
T1988,Car21,2019-05-14 19:00:00.000,ZoneD,ZoneB,U102
T1989,Car29,2017-12-28 22:00:00.000,ZoneD,ZoneA,U136
T1990,Car02,2020-06-10 17:00:00.000,ZoneC,ZoneC,U087
T1991,Car18,2015-04-13 22:00:00.000,ZoneD,ZoneD,U102
T1992,Car05,2015-09-25 22:00:00.000,ZoneB,ZoneC,U066
T1993,Car23,2016-09-04 07:00:00.000,ZoneB,ZoneA,U158
T1994,Car05,2017-09-25 13:00:00.000,ZoneB,ZoneD,U072
T1995,Car26,2021-01-24 10:00:00.000,ZoneB,ZoneB,U151
T1996,Car04,2016-10-11 14:00:00.000,ZoneC,ZoneB,U051
T1997,Car05,2015-10-28 20:00:00.000,ZoneC,ZoneA,U106
T1998,Car13,2016-09-14 02:00:00.000,ZoneD,ZoneC,U022
T1999,Car09,2015-12-29 22:00:00.000,ZoneA,ZoneB,U072
T2000,Car05,2020-10-28 02:00:00.000,ZoneB,ZoneA,U036
T2001,Car10,2021-06-23 15:00:00.000,ZoneC,ZoneC,U071
T2002,Car01,2017-10-05 08:00:00.000,ZoneB,ZoneB,U114
T2003,Car15,2020-10-06 10:00:00.000,ZoneA,ZoneB,U087
T2004,Car21,2019-05-17 22:00:00.000,ZoneB,ZoneA,U070
T2005,Car17,2021-06-04 16:00:00.000,ZoneD,ZoneB,U138
T2006,Car17,2017-09-01 04:00:00.000,ZoneD,ZoneC,U114
T2007,Car30,2015-02-01 21:00:00.000,ZoneB,ZoneD,U154
T2008,Car14,2020-03-13 08:00:00.000,ZoneA,ZoneB,U134
T2009,Car13,2020-10-11 15:00:00.000,ZoneD,ZoneB,U020
T2010,Car28,2017-12-29 23:00:00.000,ZoneA,ZoneC,U131
T2011,Car12,2019-01-15 00:00:00.000,ZoneA,ZoneA,U142
T2012,Car01,2016-02-12 12:00:00.000,ZoneD,ZoneA,U026
T2013,Car18,2018-11-16 20:00:00.000,ZoneC,ZoneA,U071
T2014,Car08,2021-02-17 09:00:00.000,ZoneC,ZoneA,U013
T2015,Car23,2019-08-03 20:00:00.000,ZoneB,ZoneA,U048
T2016,Car04,2016-10-14 22:00:00.000,ZoneC,ZoneC,U122
T2017,Car29,2018-09-13 11:00:00.000,ZoneD,ZoneB,U114
T2018,Car22,2019-10-14 07:00:00.000,ZoneD,ZoneB,U130
T2019,Car08,2020-01-21 16:00:00.000,ZoneC,ZoneC,U068
T2020,Car17,2017-07-04 15:00:00.000,ZoneB,ZoneB,U160
T2021,Car14,2021-05-25 16:00:00.000,ZoneA,ZoneC,U153
T2022,Car03,2016-08-02 19:00:00.000,ZoneA,ZoneB,U021
T2023,Car13,2018-12-20 04:00:00.000,ZoneB,ZoneB,U077
T2024,Car23,2019-09-08 21:00:00.000,ZoneB,ZoneB,U158
T2025,Car09,2021-05-01 17:00:00.000,ZoneB,ZoneD,U159
T2026,Car27,2015-11-19 07:00:00.000,ZoneD,ZoneA,U057
T2027,Car15,2020-02-09 05:00:00.000,ZoneA,ZoneD,U022
T2028,Car13,2015-06-20 20:00:00.000,ZoneA,ZoneD,U121
T2029,Car25,2020-03-11 21:00:00.000,ZoneC,ZoneC,U116
T2030,Car24,2016-09-29 07:00:00.000,ZoneB,ZoneB,U076
T2031,Car11,2016-03-05 09:00:00.000,ZoneC,ZoneC,U060
T2032,Car30,2020-07-06 23:00:00.000,ZoneC,ZoneC,U066
T2033,Car09,2017-10-27 15:00:00.000,ZoneC,ZoneD,U043
T2034,Car14,2017-01-21 01:00:00.000,ZoneB,ZoneB,U041
T2035,Car06,2015-06-11 21:00:00.000,ZoneA,ZoneD,U154
T2036,Car04,2016-03-01 15:00:00.000,ZoneA,ZoneC,U057
T2037,Car22,2021-07-28 05:00:00.000,ZoneA,ZoneC,U077
T2038,Car27,2017-12-25 19:00:00.000,ZoneA,ZoneC,U026
T2039,Car26,2017-11-15 04:00:00.000,ZoneC,ZoneA,U021
T2040,Car20,2016-07-01 02:00:00.000,ZoneA,ZoneA,U117
T2041,Car02,2017-09-26 14:00:00.000,ZoneB,ZoneD,U027
T2042,Car28,2016-05-09 09:00:00.000,ZoneA,ZoneD,U158
T2043,Car06,2021-08-24 22:00:00.000,ZoneD,ZoneD,U159
T2044,Car28,2016-07-27 13:00:00.000,ZoneB,ZoneA,U147
T2045,Car25,2020-09-13 17:00:00.000,ZoneB,ZoneC,U061
T2046,Car06,2021-12-26 16:00:00.000,ZoneA,ZoneD,U118
T2047,Car28,2021-09-27 16:00:00.000,ZoneD,ZoneC,U072
T2048,Car15,2020-01-14 14:00:00.000,ZoneA,ZoneC,U112
T2049,Car17,2017-11-07 01:00:00.000,ZoneD,ZoneC,U075
T2050,Car27,2020-05-28 14:00:00.000,ZoneC,ZoneD,U125
T2051,Car12,2018-07-05 06:00:00.000,ZoneC,ZoneD,U101
T2052,Car23,2016-12-19 18:00:00.000,ZoneA,ZoneD,U075
T2053,Car04,2016-09-02 10:00:00.000,ZoneB,ZoneB,U086
T2054,Car11,2015-06-30 00:00:00.000,ZoneB,ZoneB,U148
T2055,Car01,2015-08-22 23:00:00.000,ZoneB,ZoneC,U015
T2056,Car22,2020-08-12 20:00:00.000,ZoneD,ZoneB,U101
T2057,Car20,2015-01-12 11:00:00.000,ZoneA,ZoneB,U149
T2058,Car22,2020-04-17 03:00:00.000,ZoneC,ZoneC,U155
T2059,Car14,2017-01-27 02:00:00.000,ZoneA,ZoneC,U112
T2060,Car15,2016-02-21 06:00:00.000,ZoneA,ZoneA,U078
T2061,Car26,2016-09-03 16:00:00.000,ZoneA,ZoneD,U156
T2062,Car09,2015-08-10 21:00:00.000,ZoneA,ZoneD,U071
T2063,Car20,2015-04-18 17:00:00.000,ZoneB,ZoneD,U101
T2064,Car08,2020-10-06 20:00:00.000,ZoneD,ZoneB,U029
T2065,Car22,2015-03-10 18:00:00.000,ZoneD,ZoneB,U068
T2066,Car28,2019-04-27 22:00:00.000,ZoneD,ZoneC,U046
T2067,Car23,2016-01-11 20:00:00.000,ZoneC,ZoneA,U022
T2068,Car19,2016-03-06 15:00:00.000,ZoneA,ZoneD,U137
T2069,Car04,2019-03-07 21:00:00.000,ZoneD,ZoneC,U014
T2070,Car22,2015-06-23 08:00:00.000,ZoneD,ZoneA,U083
T2071,Car06,2016-01-06 10:00:00.000,ZoneD,ZoneC,U150
T2072,Car08,2019-02-13 04:00:00.000,ZoneC,ZoneA,U129
T2073,Car11,2018-02-21 17:00:00.000,ZoneB,ZoneD,U076
T2074,Car07,2015-03-02 00:00:00.000,ZoneD,ZoneB,U064
T2075,Car11,2015-09-06 03:00:00.000,ZoneA,ZoneA,U059
T2076,Car21,2018-08-20 17:00:00.000,ZoneC,ZoneD,U054
T2077,Car10,2016-04-17 22:00:00.000,ZoneB,ZoneC,U049
T2078,Car28,2015-06-21 21:00:00.000,ZoneC,ZoneC,U157
T2079,Car08,2016-07-03 19:00:00.000,ZoneA,ZoneC,U100
T2080,Car08,2019-09-28 21:00:00.000,ZoneD,ZoneB,U070
T2081,Car16,2019-12-01 10:00:00.000,ZoneC,ZoneC,U136
T2082,Car11,2016-09-17 20:00:00.000,ZoneB,ZoneA,U093
T2083,Car04,2017-09-23 11:00:00.000,ZoneD,ZoneD,U078
T2084,Car17,2017-08-10 17:00:00.000,ZoneA,ZoneA,U108
T2085,Car25,2019-02-06 22:00:00.000,ZoneA,ZoneD,U012
T2086,Car09,2020-06-02 19:00:00.000,ZoneC,ZoneA,U155
T2087,Car09,2017-04-22 12:00:00.000,ZoneD,ZoneD,U101
T2088,Car10,2019-01-31 11:00:00.000,ZoneB,ZoneD,U056
T2089,Car17,2021-10-29 08:00:00.000,ZoneD,ZoneB,U075
T2090,Car17,2021-07-05 17:00:00.000,ZoneA,ZoneB,U138
T2091,Car24,2016-02-01 21:00:00.000,ZoneC,ZoneA,U050
T2092,Car07,2017-12-26 20:00:00.000,ZoneC,ZoneA,U134
T2093,Car19,2020-06-30 22:00:00.000,ZoneB,ZoneD,U034
T2094,Car26,2021-09-21 15:00:00.000,ZoneD,ZoneD,U018
T2095,Car06,2018-02-12 03:00:00.000,ZoneC,ZoneB,U028
T2096,Car15,2018-12-17 16:00:00.000,ZoneC,ZoneA,U069
T2097,Car23,2021-01-11 02:00:00.000,ZoneC,ZoneB,U099
T2098,Car21,2021-11-21 21:00:00.000,ZoneD,ZoneA,U109
T2099,Car16,2021-06-16 18:00:00.000,ZoneC,ZoneC,U051
T2100,Car24,2020-06-02 04:00:00.000,ZoneC,ZoneA,U024
T2101,Car03,2020-01-29 14:00:00.000,ZoneD,ZoneB,U047
T2102,Car07,2015-12-08 06:00:00.000,ZoneA,ZoneC,U056
T2103,Car11,2021-09-21 20:00:00.000,ZoneC,ZoneC,U103
T2104,Car20,2019-01-22 22:00:00.000,ZoneD,ZoneA,U088
T2105,Car23,2020-01-04 04:00:00.000,ZoneC,ZoneA,U028
T2106,Car20,2016-01-22 21:00:00.000,ZoneD,ZoneD,U061
T2107,Car09,2021-01-17 03:00:00.000,ZoneB,ZoneD,U045
T2108,Car07,2020-02-08 19:00:00.000,ZoneC,ZoneB,U160
T2109,Car27,2017-11-18 22:00:00.000,ZoneA,ZoneC,U127
T2110,Car23,2020-05-31 02:00:00.000,ZoneB,ZoneC,U106
T2111,Car16,2015-01-05 19:00:00.000,ZoneB,ZoneD,U023
T2112,Car13,2021-05-17 23:00:00.000,ZoneD,ZoneD,U131
T2113,Car25,2017-07-10 21:00:00.000,ZoneC,ZoneB,U117
T2114,Car07,2021-01-05 01:00:00.000,ZoneB,ZoneA,U035
T2115,Car18,2019-09-12 00:00:00.000,ZoneC,ZoneA,U137
T2116,Car25,2019-08-27 14:00:00.000,ZoneC,ZoneB,U033
T2117,Car17,2015-08-20 11:00:00.000,ZoneD,ZoneC,U138
T2119,Car24,2015-03-30 23:00:00.000,ZoneA,ZoneC,U146
T2120,Car25,2019-09-04 17:00:00.000,ZoneD,ZoneD,U010
T2121,Car13,2020-01-21 16:00:00.000,ZoneD,ZoneD,U126
T2122,Car24,2019-02-26 02:00:00.000,ZoneC,ZoneB,U105
T2123,Car07,2020-07-18 00:00:00.000,ZoneD,ZoneD,U157
T2124,Car22,2016-12-11 00:00:00.000,ZoneB,ZoneD,U155
T2125,Car18,2015-06-08 23:00:00.000,ZoneA,ZoneD,U128
T2126,Car22,2020-03-26 01:00:00.000,ZoneB,ZoneD,U072
T2127,Car02,2015-12-20 03:00:00.000,ZoneA,ZoneC,U156
T2128,Car13,2020-04-22 08:00:00.000,ZoneB,ZoneA,U122
T2129,Car03,2015-11-06 14:00:00.000,ZoneC,ZoneC,U074
T2130,Car13,2020-06-30 12:00:00.000,ZoneA,ZoneD,U095
T2131,Car28,2021-04-20 16:00:00.000,ZoneB,ZoneA,U055
T2132,Car07,2019-09-04 17:00:00.000,ZoneA,ZoneD,U103
T2133,Car14,2016-05-28 23:00:00.000,ZoneD,ZoneD,U031
T2134,Car26,2016-03-28 22:00:00.000,ZoneA,ZoneD,U051
T2135,Car20,2019-04-14 14:00:00.000,ZoneC,ZoneA,U140
T2136,Car09,2016-02-18 23:00:00.000,ZoneA,ZoneA,U149
T2137,Car12,2019-08-15 12:00:00.000,ZoneD,ZoneD,U068
T2138,Car25,2017-04-06 21:00:00.000,ZoneB,ZoneD,U031
T2139,Car20,2019-01-08 23:00:00.000,ZoneC,ZoneC,U159
T2140,Car08,2015-10-18 10:00:00.000,ZoneA,ZoneD,U100
T2141,Car17,2016-10-08 01:00:00.000,ZoneC,ZoneD,U118
T2142,Car04,2017-04-18 13:00:00.000,ZoneB,ZoneC,U136
T2143,Car25,2019-09-27 05:00:00.000,ZoneC,ZoneC,U016
T2144,Car05,2019-08-26 23:00:00.000,ZoneC,ZoneC,U084
T2145,Car08,2016-11-26 10:00:00.000,ZoneA,ZoneA,U103
T2146,Car24,2021-04-19 15:00:00.000,ZoneD,ZoneD,U040
T2147,Car14,2017-03-13 07:00:00.000,ZoneD,ZoneD,U029
T2148,Car21,2020-04-28 09:00:00.000,ZoneD,ZoneB,U047
T2149,Car16,2020-10-06 10:00:00.000,ZoneC,ZoneA,U077
T2150,Car11,2016-01-07 21:00:00.000,ZoneA,ZoneC,U042
T2151,Car17,2020-08-19 22:00:00.000,ZoneA,ZoneA,U069
T2152,Car12,2016-05-20 20:00:00.000,ZoneA,ZoneA,U065
T2153,Car14,2018-03-20 14:00:00.000,ZoneA,ZoneA,U109
T2154,Car16,2021-11-10 05:00:00.000,ZoneC,ZoneA,U062
T2155,Car05,2021-02-05 17:00:00.000,ZoneB,ZoneC,U123
T2156,Car25,2017-03-04 08:00:00.000,ZoneD,ZoneC,U095
T2157,Car01,2019-09-22 10:00:00.000,ZoneB,ZoneC,U049
T2158,Car15,2015-12-21 14:00:00.000,ZoneC,ZoneA,U031
T2159,Car16,2020-06-24 01:00:00.000,ZoneA,ZoneD,U096
T2160,Car17,2016-05-30 10:00:00.000,ZoneB,ZoneB,U127
T2161,Car16,2018-10-03 16:00:00.000,ZoneD,ZoneA,U125
T2162,Car21,2017-11-27 06:00:00.000,ZoneC,ZoneC,U073
T2163,Car19,2021-04-19 20:00:00.000,ZoneD,ZoneA,U084
T2164,Car03,2020-02-09 10:00:00.000,ZoneB,ZoneB,U096
T2165,Car28,2021-10-28 07:00:00.000,ZoneB,ZoneD,U160
T2166,Car02,2017-02-17 23:00:00.000,ZoneC,ZoneA,U029
T2167,Car30,2021-07-21 18:00:00.000,ZoneC,ZoneB,U133
T2168,Car28,2015-08-25 06:00:00.000,ZoneA,ZoneA,U081
T2169,Car22,2019-02-01 07:00:00.000,ZoneB,ZoneD,U072
T2170,Car26,2018-03-06 20:00:00.000,ZoneA,ZoneA,U054
T2171,Car29,2021-09-11 05:00:00.000,ZoneB,ZoneB,U061
T2172,Car11,2019-10-29 12:00:00.000,ZoneB,ZoneC,U129
T2173,Car03,2019-08-25 12:00:00.000,ZoneC,ZoneC,U154
T2174,Car09,2016-06-03 14:00:00.000,ZoneB,ZoneC,U060
T2175,Car24,2017-07-28 14:00:00.000,ZoneB,ZoneB,U096
T2176,Car11,2020-11-30 00:00:00.000,ZoneD,ZoneA,U086
T2177,Car07,2018-07-08 14:00:00.000,ZoneA,ZoneD,U118
T2178,Car23,2017-05-24 19:00:00.000,ZoneD,ZoneD,U029
T2179,Car15,2019-12-07 21:00:00.000,ZoneB,ZoneD,U113
T2180,Car09,2020-02-18 09:00:00.000,ZoneB,ZoneD,U026
T2181,Car21,2016-02-16 11:00:00.000,ZoneA,ZoneC,U100
T2182,Car25,2021-02-23 05:00:00.000,ZoneB,ZoneD,U145
T2183,Car22,2016-12-31 05:00:00.000,ZoneA,ZoneD,U128
T2184,Car11,2019-10-22 00:00:00.000,ZoneC,ZoneC,U146
T2185,Car18,2020-05-04 15:00:00.000,ZoneC,ZoneB,U147
T2186,Car20,2015-08-15 21:00:00.000,ZoneC,ZoneA,U051
T2187,Car15,2019-04-05 15:00:00.000,ZoneA,ZoneB,U133
T2188,Car07,2020-11-14 14:00:00.000,ZoneA,ZoneD,U074
T2189,Car23,2020-02-29 20:00:00.000,ZoneB,ZoneC,U070
T2190,Car25,2017-06-13 09:00:00.000,ZoneA,ZoneC,U093
T2191,Car04,2018-11-18 22:00:00.000,ZoneD,ZoneB,U106
T2192,Car17,2017-11-07 06:00:00.000,ZoneC,ZoneB,U142
T2193,Car22,2020-11-07 22:00:00.000,ZoneA,ZoneA,U123
T2194,Car29,2018-04-01 16:00:00.000,ZoneD,ZoneC,U012
T2195,Car11,2018-12-06 15:00:00.000,ZoneC,ZoneB,U145
T2196,Car05,2017-05-31 16:00:00.000,ZoneD,ZoneB,U088
T2197,Car18,2015-03-31 14:00:00.000,ZoneA,ZoneC,U107
T2198,Car12,2020-02-06 02:00:00.000,ZoneC,ZoneA,U015
T2199,Car21,2021-07-31 18:00:00.000,ZoneC,ZoneC,U062
T2200,Car21,2017-11-06 10:00:00.000,ZoneC,ZoneB,U075
T2201,Car04,2018-07-27 08:00:00.000,ZoneB,ZoneA,U142
T2202,Car24,2021-01-17 13:00:00.000,ZoneB,ZoneC,U044
T2203,Car15,2016-05-17 17:00:00.000,ZoneC,ZoneA,U138
T2204,Car27,2017-06-27 23:00:00.000,ZoneC,ZoneC,U047
T2205,Car02,2019-05-31 16:00:00.000,ZoneD,ZoneB,U142
T2206,Car20,2018-02-08 04:00:00.000,ZoneC,ZoneD,U136
T2207,Car20,2020-04-13 19:00:00.000,ZoneB,ZoneC,U080
T2208,Car16,2018-04-16 01:00:00.000,ZoneB,ZoneD,U144
T2209,Car18,2015-10-11 23:00:00.000,ZoneD,ZoneB,U097
T2210,Car13,2016-04-20 05:00:00.000,ZoneD,ZoneD,U096
T2211,Car25,2016-11-01 20:00:00.000,ZoneA,ZoneB,U055
T2212,Car04,2015-04-28 12:00:00.000,ZoneA,ZoneC,U053
T2213,Car14,2021-04-27 08:00:00.000,ZoneD,ZoneB,U054
T2214,Car20,2021-02-12 19:00:00.000,ZoneA,ZoneC,U128
T2215,Car03,2019-05-18 08:00:00.000,ZoneB,ZoneD,U020
T2216,Car20,2018-06-24 05:00:00.000,ZoneB,ZoneC,U063
T2217,Car26,2021-06-28 20:00:00.000,ZoneA,ZoneD,U055
T2218,Car25,2016-12-20 19:00:00.000,ZoneD,ZoneB,U115
T2219,Car15,2016-08-14 06:00:00.000,ZoneD,ZoneB,U026
T2220,Car22,2016-09-22 00:00:00.000,ZoneC,ZoneA,U152
T2221,Car11,2017-06-04 15:00:00.000,ZoneA,ZoneB,U021
T2222,Car28,2015-10-27 14:00:00.000,ZoneA,ZoneB,U037
T2223,Car20,2017-10-08 06:00:00.000,ZoneD,ZoneC,U043
T2224,Car23,2018-12-15 19:00:00.000,ZoneD,ZoneB,U052
T2225,Car10,2018-07-14 20:00:00.000,ZoneC,ZoneA,U044
T2226,Car21,2017-03-29 08:00:00.000,ZoneA,ZoneB,U106
T2227,Car14,2020-04-09 10:00:00.000,ZoneD,ZoneC,U128
T2228,Car27,2019-05-13 23:00:00.000,ZoneD,ZoneA,U069
T2229,Car19,2019-02-24 00:00:00.000,ZoneC,ZoneD,U125
T2230,Car18,2018-02-08 19:00:00.000,ZoneD,ZoneC,U106
T2231,Car26,2016-02-04 04:00:00.000,ZoneA,ZoneC,U023
T2232,Car29,2021-03-19 19:00:00.000,ZoneA,ZoneA,U112
T2233,Car08,2018-07-09 15:00:00.000,ZoneC,ZoneA,U162
T2234,Car01,2016-02-14 19:00:00.000,ZoneB,ZoneC,U083
T2235,Car22,2021-04-16 02:00:00.000,ZoneB,ZoneC,U069
T2236,Car11,2018-07-05 16:00:00.000,ZoneA,ZoneD,U042
T2237,Car13,2020-09-21 20:00:00.000,ZoneC,ZoneA,U028
T2238,Car08,2018-03-12 16:00:00.000,ZoneD,ZoneA,U154
T2239,Car01,2015-10-28 15:00:00.000,ZoneC,ZoneC,U090
T2240,Car09,2017-08-01 03:00:00.000,ZoneA,ZoneB,U122
T2241,Car19,2021-03-01 06:00:00.000,ZoneD,ZoneC,U028
T2242,Car13,2015-06-10 00:00:00.000,ZoneD,ZoneD,U094
T2243,Car15,2019-11-21 20:00:00.000,ZoneA,ZoneB,U120
T2244,Car22,2018-08-08 20:00:00.000,ZoneD,ZoneD,U068
T2245,Car21,2016-07-03 04:00:00.000,ZoneA,ZoneB,U019
T2246,Car09,2021-01-07 18:00:00.000,ZoneD,ZoneD,U126
T2247,Car25,2015-10-03 00:00:00.000,ZoneA,ZoneC,U119
T2248,Car25,2016-03-14 03:00:00.000,ZoneC,ZoneC,U057
T2249,Car09,2019-01-15 10:00:00.000,ZoneC,ZoneC,U139
T2250,Car22,2015-08-31 22:00:00.000,ZoneC,ZoneC,U011
T2251,Car10,2020-11-30 10:00:00.000,ZoneA,ZoneC,U062
T2252,Car11,2021-12-14 04:00:00.000,ZoneB,ZoneA,U099
T2253,Car04,2018-03-18 12:00:00.000,ZoneC,ZoneB,U119
T2254,Car28,2019-06-27 23:00:00.000,ZoneA,ZoneB,U093
T2255,Car02,2018-02-17 03:00:00.000,ZoneB,ZoneB,U148
T2256,Car26,2018-01-19 04:00:00.000,ZoneA,ZoneB,U148
T2257,Car26,2019-04-08 13:00:00.000,ZoneD,ZoneA,U042
T2258,Car20,2019-11-02 16:00:00.000,ZoneD,ZoneA,U137
T2259,Car13,2016-05-06 06:00:00.000,ZoneC,ZoneB,U151
T2260,Car06,2015-07-25 15:00:00.000,ZoneB,ZoneC,U022
T2261,Car23,2017-05-23 13:00:00.000,ZoneB,ZoneC,U092
T2262,Car24,2019-09-12 05:00:00.000,ZoneC,ZoneD,U119
T2263,Car29,2021-03-14 09:00:00.000,ZoneC,ZoneA,U117
T2264,Car16,2017-11-22 06:00:00.000,ZoneB,ZoneD,U130
T2265,Car29,2018-07-07 13:00:00.000,ZoneB,ZoneC,U073
T2266,Car06,2019-09-18 01:00:00.000,ZoneA,ZoneA,U049
T2267,Car11,2016-02-25 15:00:00.000,ZoneA,ZoneA,U038
T2268,Car25,2018-11-24 08:00:00.000,ZoneA,ZoneC,U106
T2269,Car09,2016-06-24 15:00:00.000,ZoneA,ZoneD,U148
T2270,Car03,2015-02-04 09:00:00.000,ZoneC,ZoneA,U117
T2271,Car24,2015-03-04 17:00:00.000,ZoneD,ZoneA,U109
T2272,Car19,2015-12-26 09:00:00.000,ZoneD,ZoneB,U116
T889,Car29,2020-03-19 04:00:00.000,ZoneA,ZoneC,U136
T890,Car15,2019-01-22 02:00:00.000,ZoneC,ZoneB,U055
T891,Car24,2021-04-15 11:00:00.000,ZoneA,ZoneC,U018
T892,Car22,2021-11-14 09:00:00.000,ZoneB,ZoneA,U126
T893,Car22,2019-08-09 06:00:00.000,ZoneD,ZoneD,U094
T894,Car29,2020-04-04 00:00:00.000,ZoneB,ZoneB,U145
T895,Car12,2020-10-02 01:00:00.000,ZoneB,ZoneA,U010
T896,Car15,2015-07-26 06:00:00.000,ZoneC,ZoneD,U024
T897,Car06,2020-10-22 06:00:00.000,ZoneD,ZoneA,U093
T898,Car02,2015-09-16 03:00:00.000,ZoneC,ZoneB,U035
T899,Car10,2016-06-19 20:00:00.000,ZoneC,ZoneA,U045
T900,Car22,2018-08-21 23:00:00.000,ZoneA,ZoneA,U117
T901,Car21,2015-12-12 15:00:00.000,ZoneC,ZoneA,U134
T902,Car21,2015-10-06 13:00:00.000,ZoneA,ZoneA,U033
T903,Car14,2021-07-27 14:00:00.000,ZoneB,ZoneA,U015
T904,Car08,2020-05-05 16:00:00.000,ZoneC,ZoneD,U096
T905,Car28,2021-04-21 02:00:00.000,ZoneC,ZoneB,U150
T906,Car17,2017-06-21 22:00:00.000,ZoneD,ZoneB,U108
T907,Car05,2016-03-15 09:00:00.000,ZoneD,ZoneD,U076
T908,Car14,2018-02-22 23:00:00.000,ZoneA,ZoneA,U160
T909,Car26,2017-11-05 19:00:00.000,ZoneB,ZoneC,U100
T910,Car03,2020-09-18 07:00:00.000,ZoneB,ZoneC,U077
T911,Car11,2019-11-28 07:00:00.000,ZoneD,ZoneC,U022
T912,Car18,2020-06-19 06:00:00.000,ZoneA,ZoneD,U065
T913,Car20,2021-11-22 22:00:00.000,ZoneC,ZoneD,U085
T914,Car05,2020-04-20 16:00:00.000,ZoneB,ZoneC,U150
T915,Car30,2018-03-08 02:00:00.000,ZoneA,ZoneA,U065
T916,Car28,2015-12-12 20:00:00.000,ZoneB,ZoneC,U056
T917,Car27,2017-07-25 16:00:00.000,ZoneA,ZoneA,U020
T918,Car17,2018-02-19 15:00:00.000,ZoneD,ZoneB,U155
T919,Car15,2017-11-22 21:00:00.000,ZoneD,ZoneA,U047
T920,Car21,2016-08-30 17:00:00.000,ZoneA,ZoneA,U145
T921,Car22,2019-07-23 14:00:00.000,ZoneA,ZoneC,U035
T922,Car17,2021-05-15 01:00:00.000,ZoneA,ZoneA,U108
T923,Car25,2015-07-08 18:00:00.000,ZoneA,ZoneD,U125
T924,Car22,2017-05-27 02:00:00.000,ZoneA,ZoneB,U063
T925,Car20,2016-06-02 13:00:00.000,ZoneB,ZoneD,U031
T926,Car27,2021-03-20 20:00:00.000,ZoneD,ZoneA,U158
T927,Car16,2017-11-09 18:00:00.000,ZoneB,ZoneA,U032
T928,Car12,2015-03-22 15:00:00.000,ZoneA,ZoneC,U060
T929,Car28,2020-02-08 04:00:00.000,ZoneB,ZoneB,U050
T930,Car26,2019-09-28 01:00:00.000,ZoneD,ZoneC,U116
T931,Car10,2021-06-13 15:00:00.000,ZoneD,ZoneC,U036
T932,Car15,2020-04-22 08:00:00.000,ZoneB,ZoneB,U110
T933,Car08,2018-05-24 19:00:00.000,ZoneC,ZoneD,U137
T934,Car12,2015-01-16 15:00:00.000,ZoneB,ZoneA,U133
T935,Car28,2020-09-03 12:00:00.000,ZoneC,ZoneD,U120
T936,Car22,2019-03-28 12:00:00.000,ZoneB,ZoneD,U142
T937,Car06,2015-10-09 01:00:00.000,ZoneB,ZoneC,U080
T938,Car21,2015-01-03 07:00:00.000,ZoneA,ZoneD,U139
T939,Car06,2021-01-30 21:00:00.000,ZoneA,ZoneC,U045
T940,Car08,2020-09-02 01:00:00.000,ZoneD,ZoneC,U162
T941,Car20,2017-02-21 17:00:00.000,ZoneD,ZoneB,U082
T942,Car20,2015-06-16 21:00:00.000,ZoneD,ZoneC,U089
T943,Car16,2017-06-09 00:00:00.000,ZoneB,ZoneA,U150
T944,Car23,2016-11-04 23:00:00.000,ZoneA,ZoneB,U080
T945,Car09,2017-03-18 07:00:00.000,ZoneD,ZoneB,U103
T946,Car23,2016-03-17 01:00:00.000,ZoneB,ZoneC,U116
T947,Car03,2021-11-01 16:00:00.000,ZoneD,ZoneA,U098
T948,Car09,2019-04-08 08:00:00.000,ZoneC,ZoneC,U100
T949,Car05,2016-03-21 05:00:00.000,ZoneA,ZoneB,U063
T950,Car22,2016-08-15 07:00:00.000,ZoneA,ZoneB,U147
T951,Car06,2021-10-12 06:00:00.000,ZoneB,ZoneB,U130
T952,Car27,2017-02-08 04:00:00.000,ZoneD,ZoneA,U067
T953,Car12,2020-05-01 22:00:00.000,ZoneB,ZoneB,U107
T954,Car21,2017-02-21 22:00:00.000,ZoneB,ZoneD,U089
T955,Car20,2016-03-14 03:00:00.000,ZoneA,ZoneC,U068
T956,Car23,2020-06-30 07:00:00.000,ZoneC,ZoneD,U075
T957,Car26,2015-06-22 22:00:00.000,ZoneA,ZoneC,U129
T958,Car26,2016-05-11 21:00:00.000,ZoneD,ZoneB,U156
T959,Car10,2018-10-03 21:00:00.000,ZoneC,ZoneA,U127
T960,Car17,2015-03-07 15:00:00.000,ZoneD,ZoneB,U158
T961,Car12,2019-12-02 11:00:00.000,ZoneC,ZoneD,U052
T962,Car10,2019-11-05 09:00:00.000,ZoneB,ZoneB,U136
T963,Car20,2016-08-28 20:00:00.000,ZoneB,ZoneB,U034
T964,Car24,2019-05-16 06:00:00.000,ZoneD,ZoneC,U011
T965,Car19,2015-04-13 17:00:00.000,ZoneC,ZoneB,U011
T966,Car15,2020-08-24 12:00:00.000,ZoneC,ZoneA,U065
T967,Car16,2019-04-19 09:00:00.000,ZoneC,ZoneA,U013
T968,Car17,2021-08-06 04:00:00.000,ZoneA,ZoneC,U077
T969,Car10,2016-10-26 04:00:00.000,ZoneA,ZoneC,U101
T970,Car15,2020-02-10 01:00:00.000,ZoneD,ZoneD,U057
T971,Car26,2017-10-21 09:00:00.000,ZoneC,ZoneD,U142
T972,Car23,2019-01-03 18:00:00.000,ZoneA,ZoneD,U024
T973,Car10,2019-05-07 07:00:00.000,ZoneB,ZoneA,U033
T974,Car20,2016-01-27 16:00:00.000,ZoneA,ZoneB,U160
T975,Car07,2019-03-16 05:00:00.000,ZoneA,ZoneA,U150
T976,Car29,2016-02-01 11:00:00.000,ZoneD,ZoneD,U120
T977,Car01,2021-04-08 19:00:00.000,ZoneD,ZoneD,U109
T978,Car06,2017-10-07 10:00:00.000,ZoneC,ZoneB,U044
T979,Car05,2018-08-09 06:00:00.000,ZoneC,ZoneD,U123
T980,Car18,2018-08-24 21:00:00.000,ZoneB,ZoneC,U062
T981,Car22,2018-09-27 00:00:00.000,ZoneA,ZoneD,U038
T982,Car20,2019-09-20 08:00:00.000,ZoneA,ZoneC,U140
T983,Car03,2019-09-22 00:00:00.000,ZoneC,ZoneD,U060
T984,Car22,2018-02-01 07:00:00.000,ZoneA,ZoneD,U146
T985,Car27,2021-07-11 13:00:00.000,ZoneC,ZoneC,U019
T986,Car01,2021-09-28 07:00:00.000,ZoneD,ZoneA,U077
T987,Car10,2016-11-08 02:00:00.000,ZoneB,ZoneA,U038
T988,Car01,2020-05-11 12:00:00.000,ZoneD,ZoneA,U117
T989,Car26,2018-06-25 06:00:00.000,ZoneA,ZoneD,U142
T990,Car21,2017-10-30 03:00:00.000,ZoneB,ZoneA,U062
T991,Car28,2016-03-28 17:00:00.000,ZoneA,ZoneD,U043
T992,Car28,2020-12-30 00:00:00.000,ZoneD,ZoneD,U145
T993,Car20,2018-12-28 17:00:00.000,ZoneB,ZoneD,U119
T994,Car05,2019-12-13 22:00:00.000,ZoneD,ZoneA,U094
T995,Car01,2015-05-18 17:00:00.000,ZoneA,ZoneA,U045
T996,Car09,2018-03-24 03:00:00.000,ZoneC,ZoneC,U032
T997,Car01,2021-11-15 15:00:00.000,ZoneC,ZoneB,U115
T998,Car03,2020-09-18 22:00:00.000,ZoneA,ZoneB,U099
T999,Car09,2020-09-30 19:00:00.000,ZoneA,ZoneA,U101
T1000,Car11,2015-03-29 17:00:00.000,ZoneC,ZoneC,U137
T1001,Car13,2016-06-15 06:00:00.000,ZoneB,ZoneB,U157
T1002,Car13,2019-02-24 10:00:00.000,ZoneB,ZoneD,U048
T1003,Car05,2017-12-11 05:00:00.000,ZoneC,ZoneD,U076
T1004,Car25,2021-11-12 22:00:00.000,ZoneC,ZoneC,U016
T1005,Car24,2020-01-02 12:00:00.000,ZoneB,ZoneD,U147
T1006,Car08,2019-09-07 15:00:00.000,ZoneC,ZoneC,U028
T1007,Car23,2017-11-15 19:00:00.000,ZoneA,ZoneB,U109
T1008,Car08,2016-08-13 10:00:00.000,ZoneD,ZoneC,U057
T1009,Car16,2021-01-05 21:00:00.000,ZoneD,ZoneC,U083
T1010,Car09,2016-11-24 13:00:00.000,ZoneD,ZoneB,U075
T1011,Car11,2018-09-30 13:00:00.000,ZoneB,ZoneD,U025
T1012,Car23,2019-06-15 16:00:00.000,ZoneC,ZoneC,U118
T1013,Car28,2020-01-17 12:00:00.000,ZoneC,ZoneD,U026
T1014,Car19,2021-04-24 20:00:00.000,ZoneC,ZoneB,U050
T1015,Car16,2020-05-25 06:00:00.000,ZoneC,ZoneA,U062
T1016,Car27,2017-04-06 06:00:00.000,ZoneD,ZoneB,U091
T1017,Car14,2020-05-31 17:00:00.000,ZoneC,ZoneC,U021
T1018,Car07,2020-11-16 06:00:00.000,ZoneB,ZoneA,U085
T1019,Car11,2015-04-11 00:00:00.000,ZoneB,ZoneD,U058
T1020,Car11,2018-07-15 06:00:00.000,ZoneD,ZoneC,U107
T1021,Car23,2015-12-28 11:00:00.000,ZoneD,ZoneB,U131
T1022,Car12,2016-10-02 20:00:00.000,ZoneA,ZoneA,U135
T1023,Car25,2021-10-31 20:00:00.000,ZoneA,ZoneB,U103
T1024,Car04,2016-09-07 15:00:00.000,ZoneD,ZoneD,U110
T1025,Car28,2017-01-13 03:00:00.000,ZoneD,ZoneD,U028
T1026,Car07,2015-12-24 22:00:00.000,ZoneB,ZoneA,U053
T1027,Car13,2021-04-25 01:00:00.000,ZoneD,ZoneD,U038
T1028,Car21,2016-09-01 19:00:00.000,ZoneC,ZoneA,U044
T1029,Car18,2016-10-14 12:00:00.000,ZoneA,ZoneA,U146
T1030,Car12,2015-09-30 07:00:00.000,ZoneD,ZoneA,U117
T1031,Car30,2021-11-17 02:00:00.000,ZoneC,ZoneA,U074
T1032,Car04,2019-10-17 15:00:00.000,ZoneA,ZoneD,U072
T1033,Car18,2016-12-06 00:00:00.000,ZoneC,ZoneC,U142
T1034,Car12,2021-05-31 22:00:00.000,ZoneC,ZoneC,U010
T1035,Car15,2019-10-08 11:00:00.000,ZoneC,ZoneA,U129
T1036,Car22,2016-07-20 21:00:00.000,ZoneD,ZoneC,U052
T1037,Car12,2016-12-04 23:00:00.000,ZoneD,ZoneA,U118
T1038,Car23,2015-09-24 06:00:00.000,ZoneD,ZoneA,U081
T1039,Car03,2017-05-07 12:00:00.000,ZoneB,ZoneB,U135
T1040,Car28,2016-11-20 19:00:00.000,ZoneA,ZoneD,U107
T1041,Car10,2015-09-21 03:00:00.000,ZoneD,ZoneC,U152
T1042,Car09,2019-11-14 13:00:00.000,ZoneB,ZoneC,U086
T1043,Car22,2018-02-21 02:00:00.000,ZoneC,ZoneA,U091
T1044,Car21,2015-06-06 11:00:00.000,ZoneC,ZoneB,U115
T1045,Car24,2018-01-27 02:00:00.000,ZoneD,ZoneC,U050
T1046,Car14,2018-12-12 16:00:00.000,ZoneD,ZoneC,U124
T1047,Car18,2015-03-14 07:00:00.000,ZoneA,ZoneB,U016
T1048,Car01,2019-09-13 01:00:00.000,ZoneB,ZoneB,U016
T1049,Car14,2020-11-08 08:00:00.000,ZoneA,ZoneC,U063
T1050,Car17,2016-08-17 04:00:00.000,ZoneA,ZoneD,U117
T1051,Car23,2015-10-21 08:00:00.000,ZoneB,ZoneC,U063
T1052,Car29,2018-06-03 09:00:00.000,ZoneA,ZoneA,U054
T1053,Car15,2020-05-09 20:00:00.000,ZoneC,ZoneD,U143
T1054,Car13,2016-05-01 01:00:00.000,ZoneA,ZoneB,U139
T1055,Car03,2019-04-28 03:00:00.000,ZoneB,ZoneB,U089
T1056,Car12,2019-02-02 18:00:00.000,ZoneD,ZoneC,U056
T1057,Car04,2015-10-14 01:00:00.000,ZoneD,ZoneD,U031
T1058,Car06,2018-01-28 03:00:00.000,ZoneC,ZoneC,U126
T1059,Car28,2015-06-18 08:00:00.000,ZoneD,ZoneC,U030
T1060,Car29,2017-02-06 07:00:00.000,ZoneB,ZoneB,U111
T1061,Car16,2021-10-09 13:00:00.000,ZoneD,ZoneC,U030
T1062,Car16,2018-01-28 23:00:00.000,ZoneC,ZoneD,U057
T1063,Car24,2015-04-29 18:00:00.000,ZoneD,ZoneB,U160
T1064,Car17,2021-03-04 19:00:00.000,ZoneD,ZoneC,U100
T1065,Car16,2021-05-22 08:00:00.000,ZoneA,ZoneB,U061
T1066,Car12,2020-01-24 19:00:00.000,ZoneB,ZoneD,U054
T1067,Car02,2020-09-01 20:00:00.000,ZoneC,ZoneB,U109
T1068,Car12,2019-02-04 20:00:00.000,ZoneC,ZoneB,U079
T1069,Car11,2015-10-23 15:00:00.000,ZoneD,ZoneB,U122
T1070,Car22,2016-05-19 14:00:00.000,ZoneB,ZoneD,U107
T1071,Car30,2015-01-13 07:00:00.000,ZoneD,ZoneA,U016
T1072,Car20,2018-08-14 01:00:00.000,ZoneA,ZoneA,U155
T1073,Car09,2021-03-08 18:00:00.000,ZoneC,ZoneC,U127
T1074,Car06,2021-06-18 15:00:00.000,ZoneA,ZoneC,U063
T1075,Car04,2015-07-04 19:00:00.000,ZoneD,ZoneA,U135
T1076,Car08,2016-03-10 09:00:00.000,ZoneD,ZoneD,U027
T1077,Car14,2017-01-30 00:00:00.000,ZoneD,ZoneB,U059
T1078,Car22,2018-05-16 01:00:00.000,ZoneC,ZoneA,U014
T1079,Car21,2015-05-20 04:00:00.000,ZoneD,ZoneA,U121
T1080,Car18,2017-10-08 16:00:00.000,ZoneA,ZoneD,U118
T1081,Car13,2021-09-30 04:00:00.000,ZoneD,ZoneC,U012
T1082,Car05,2017-08-29 16:00:00.000,ZoneB,ZoneB,U148
T1083,Car12,2015-08-20 11:00:00.000,ZoneA,ZoneA,U139
T1084,Car29,2019-04-17 07:00:00.000,ZoneB,ZoneA,U051
T1085,Car18,2017-02-17 13:00:00.000,ZoneC,ZoneB,U091
T1086,Car26,2015-07-08 23:00:00.000,ZoneB,ZoneA,U085
T1087,Car13,2020-08-30 03:00:00.000,ZoneA,ZoneA,U047
T1088,Car07,2019-03-21 10:00:00.000,ZoneC,ZoneD,U042
T1089,Car10,2020-10-31 15:00:00.000,ZoneC,ZoneA,U048
T1090,Car30,2021-02-09 11:00:00.000,ZoneA,ZoneD,U137
T1091,Car27,2020-09-18 17:00:00.000,ZoneC,ZoneA,U055
T1092,Car27,2016-02-02 02:00:00.000,ZoneB,ZoneA,U111
T1093,Car15,2018-09-30 13:00:00.000,ZoneD,ZoneA,U139
T1094,Car13,2015-11-19 12:00:00.000,ZoneA,ZoneA,U063
T1095,Car28,2020-04-28 14:00:00.000,ZoneA,ZoneD,U132
T1096,Car26,2015-01-11 00:00:00.000,ZoneB,ZoneB,U094
T1097,Car29,2017-05-17 02:00:00.000,ZoneB,ZoneC,U074
T1098,Car30,2017-03-04 23:00:00.000,ZoneB,ZoneD,U108
T1099,Car16,2018-01-23 13:00:00.000,ZoneB,ZoneC,U043
T1100,Car25,2020-07-24 21:00:00.000,ZoneD,ZoneA,U115
T1101,Car18,2017-09-30 23:00:00.000,ZoneD,ZoneD,U040
T1102,Car15,2019-11-03 07:00:00.000,ZoneC,ZoneC,U090
T1103,Car29,2016-05-30 05:00:00.000,ZoneA,ZoneB,U132
T1104,Car21,2016-05-14 19:00:00.000,ZoneC,ZoneC,U051
T1105,Car21,2018-02-17 13:00:00.000,ZoneC,ZoneD,U160
T1106,Car03,2015-02-01 06:00:00.000,ZoneC,ZoneD,U161
T1107,Car21,2015-05-31 20:00:00.000,ZoneD,ZoneD,U114
T1108,Car03,2016-05-21 06:00:00.000,ZoneB,ZoneC,U122
T1109,Car15,2021-07-26 03:00:00.000,ZoneD,ZoneB,U112
T1110,Car30,2016-10-08 16:00:00.000,ZoneC,ZoneB,U069
T1111,Car07,2018-04-21 11:00:00.000,ZoneD,ZoneA,U063
T1112,Car10,2016-06-21 17:00:00.000,ZoneD,ZoneA,U125
T1113,Car29,2019-10-21 09:00:00.000,ZoneB,ZoneC,U154
T1114,Car26,2019-09-19 22:00:00.000,ZoneD,ZoneA,U058
T1115,Car24,2015-05-05 04:00:00.000,ZoneD,ZoneB,U144
T1116,Car18,2017-01-07 07:00:00.000,ZoneC,ZoneA,U083
T1117,Car27,2016-11-28 17:00:00.000,ZoneC,ZoneD,U035
T1118,Car06,2015-02-22 07:00:00.000,ZoneB,ZoneB,U012
T1119,Car29,2015-12-30 03:00:00.000,ZoneC,ZoneB,U049
T1120,Car15,2015-09-16 13:00:00.000,ZoneD,ZoneC,U153
T1121,Car25,2018-02-15 11:00:00.000,ZoneB,ZoneC,U130
T1122,Car05,2021-12-12 22:00:00.000,ZoneA,ZoneC,U043
T1123,Car22,2015-05-27 01:00:00.000,ZoneC,ZoneB,U130
T1124,Car19,2021-04-26 02:00:00.000,ZoneB,ZoneC,U140
T1125,Car01,2015-11-10 18:00:00.000,ZoneB,ZoneB,U119
T1126,Car27,2016-08-10 07:00:00.000,ZoneB,ZoneD,U034
T1127,Car13,2017-03-16 05:00:00.000,ZoneA,ZoneB,U074
T1128,Car12,2019-09-12 10:00:00.000,ZoneA,ZoneA,U149
T1129,Car13,2017-01-04 19:00:00.000,ZoneD,ZoneC,U101
T1130,Car25,2020-07-15 07:00:00.000,ZoneB,ZoneD,U079
T1131,Car24,2019-04-01 11:00:00.000,ZoneB,ZoneA,U055
T1132,Car06,2019-09-21 14:00:00.000,ZoneA,ZoneB,U037
T1133,Car09,2016-04-23 03:00:00.000,ZoneC,ZoneA,U080
T1134,Car23,2018-08-26 08:00:00.000,ZoneB,ZoneA,U124
T1135,Car01,2018-04-01 11:00:00.000,ZoneB,ZoneA,U097
T1136,Car19,2018-02-06 17:00:00.000,ZoneC,ZoneA,U118
T1137,Car06,2016-11-22 06:00:00.000,ZoneC,ZoneB,U051
T1138,Car12,2016-05-29 19:00:00.000,ZoneC,ZoneD,U034
T1139,Car05,2017-10-30 13:00:00.000,ZoneD,ZoneC,U096
T1140,Car05,2015-10-22 14:00:00.000,ZoneB,ZoneB,U036
T1141,Car20,2020-02-11 02:00:00.000,ZoneD,ZoneC,U018
T1142,Car29,2017-03-23 07:00:00.000,ZoneC,ZoneA,U073
T1143,Car14,2019-07-20 11:00:00.000,ZoneC,ZoneD,U125
T1144,Car12,2019-02-20 06:00:00.000,ZoneA,ZoneD,U074
T1145,Car25,2017-05-03 13:00:00.000,ZoneC,ZoneC,U130
T1146,Car30,2019-03-30 14:00:00.000,ZoneB,ZoneD,U125
T1147,Car09,2015-02-26 21:00:00.000,ZoneA,ZoneB,U122
T1148,Car28,2017-05-13 08:00:00.000,ZoneC,ZoneC,U014
T1149,Car30,2017-12-24 08:00:00.000,ZoneC,ZoneD,U055
T1150,Car07,2019-05-21 21:00:00.000,ZoneD,ZoneC,U050
T1151,Car24,2018-03-09 03:00:00.000,ZoneA,ZoneA,U040
T1152,Car04,2018-06-23 19:00:00.000,ZoneA,ZoneD,U123
T1153,Car21,2019-03-14 03:00:00.000,ZoneA,ZoneB,U052
T1154,Car24,2016-09-01 04:00:00.000,ZoneA,ZoneA,U048
T1155,Car01,2016-02-08 03:00:00.000,ZoneB,ZoneC,U161
T1156,Car26,2016-08-30 12:00:00.000,ZoneA,ZoneA,U016
T1157,Car24,2017-09-22 00:00:00.000,ZoneB,ZoneD,U096
T1158,Car30,2018-03-06 05:00:00.000,ZoneB,ZoneB,U136
T1159,Car04,2018-08-29 11:00:00.000,ZoneA,ZoneD,U047
T1160,Car11,2019-10-10 08:00:00.000,ZoneC,ZoneC,U066
T1161,Car27,2021-01-31 07:00:00.000,ZoneB,ZoneD,U094
T1162,Car22,2016-02-15 10:00:00.000,ZoneA,ZoneB,U053
T1163,Car20,2017-12-21 00:00:00.000,ZoneC,ZoneC,U122
T1164,Car16,2018-01-17 02:00:00.000,ZoneD,ZoneA,U018
T1165,Car27,2020-06-13 00:00:00.000,ZoneB,ZoneB,U131
T1166,Car08,2021-07-13 10:00:00.000,ZoneD,ZoneB,U069
T1167,Car25,2021-05-26 12:00:00.000,ZoneD,ZoneD,U072
T1168,Car11,2021-03-22 12:00:00.000,ZoneB,ZoneB,U043
T1169,Car28,2016-08-28 05:00:00.000,ZoneB,ZoneB,U157
T1170,Car15,2018-10-29 17:00:00.000,ZoneC,ZoneD,U058
T1171,Car07,2018-01-12 12:00:00.000,ZoneD,ZoneA,U010
T1172,Car17,2015-12-17 00:00:00.000,ZoneA,ZoneA,U069
T1173,Car10,2020-07-15 07:00:00.000,ZoneD,ZoneB,U080
T1174,Car25,2017-09-30 08:00:00.000,ZoneC,ZoneA,U118
T1175,Car02,2015-06-20 20:00:00.000,ZoneA,ZoneC,U078
T1176,Car14,2018-01-25 10:00:00.000,ZoneD,ZoneD,U025
T1177,Car16,2015-03-20 13:00:00.000,ZoneD,ZoneD,U083
T1178,Car19,2016-01-25 14:00:00.000,ZoneB,ZoneC,U083
T1179,Car20,2018-04-17 17:00:00.000,ZoneC,ZoneA,U037
T1180,Car01,2021-08-13 16:00:00.000,ZoneC,ZoneD,U061
T1181,Car07,2015-10-22 19:00:00.000,ZoneB,ZoneD,U161
T1182,Car24,2021-08-04 12:00:00.000,ZoneA,ZoneC,U123
T1183,Car10,2021-11-25 10:00:00.000,ZoneC,ZoneA,U080
T1184,Car13,2016-03-12 21:00:00.000,ZoneB,ZoneD,U128
T1185,Car26,2021-03-27 02:00:00.000,ZoneD,ZoneB,U017
T1186,Car25,2017-08-04 21:00:00.000,ZoneD,ZoneB,U077
T1187,Car17,2019-09-25 23:00:00.000,ZoneC,ZoneD,U129
T1188,Car28,2019-10-26 19:00:00.000,ZoneB,ZoneC,U057
T1189,Car27,2015-08-06 17:00:00.000,ZoneD,ZoneB,U057
T1190,Car27,2020-06-18 10:00:00.000,ZoneC,ZoneA,U010
T1191,Car03,2019-03-22 06:00:00.000,ZoneC,ZoneA,U141
T1192,Car17,2021-11-17 02:00:00.000,ZoneD,ZoneB,U059
T1193,Car10,2018-01-16 11:00:00.000,ZoneD,ZoneA,U079
T1194,Car16,2019-11-30 19:00:00.000,ZoneA,ZoneB,U010
T1195,Car30,2016-05-16 21:00:00.000,ZoneB,ZoneA,U021
T1196,Car11,2016-02-06 06:00:00.000,ZoneC,ZoneA,U162
T1197,Car16,2015-02-19 14:00:00.000,ZoneD,ZoneD,U114
T1198,Car01,2020-05-11 17:00:00.000,ZoneC,ZoneD,U136
T1199,Car21,2019-05-18 23:00:00.000,ZoneB,ZoneD,U112
T1200,Car06,2020-09-20 04:00:00.000,ZoneD,ZoneA,U159
T1201,Car23,2020-12-16 16:00:00.000,ZoneA,ZoneC,U133
T1202,Car20,2016-01-09 18:00:00.000,ZoneA,ZoneD,U132
T1203,Car20,2019-05-10 20:00:00.000,ZoneA,ZoneC,U018
T1204,Car30,2018-05-20 15:00:00.000,ZoneC,ZoneD,U028
T1205,Car24,2019-03-16 05:00:00.000,ZoneB,ZoneC,U081
T1206,Car27,2019-06-08 04:00:00.000,ZoneA,ZoneA,U122
T1207,Car15,2019-06-06 07:00:00.000,ZoneB,ZoneC,U151
T1208,Car17,2019-03-23 02:00:00.000,ZoneB,ZoneA,U058
T1209,Car23,2017-05-24 09:00:00.000,ZoneD,ZoneD,U133
T1210,Car19,2017-04-21 11:00:00.000,ZoneD,ZoneD,U059
T1211,Car29,2016-04-30 10:00:00.000,ZoneC,ZoneA,U110
T1212,Car08,2021-09-24 03:00:00.000,ZoneB,ZoneB,U076
T1213,Car12,2018-02-03 14:00:00.000,ZoneC,ZoneD,U060
T1214,Car25,2020-02-05 21:00:00.000,ZoneB,ZoneA,U136
T1215,Car23,2020-06-16 23:00:00.000,ZoneC,ZoneC,U020
T1216,Car05,2016-03-27 06:00:00.000,ZoneA,ZoneC,U141
T1217,Car06,2015-01-04 18:00:00.000,ZoneC,ZoneB,U132
T1218,Car14,2018-07-29 00:00:00.000,ZoneD,ZoneB,U059
T1219,Car27,2018-07-29 15:00:00.000,ZoneA,ZoneA,U160
T1220,Car29,2021-03-17 12:00:00.000,ZoneC,ZoneC,U058
T1221,Car06,2019-12-11 10:00:00.000,ZoneD,ZoneA,U048
T1222,Car01,2015-06-04 04:00:00.000,ZoneC,ZoneA,U036
T1223,Car23,2015-02-11 21:00:00.000,ZoneD,ZoneB,U071
T1224,Car30,2018-06-30 16:00:00.000,ZoneB,ZoneA,U150
T1225,Car24,2018-02-14 05:00:00.000,ZoneC,ZoneB,U025
T1226,Car27,2016-03-28 17:00:00.000,ZoneD,ZoneB,U072
T1227,Car21,2018-05-19 09:00:00.000,ZoneB,ZoneB,U144
T1228,Car04,2021-11-24 09:00:00.000,ZoneD,ZoneB,U055
T1229,Car19,2016-08-10 07:00:00.000,ZoneB,ZoneC,U092
T1230,Car05,2015-02-14 19:00:00.000,ZoneD,ZoneC,U035
T1231,Car13,2017-05-03 13:00:00.000,ZoneB,ZoneB,U013
T1232,Car14,2020-09-18 22:00:00.000,ZoneD,ZoneB,U136
T1233,Car29,2018-03-20 09:00:00.000,ZoneD,ZoneD,U033
T1234,Car29,2020-03-16 01:00:00.000,ZoneC,ZoneA,U037
T1235,Car18,2020-08-23 16:00:00.000,ZoneB,ZoneD,U029
T1236,Car10,2020-02-11 22:00:00.000,ZoneD,ZoneB,U096
T1237,Car03,2015-10-09 01:00:00.000,ZoneC,ZoneD,U108
T1238,Car23,2017-01-28 13:00:00.000,ZoneA,ZoneC,U039
T1239,Car24,2019-02-16 02:00:00.000,ZoneA,ZoneA,U114
T1240,Car01,2015-10-11 13:00:00.000,ZoneC,ZoneB,U093
T1241,Car18,2015-08-25 16:00:00.000,ZoneC,ZoneB,U052
T1242,Car03,2015-08-02 03:00:00.000,ZoneD,ZoneC,U160
T1243,Car30,2021-07-11 08:00:00.000,ZoneB,ZoneA,U027
T1244,Car16,2021-01-21 07:00:00.000,ZoneB,ZoneA,U092
T1245,Car18,2016-01-10 14:00:00.000,ZoneA,ZoneA,U139
T1246,Car10,2020-09-25 04:00:00.000,ZoneB,ZoneD,U033
T1247,Car14,2016-06-27 18:00:00.000,ZoneA,ZoneB,U152
T1248,Car28,2017-12-16 05:00:00.000,ZoneC,ZoneB,U039
T1249,Car02,2016-11-01 00:00:00.000,ZoneA,ZoneA,U121
T1250,Car05,2020-04-13 19:00:00.000,ZoneC,ZoneC,U074
T1251,Car01,2019-06-25 16:00:00.000,ZoneC,ZoneC,U016
T1252,Car12,2017-02-20 21:00:00.000,ZoneD,ZoneB,U095
T1253,Car02,2018-06-11 02:00:00.000,ZoneC,ZoneD,U054
T1254,Car10,2016-12-18 12:00:00.000,ZoneD,ZoneC,U066
T1255,Car30,2020-11-23 13:00:00.000,ZoneB,ZoneA,U070
T1256,Car29,2020-10-21 20:00:00.000,ZoneD,ZoneA,U052
T1257,Car18,2016-04-18 03:00:00.000,ZoneD,ZoneB,U028
T1258,Car19,2017-03-19 08:00:00.000,ZoneB,ZoneD,U119
T1259,Car07,2017-11-28 07:00:00.000,ZoneA,ZoneD,U034
T1260,Car27,2019-08-02 09:00:00.000,ZoneB,ZoneA,U144
T1261,Car09,2015-04-09 08:00:00.000,ZoneD,ZoneA,U034
T1262,Car24,2016-09-22 15:00:00.000,ZoneA,ZoneB,U085
T1263,Car01,2021-08-23 11:00:00.000,ZoneA,ZoneD,U160
T1264,Car25,2016-06-16 02:00:00.000,ZoneD,ZoneB,U027
T1265,Car30,2016-12-08 07:00:00.000,ZoneB,ZoneC,U138
T1266,Car21,2020-04-02 13:00:00.000,ZoneB,ZoneC,U025
T1267,Car13,2018-02-10 06:00:00.000,ZoneA,ZoneD,U117
T1268,Car17,2015-10-18 20:00:00.000,ZoneA,ZoneC,U093
T1269,Car19,2016-05-28 03:00:00.000,ZoneC,ZoneA,U092
T1270,Car22,2016-08-22 04:00:00.000,ZoneD,ZoneB,U019
T1271,Car25,2018-08-14 11:00:00.000,ZoneB,ZoneC,U020
T1272,Car07,2016-11-11 15:00:00.000,ZoneB,ZoneA,U078
T1273,Car26,2017-07-21 17:00:00.000,ZoneB,ZoneB,U145
T1274,Car30,2016-01-23 17:00:00.000,ZoneC,ZoneC,U039
T1275,Car19,2020-06-25 07:00:00.000,ZoneC,ZoneC,U112
T1276,Car18,2015-08-03 04:00:00.000,ZoneA,ZoneA,U032
T1277,Car04,2015-10-10 12:00:00.000,ZoneC,ZoneC,U077
T1278,Car08,2017-11-24 03:00:00.000,ZoneB,ZoneB,U077
T1279,Car07,2017-02-21 22:00:00.000,ZoneD,ZoneB,U101
T1280,Car12,2021-03-31 21:00:00.000,ZoneC,ZoneD,U093
T1281,Car16,2017-04-02 02:00:00.000,ZoneC,ZoneB,U031
T1282,Car25,2021-04-18 14:00:00.000,ZoneB,ZoneB,U149
T1283,Car16,2020-11-16 01:00:00.000,ZoneD,ZoneC,U092
T1284,Car30,2019-11-24 03:00:00.000,ZoneB,ZoneC,U097
T1285,Car23,2015-09-13 10:00:00.000,ZoneA,ZoneD,U146
T1286,Car02,2021-03-23 08:00:00.000,ZoneC,ZoneA,U076
T1287,Car21,2016-01-23 07:00:00.000,ZoneB,ZoneB,U098
T1288,Car03,2020-12-04 09:00:00.000,ZoneC,ZoneA,U040
T1289,Car30,2021-12-23 03:00:00.000,ZoneC,ZoneC,U121
T1290,Car10,2015-07-21 21:00:00.000,ZoneC,ZoneC,U080
T1291,Car16,2020-12-18 13:00:00.000,ZoneB,ZoneC,U146
T1292,Car28,2020-05-22 08:00:00.000,ZoneC,ZoneC,U013
T1293,Car12,2015-06-13 18:00:00.000,ZoneC,ZoneB,U147
T1294,Car15,2016-10-15 18:00:00.000,ZoneA,ZoneB,U135
T1295,Car19,2018-01-10 20:00:00.000,ZoneB,ZoneC,U156
T1296,Car25,2016-08-02 09:00:00.000,ZoneA,ZoneD,U082
T1297,Car24,2017-09-28 16:00:00.000,ZoneC,ZoneC,U146
T1298,Car22,2015-12-03 01:00:00.000,ZoneA,ZoneD,U030
T1299,Car29,2020-10-05 19:00:00.000,ZoneA,ZoneD,U121
T1300,Car22,2015-01-17 06:00:00.000,ZoneA,ZoneC,U102
T1301,Car11,2021-10-23 22:00:00.000,ZoneB,ZoneC,U041
T1302,Car13,2020-10-11 05:00:00.000,ZoneD,ZoneA,U121
T1303,Car22,2019-05-23 08:00:00.000,ZoneB,ZoneD,U045
T1304,Car05,2021-05-18 04:00:00.000,ZoneC,ZoneA,U021
T1305,Car27,2019-05-14 19:00:00.000,ZoneB,ZoneB,U064
T1306,Car25,2019-03-14 08:00:00.000,ZoneC,ZoneD,U149
T1307,Car07,2020-03-18 13:00:00.000,ZoneB,ZoneC,U143
T1308,Car22,2015-09-15 17:00:00.000,ZoneB,ZoneC,U134
T1309,Car24,2020-09-22 11:00:00.000,ZoneD,ZoneB,U067
T1310,Car26,2015-12-31 14:00:00.000,ZoneB,ZoneB,U022
T1311,Car06,2018-04-26 06:00:00.000,ZoneD,ZoneD,U029
T1312,Car13,2020-01-25 10:00:00.000,ZoneB,ZoneA,U050
T1313,Car25,2020-04-28 04:00:00.000,ZoneB,ZoneC,U117
T1314,Car22,2020-05-22 13:00:00.000,ZoneB,ZoneD,U131
T1315,Car05,2018-05-29 09:00:00.000,ZoneA,ZoneC,U068
T1316,Car16,2017-01-17 07:00:00.000,ZoneB,ZoneB,U113
T1317,Car10,2015-07-29 14:00:00.000,ZoneC,ZoneA,U150
T1318,Car15,2020-03-26 01:00:00.000,ZoneB,ZoneC,U024
T1319,Car20,2020-11-11 21:00:00.000,ZoneD,ZoneC,U081
T1320,Car28,2018-05-09 14:00:00.000,ZoneC,ZoneC,U080
T1321,Car10,2018-10-31 09:00:00.000,ZoneD,ZoneB,U141
T1322,Car30,2017-04-23 23:00:00.000,ZoneD,ZoneD,U071
T1323,Car07,2019-12-02 06:00:00.000,ZoneA,ZoneB,U066
T1324,Car26,2021-12-21 11:00:00.000,ZoneC,ZoneD,U146
T1325,Car09,2019-10-07 05:00:00.000,ZoneD,ZoneC,U059
T1326,Car30,2015-10-22 04:00:00.000,ZoneD,ZoneD,U083
T1327,Car18,2019-01-15 15:00:00.000,ZoneB,ZoneC,U125
T1328,Car18,2018-12-23 02:00:00.000,ZoneA,ZoneC,U064
T1329,Car23,2015-05-07 06:00:00.000,ZoneA,ZoneD,U012
T1330,Car19,2021-10-12 21:00:00.000,ZoneB,ZoneA,U045
T1331,Car17,2015-04-12 06:00:00.000,ZoneD,ZoneD,U057
T1332,Car14,2016-06-14 10:00:00.000,ZoneA,ZoneD,U040
T1333,Car23,2019-11-14 03:00:00.000,ZoneA,ZoneA,U096
T1334,Car21,2015-07-30 00:00:00.000,ZoneA,ZoneC,U033
T1335,Car29,2018-10-29 02:00:00.000,ZoneD,ZoneD,U079
T1336,Car22,2017-04-22 17:00:00.000,ZoneD,ZoneD,U041
T1337,Car05,2019-09-30 03:00:00.000,ZoneB,ZoneC,U133
T1338,Car18,2021-11-05 05:00:00.000,ZoneB,ZoneB,U028
T1339,Car25,2021-09-16 05:00:00.000,ZoneA,ZoneA,U139
T1340,Car21,2016-02-26 06:00:00.000,ZoneC,ZoneA,U092
T1341,Car13,2016-10-01 19:00:00.000,ZoneB,ZoneD,U023
T1342,Car28,2017-01-14 14:00:00.000,ZoneD,ZoneA,U080
T1343,Car26,2020-10-07 16:00:00.000,ZoneB,ZoneC,U092
T1344,Car28,2018-02-03 09:00:00.000,ZoneA,ZoneC,U139
T1345,Car04,2015-08-16 17:00:00.000,ZoneC,ZoneC,U099
T1346,Car09,2015-02-16 01:00:00.000,ZoneD,ZoneA,U131
T1347,Car12,2018-06-27 18:00:00.000,ZoneA,ZoneB,U011
T1348,Car12,2019-09-10 08:00:00.000,ZoneB,ZoneA,U044
T1349,Car18,2018-08-12 19:00:00.000,ZoneB,ZoneB,U112
T1350,Car19,2018-12-13 22:00:00.000,ZoneC,ZoneC,U076
T1351,Car12,2019-05-18 18:00:00.000,ZoneB,ZoneD,U104
T1352,Car09,2016-07-21 17:00:00.000,ZoneB,ZoneC,U017
T1353,Car17,2019-09-03 06:00:00.000,ZoneC,ZoneC,U141
T1354,Car24,2018-08-20 17:00:00.000,ZoneB,ZoneA,U042
T1355,Car20,2019-10-04 02:00:00.000,ZoneC,ZoneD,U019
T1356,Car07,2019-04-15 00:00:00.000,ZoneA,ZoneB,U015
T1357,Car08,2016-12-13 07:00:00.000,ZoneA,ZoneC,U010
T1359,Car02,2019-06-27 23:00:00.000,ZoneB,ZoneC,U136
T1360,Car15,2017-04-19 04:00:00.000,ZoneA,ZoneB,U029
T1361,Car29,2020-12-15 10:00:00.000,ZoneC,ZoneD,U089
T1362,Car22,2017-03-22 21:00:00.000,ZoneD,ZoneC,U062
T1363,Car13,2019-08-15 22:00:00.000,ZoneB,ZoneD,U109
T1364,Car09,2019-11-11 15:00:00.000,ZoneD,ZoneB,U014
T1365,Car16,2017-06-11 12:00:00.000,ZoneD,ZoneB,U127
T1366,Car17,2016-06-12 08:00:00.000,ZoneB,ZoneB,U030
T1367,Car03,2016-11-27 11:00:00.000,ZoneD,ZoneB,U013
T1368,Car09,2015-11-06 04:00:00.000,ZoneD,ZoneA,U101
T1369,Car05,2021-01-06 17:00:00.000,ZoneB,ZoneB,U093
T1370,Car14,2018-10-30 08:00:00.000,ZoneA,ZoneA,U046
T1371,Car21,2016-10-14 17:00:00.000,ZoneC,ZoneB,U124
T1372,Car07,2015-12-07 20:00:00.000,ZoneC,ZoneB,U051
T1373,Car18,2018-01-25 15:00:00.000,ZoneD,ZoneA,U051
T1374,Car25,2020-06-18 20:00:00.000,ZoneB,ZoneD,U045
T1375,Car18,2017-01-28 03:00:00.000,ZoneD,ZoneA,U030
T1376,Car14,2017-07-23 04:00:00.000,ZoneC,ZoneC,U131
T1377,Car11,2015-09-16 03:00:00.000,ZoneD,ZoneD,U016
T1378,Car20,2018-09-13 01:00:00.000,ZoneB,ZoneC,U044
T1379,Car14,2019-12-17 16:00:00.000,ZoneC,ZoneC,U067
T1380,Car08,2021-11-15 10:00:00.000,ZoneC,ZoneA,U156
T1381,Car05,2018-03-19 23:00:00.000,ZoneB,ZoneB,U046
T1382,Car27,2019-10-19 02:00:00.000,ZoneA,ZoneA,U079
T1383,Car02,2016-08-11 03:00:00.000,ZoneB,ZoneC,U029
T1384,Car04,2017-05-31 21:00:00.000,ZoneC,ZoneA,U139
T1385,Car11,2017-09-03 16:00:00.000,ZoneA,ZoneD,U060
T1386,Car14,2017-01-08 08:00:00.000,ZoneB,ZoneA,U141
T1387,Car07,2020-04-22 03:00:00.000,ZoneB,ZoneA,U087
T1388,Car21,2016-06-11 17:00:00.000,ZoneD,ZoneD,U034
T1389,Car09,2015-03-14 17:00:00.000,ZoneD,ZoneB,U115
T1390,Car19,2020-08-16 14:00:00.000,ZoneD,ZoneC,U040
T1391,Car27,2015-01-15 09:00:00.000,ZoneB,ZoneC,U069
T1392,Car26,2017-03-28 07:00:00.000,ZoneB,ZoneC,U080
T1393,Car30,2019-02-04 05:00:00.000,ZoneD,ZoneB,U100
T1394,Car27,2021-11-24 09:00:00.000,ZoneD,ZoneD,U113
T1395,Car11,2018-08-01 13:00:00.000,ZoneA,ZoneA,U026
T1396,Car24,2018-12-07 01:00:00.000,ZoneC,ZoneC,U122
T1397,Car04,2021-10-27 16:00:00.000,ZoneD,ZoneC,U081
T1398,Car06,2018-12-11 10:00:00.000,ZoneC,ZoneC,U141
T1399,Car19,2019-04-18 18:00:00.000,ZoneC,ZoneD,U126
T1400,Car10,2016-05-07 02:00:00.000,ZoneD,ZoneD,U123
T1401,Car19,2015-05-27 11:00:00.000,ZoneD,ZoneD,U137
T1402,Car17,2019-08-03 15:00:00.000,ZoneB,ZoneD,U021
T1403,Car21,2021-08-02 10:00:00.000,ZoneC,ZoneC,U061
T1404,Car03,2015-03-25 23:00:00.000,ZoneD,ZoneC,U024
T1405,Car26,2019-09-26 04:00:00.000,ZoneB,ZoneA,U111
T1406,Car09,2018-02-01 12:00:00.000,ZoneA,ZoneB,U051
T1407,Car11,2016-04-23 18:00:00.000,ZoneC,ZoneB,U109
T1408,Car12,2017-02-27 18:00:00.000,ZoneA,ZoneD,U078
T1409,Car17,2020-04-29 05:00:00.000,ZoneD,ZoneB,U103
T1410,Car03,2019-12-11 00:00:00.000,ZoneC,ZoneD,U040
T1411,Car23,2017-04-16 06:00:00.000,ZoneC,ZoneC,U106
T1413,Car04,2016-01-02 06:00:00.000,ZoneA,ZoneB,U087
T1414,Car18,2015-03-07 15:00:00.000,ZoneA,ZoneA,U061
T1415,Car19,2020-10-17 11:00:00.000,ZoneC,ZoneB,U096
T1416,Car28,2015-05-02 21:00:00.000,ZoneB,ZoneD,U020
T1417,Car13,2017-01-09 19:00:00.000,ZoneC,ZoneA,U134
T1418,Car16,2016-10-31 09:00:00.000,ZoneC,ZoneC,U044
T1419,Car25,2019-12-07 01:00:00.000,ZoneD,ZoneA,U061
T1420,Car25,2018-12-17 06:00:00.000,ZoneB,ZoneB,U092
T1421,Car17,2019-03-30 14:00:00.000,ZoneC,ZoneA,U133
T1422,Car01,2016-10-18 06:00:00.000,ZoneC,ZoneD,U085
T1423,Car27,2018-09-23 21:00:00.000,ZoneA,ZoneB,U124
T1424,Car18,2020-11-10 20:00:00.000,ZoneA,ZoneD,U152
T1425,Car16,2021-10-31 05:00:00.000,ZoneB,ZoneB,U024
T1426,Car04,2017-08-25 12:00:00.000,ZoneD,ZoneA,U033
T1427,Car28,2019-02-21 12:00:00.000,ZoneB,ZoneD,U140
T1428,Car29,2016-11-11 20:00:00.000,ZoneA,ZoneD,U153
T1429,Car17,2015-09-19 06:00:00.000,ZoneC,ZoneD,U130
T1430,Car18,2015-01-19 13:00:00.000,ZoneB,ZoneA,U074
T1431,Car27,2018-05-30 05:00:00.000,ZoneA,ZoneB,U083
T1432,Car06,2021-05-10 01:00:00.000,ZoneC,ZoneA,U146
T1433,Car07,2018-01-31 06:00:00.000,ZoneD,ZoneA,U144
T1434,Car19,2019-06-26 22:00:00.000,ZoneD,ZoneA,U048
T1435,Car25,2019-01-03 08:00:00.000,ZoneB,ZoneD,U120
T1436,Car13,2019-04-18 13:00:00.000,ZoneD,ZoneB,U126
T1437,Car04,2017-03-14 03:00:00.000,ZoneC,ZoneA,U158
T1438,Car05,2017-05-07 22:00:00.000,ZoneC,ZoneA,U142
T1439,Car18,2020-09-28 17:00:00.000,ZoneC,ZoneD,U096
T1440,Car16,2021-01-24 20:00:00.000,ZoneB,ZoneA,U086
T1441,Car19,2015-04-06 20:00:00.000,ZoneD,ZoneC,U068
T1442,Car09,2016-06-22 13:00:00.000,ZoneC,ZoneA,U092
T1443,Car07,2016-11-09 18:00:00.000,ZoneD,ZoneB,U115
T1444,Car26,2019-02-12 13:00:00.000,ZoneC,ZoneB,U012
T1445,Car10,2021-03-17 22:00:00.000,ZoneB,ZoneB,U100
T1446,Car16,2017-05-21 01:00:00.000,ZoneB,ZoneA,U052
T1447,Car18,2021-05-12 18:00:00.000,ZoneB,ZoneB,U090
T1448,Car17,2016-11-17 06:00:00.000,ZoneC,ZoneA,U091
T1449,Car22,2021-05-10 21:00:00.000,ZoneA,ZoneB,U044
T1450,Car08,2016-06-08 14:00:00.000,ZoneA,ZoneA,U148
T1451,Car18,2021-01-27 23:00:00.000,ZoneC,ZoneB,U079
T1452,Car18,2015-01-26 20:00:00.000,ZoneB,ZoneA,U092
T1453,Car08,2015-09-14 06:00:00.000,ZoneD,ZoneB,U042
T1454,Car25,2020-01-26 01:00:00.000,ZoneA,ZoneB,U063
T1455,Car09,2021-09-28 07:00:00.000,ZoneB,ZoneD,U094
T1456,Car16,2021-03-06 16:00:00.000,ZoneC,ZoneD,U128
T1457,Car05,2018-04-10 00:00:00.000,ZoneC,ZoneC,U121
T1458,Car14,2021-08-15 13:00:00.000,ZoneC,ZoneC,U020
T1459,Car07,2017-12-09 13:00:00.000,ZoneC,ZoneB,U158
T1460,Car15,2021-08-22 10:00:00.000,ZoneB,ZoneB,U025
T1461,Car03,2020-09-14 18:00:00.000,ZoneB,ZoneD,U064
T1462,Car29,2018-08-23 00:00:00.000,ZoneA,ZoneB,U075
T1463,Car26,2018-04-01 06:00:00.000,ZoneA,ZoneB,U075
T1464,Car02,2017-04-18 08:00:00.000,ZoneD,ZoneC,U067
T1465,Car01,2017-07-13 19:00:00.000,ZoneB,ZoneC,U019
T1466,Car26,2016-10-16 19:00:00.000,ZoneD,ZoneC,U122
T1467,Car08,2021-04-12 03:00:00.000,ZoneA,ZoneB,U122
T1468,Car25,2016-08-27 09:00:00.000,ZoneB,ZoneD,U049
T1469,Car28,2015-06-02 17:00:00.000,ZoneB,ZoneA,U140
T1470,Car02,2016-10-24 22:00:00.000,ZoneB,ZoneD,U048
T1471,Car30,2016-08-08 00:00:00.000,ZoneC,ZoneC,U024
T1472,Car21,2019-04-14 14:00:00.000,ZoneD,ZoneD,U121
T1473,Car09,2017-04-02 07:00:00.000,ZoneD,ZoneD,U017
T1474,Car01,2018-12-27 11:00:00.000,ZoneC,ZoneC,U012
T1475,Car01,2019-09-09 07:00:00.000,ZoneA,ZoneD,U021
T1476,Car17,2019-01-17 02:00:00.000,ZoneB,ZoneA,U091
T1477,Car09,2021-11-18 18:00:00.000,ZoneC,ZoneC,U100
T1478,Car18,2021-10-30 19:00:00.000,ZoneD,ZoneC,U031
T1479,Car16,2018-05-25 20:00:00.000,ZoneA,ZoneA,U069
T1480,Car11,2019-07-06 02:00:00.000,ZoneD,ZoneC,U058
T1481,Car07,2020-03-17 12:00:00.000,ZoneD,ZoneD,U157
T1482,Car05,2019-10-04 17:00:00.000,ZoneA,ZoneC,U013
T1483,Car14,2021-04-04 10:00:00.000,ZoneA,ZoneB,U017
T1484,Car15,2015-05-07 11:00:00.000,ZoneD,ZoneC,U019
T1485,Car22,2017-02-27 03:00:00.000,ZoneC,ZoneA,U018
T1486,Car19,2018-07-31 22:00:00.000,ZoneA,ZoneC,U113
T1487,Car17,2018-04-04 19:00:00.000,ZoneC,ZoneC,U092
T1488,Car25,2015-07-07 07:00:00.000,ZoneD,ZoneB,U147
T1489,Car22,2019-01-23 18:00:00.000,ZoneA,ZoneC,U010
T1490,Car04,2018-07-08 14:00:00.000,ZoneA,ZoneC,U059
T1491,Car12,2015-03-09 17:00:00.000,ZoneA,ZoneC,U141
T1492,Car14,2021-06-29 11:00:00.000,ZoneB,ZoneC,U049
T1493,Car22,2021-07-19 01:00:00.000,ZoneB,ZoneD,U159
T1494,Car28,2020-09-13 02:00:00.000,ZoneC,ZoneC,U023
T1495,Car27,2016-10-18 01:00:00.000,ZoneD,ZoneA,U066
T1496,Car12,2021-10-21 20:00:00.000,ZoneD,ZoneD,U137
T1497,Car26,2016-05-12 22:00:00.000,ZoneD,ZoneD,U161
T1498,Car11,2021-01-01 02:00:00.000,ZoneC,ZoneB,U047
T1499,Car17,2021-07-11 03:00:00.000,ZoneD,ZoneA,U064
T1500,Car05,2020-01-13 13:00:00.000,ZoneA,ZoneB,U143
T1501,Car05,2015-07-30 10:00:00.000,ZoneC,ZoneA,U014
T1502,Car07,2020-04-23 04:00:00.000,ZoneC,ZoneC,U085
T1503,Car18,2017-12-30 19:00:00.000,ZoneA,ZoneA,U095
T1504,Car26,2015-10-13 10:00:00.000,ZoneC,ZoneA,U123
T1505,Car29,2015-10-16 03:00:00.000,ZoneD,ZoneA,U028
T1506,Car15,2018-05-02 02:00:00.000,ZoneD,ZoneA,U144
T1507,Car26,2020-06-11 03:00:00.000,ZoneA,ZoneB,U061
T1508,Car17,2021-03-18 03:00:00.000,ZoneC,ZoneA,U023
T1509,Car23,2019-03-15 04:00:00.000,ZoneB,ZoneD,U065
T1510,Car13,2018-01-10 20:00:00.000,ZoneD,ZoneA,U155
T1511,Car13,2021-12-25 05:00:00.000,ZoneC,ZoneB,U033
T1512,Car14,2021-04-24 05:00:00.000,ZoneA,ZoneB,U016
T1513,Car12,2015-01-24 13:00:00.000,ZoneD,ZoneD,U126
T1514,Car05,2018-08-27 19:00:00.000,ZoneC,ZoneC,U047
T1515,Car25,2019-10-18 16:00:00.000,ZoneC,ZoneA,U095
T1516,Car02,2016-10-15 18:00:00.000,ZoneA,ZoneA,U111
T1517,Car06,2021-07-18 10:00:00.000,ZoneB,ZoneD,U059
T1518,Car22,2017-02-16 02:00:00.000,ZoneD,ZoneA,U093
T1519,Car26,2015-10-23 15:00:00.000,ZoneC,ZoneD,U162
T1520,Car10,2019-08-27 14:00:00.000,ZoneD,ZoneD,U077
T1521,Car21,2020-06-12 09:00:00.000,ZoneA,ZoneC,U162
T1522,Car29,2020-07-31 18:00:00.000,ZoneB,ZoneD,U028
T1523,Car05,2020-09-23 12:00:00.000,ZoneD,ZoneC,U065
T1524,Car16,2017-06-01 07:00:00.000,ZoneD,ZoneD,U161
T1525,Car16,2015-09-17 14:00:00.000,ZoneD,ZoneA,U043
T1526,Car19,2015-04-08 22:00:00.000,ZoneC,ZoneA,U150
T1527,Car15,2020-03-07 12:00:00.000,ZoneA,ZoneD,U074
T1528,Car01,2020-09-17 21:00:00.000,ZoneC,ZoneA,U092
T1529,Car15,2020-12-29 09:00:00.000,ZoneA,ZoneB,U019
T1530,Car29,2015-04-21 05:00:00.000,ZoneD,ZoneC,U139
T1531,Car11,2021-11-21 21:00:00.000,ZoneD,ZoneA,U145
T1532,Car26,2019-08-06 08:00:00.000,ZoneB,ZoneD,U103
T1533,Car01,2015-08-01 17:00:00.000,ZoneC,ZoneB,U115
T1534,Car07,2016-05-08 03:00:00.000,ZoneC,ZoneD,U012
T1535,Car19,2019-11-08 07:00:00.000,ZoneB,ZoneB,U145
T1536,Car23,2015-03-27 15:00:00.000,ZoneA,ZoneD,U116
T1537,Car30,2019-02-24 10:00:00.000,ZoneC,ZoneC,U065
T1538,Car08,2019-07-18 04:00:00.000,ZoneC,ZoneD,U063
T1539,Car24,2021-08-14 12:00:00.000,ZoneD,ZoneB,U050
T1540,Car11,2020-08-14 07:00:00.000,ZoneC,ZoneB,U048
T1541,Car23,2017-04-08 08:00:00.000,ZoneC,ZoneB,U116
T1542,Car29,2020-06-07 14:00:00.000,ZoneD,ZoneD,U042
T1543,Car30,2021-01-12 03:00:00.000,ZoneA,ZoneC,U068
T1544,Car07,2018-06-23 14:00:00.000,ZoneB,ZoneD,U065
T1545,Car14,2017-06-20 01:00:00.000,ZoneC,ZoneB,U075
T1546,Car15,2017-11-24 13:00:00.000,ZoneD,ZoneB,U100
T1547,Car19,2016-02-17 07:00:00.000,ZoneC,ZoneC,U117
T1548,Car29,2018-06-21 17:00:00.000,ZoneB,ZoneB,U080
T1549,Car11,2017-06-21 07:00:00.000,ZoneB,ZoneD,U093
T1550,Car22,2016-04-03 23:00:00.000,ZoneD,ZoneA,U093
T1551,Car04,2015-02-20 10:00:00.000,ZoneD,ZoneA,U054
T1552,Car24,2019-04-25 20:00:00.000,ZoneA,ZoneA,U106
T1553,Car20,2017-11-28 12:00:00.000,ZoneD,ZoneB,U134
T1554,Car06,2021-05-02 13:00:00.000,ZoneA,ZoneB,U088
T1555,Car11,2020-09-01 05:00:00.000,ZoneD,ZoneD,U134
T1556,Car04,2015-01-04 18:00:00.000,ZoneD,ZoneB,U147
T1557,Car04,2018-10-13 16:00:00.000,ZoneA,ZoneA,U014
T1558,Car30,2018-09-29 02:00:00.000,ZoneA,ZoneB,U108
T1559,Car14,2017-03-30 04:00:00.000,ZoneB,ZoneC,U020
T1560,Car03,2015-09-25 07:00:00.000,ZoneC,ZoneB,U067
T1561,Car27,2018-12-23 22:00:00.000,ZoneC,ZoneA,U138
T1562,Car05,2018-09-05 08:00:00.000,ZoneD,ZoneB,U064
T1563,Car12,2018-03-09 08:00:00.000,ZoneA,ZoneD,U138
T1564,Car24,2020-10-08 12:00:00.000,ZoneC,ZoneC,U034
T1565,Car29,2017-12-15 14:00:00.000,ZoneA,ZoneC,U017
T1566,Car15,2020-09-19 23:00:00.000,ZoneD,ZoneD,U091
T1567,Car23,2020-06-10 17:00:00.000,ZoneD,ZoneD,U069
T1568,Car02,2019-03-20 19:00:00.000,ZoneA,ZoneC,U144
T1569,Car05,2020-08-05 08:00:00.000,ZoneC,ZoneC,U099
T1570,Car04,2015-05-19 23:00:00.000,ZoneC,ZoneB,U152
T1571,Car12,2020-10-26 15:00:00.000,ZoneA,ZoneD,U137
T1572,Car14,2017-11-03 02:00:00.000,ZoneD,ZoneD,U067
T1573,Car11,2017-11-22 06:00:00.000,ZoneB,ZoneA,U076
T1574,Car17,2016-10-28 21:00:00.000,ZoneD,ZoneC,U156
T1575,Car19,2020-09-23 17:00:00.000,ZoneB,ZoneA,U019
T1576,Car18,2016-08-21 03:00:00.000,ZoneB,ZoneC,U144
T1577,Car24,2019-07-26 02:00:00.000,ZoneB,ZoneD,U100
T1578,Car30,2021-10-20 14:00:00.000,ZoneA,ZoneB,U153
T1579,Car01,2021-03-06 11:00:00.000,ZoneB,ZoneC,U145
T1580,Car01,2015-01-28 22:00:00.000,ZoneD,ZoneA,U128
T1581,Car26,2015-08-17 13:00:00.000,ZoneB,ZoneB,U109
T3140,Car06,2021-01-20 06:00:00.000,ZoneA,ZoneA,U054
T3141,Car02,2018-09-28 11:00:00.000,ZoneA,ZoneA,U015
T3142,Car23,2020-09-03 07:00:00.000,ZoneD,ZoneC,U031
T3143,Car24,2020-07-20 12:00:00.000,ZoneA,ZoneA,U039
T3144,Car25,2015-08-22 08:00:00.000,ZoneD,ZoneA,U091
T3145,Car30,2021-11-06 06:00:00.000,ZoneD,ZoneD,U085
T3146,Car04,2019-05-23 18:00:00.000,ZoneD,ZoneD,U144
T3147,Car13,2017-01-24 04:00:00.000,ZoneA,ZoneD,U021
T3148,Car07,2020-08-28 21:00:00.000,ZoneA,ZoneC,U111
T3149,Car03,2021-04-06 22:00:00.000,ZoneD,ZoneA,U039
T3150,Car25,2018-04-15 05:00:00.000,ZoneB,ZoneA,U108
T3151,Car13,2017-07-29 15:00:00.000,ZoneA,ZoneC,U011
T3152,Car01,2017-04-18 08:00:00.000,ZoneD,ZoneD,U079
T3153,Car14,2021-01-22 13:00:00.000,ZoneA,ZoneC,U113
T3154,Car23,2017-08-28 20:00:00.000,ZoneC,ZoneD,U055
T3155,Car27,2016-04-06 21:00:00.000,ZoneD,ZoneC,U092
T3156,Car28,2020-05-20 11:00:00.000,ZoneA,ZoneB,U146
T3157,Car23,2019-10-14 02:00:00.000,ZoneD,ZoneC,U124
T3158,Car02,2020-05-25 16:00:00.000,ZoneA,ZoneA,U018
T3159,Car28,2015-08-17 08:00:00.000,ZoneD,ZoneD,U060
T3160,Car21,2016-05-23 13:00:00.000,ZoneA,ZoneC,U054
T3161,Car25,2021-10-17 21:00:00.000,ZoneD,ZoneB,U063
T3162,Car01,2019-09-07 10:00:00.000,ZoneB,ZoneB,U022
T3163,Car29,2019-01-28 18:00:00.000,ZoneA,ZoneA,U035
T3164,Car28,2019-12-15 14:00:00.000,ZoneC,ZoneA,U101
T3165,Car24,2015-10-07 09:00:00.000,ZoneC,ZoneD,U159
T3166,Car22,2020-02-16 07:00:00.000,ZoneD,ZoneA,U081
T3167,Car15,2017-05-12 12:00:00.000,ZoneC,ZoneA,U048
T3168,Car30,2017-01-17 12:00:00.000,ZoneC,ZoneC,U034
T3169,Car30,2017-04-15 00:00:00.000,ZoneA,ZoneB,U114
T3170,Car12,2021-04-04 00:00:00.000,ZoneB,ZoneB,U098
T3171,Car22,2017-01-06 01:00:00.000,ZoneB,ZoneD,U142
T3172,Car06,2020-07-23 15:00:00.000,ZoneD,ZoneB,U050
T3173,Car15,2020-09-08 17:00:00.000,ZoneC,ZoneC,U127
T3174,Car01,2020-03-03 03:00:00.000,ZoneD,ZoneA,U135
T3175,Car22,2015-11-05 03:00:00.000,ZoneC,ZoneA,U043
T3176,Car10,2017-11-18 17:00:00.000,ZoneD,ZoneA,U157
T3177,Car10,2020-05-31 17:00:00.000,ZoneC,ZoneD,U129
T3178,Car29,2020-01-09 19:00:00.000,ZoneB,ZoneA,U062
T3179,Car26,2016-01-12 16:00:00.000,ZoneD,ZoneB,U049
T3180,Car26,2016-05-28 03:00:00.000,ZoneB,ZoneA,U098
T3181,Car03,2015-03-02 10:00:00.000,ZoneB,ZoneB,U119
T3182,Car20,2021-12-25 05:00:00.000,ZoneC,ZoneC,U040
T3183,Car16,2016-03-12 16:00:00.000,ZoneD,ZoneB,U116
T3184,Car13,2021-12-09 19:00:00.000,ZoneA,ZoneD,U110
T3185,Car09,2018-08-08 05:00:00.000,ZoneD,ZoneB,U071
T3187,Car24,2015-03-03 16:00:00.000,ZoneD,ZoneD,U094
T3188,Car01,2015-07-11 21:00:00.000,ZoneD,ZoneC,U072
T3189,Car01,2018-12-13 12:00:00.000,ZoneD,ZoneA,U073
T3190,Car05,2020-07-01 03:00:00.000,ZoneD,ZoneA,U108
T3191,Car25,2021-06-08 15:00:00.000,ZoneB,ZoneC,U143
T3192,Car09,2019-07-14 15:00:00.000,ZoneB,ZoneC,U055
T3193,Car30,2016-12-16 15:00:00.000,ZoneD,ZoneC,U010
T3194,Car04,2021-10-28 22:00:00.000,ZoneC,ZoneA,U106
T3195,Car14,2017-06-15 21:00:00.000,ZoneC,ZoneC,U106
T3196,Car16,2018-02-16 22:00:00.000,ZoneC,ZoneA,U054
T3197,Car13,2021-11-17 17:00:00.000,ZoneD,ZoneB,U143
T3198,Car30,2016-05-30 05:00:00.000,ZoneC,ZoneC,U086
T3199,Car29,2020-04-09 00:00:00.000,ZoneD,ZoneD,U128
T3200,Car20,2020-12-26 06:00:00.000,ZoneA,ZoneA,U031
T3201,Car11,2015-06-15 00:00:00.000,ZoneD,ZoneD,U028
T3202,Car09,2020-01-19 04:00:00.000,ZoneC,ZoneB,U016
T3203,Car06,2016-11-01 15:00:00.000,ZoneC,ZoneD,U078
T3204,Car09,2015-10-06 18:00:00.000,ZoneB,ZoneA,U011
T3205,Car30,2016-10-23 16:00:00.000,ZoneA,ZoneD,U094
T3206,Car20,2015-02-05 20:00:00.000,ZoneA,ZoneA,U019
T3207,Car29,2020-08-23 06:00:00.000,ZoneB,ZoneB,U151
T3208,Car14,2021-11-20 05:00:00.000,ZoneD,ZoneA,U069
T3209,Car24,2020-04-16 07:00:00.000,ZoneB,ZoneD,U085
T3210,Car17,2021-07-21 08:00:00.000,ZoneD,ZoneA,U012
T3211,Car11,2015-09-22 14:00:00.000,ZoneC,ZoneB,U105
T3212,Car11,2017-12-06 15:00:00.000,ZoneA,ZoneD,U137
T3213,Car20,2015-02-01 01:00:00.000,ZoneC,ZoneB,U123
T3214,Car28,2020-11-23 13:00:00.000,ZoneB,ZoneB,U067
T3215,Car24,2018-10-30 03:00:00.000,ZoneA,ZoneA,U129
T3216,Car19,2017-03-23 07:00:00.000,ZoneD,ZoneD,U063
T3217,Car24,2016-09-16 19:00:00.000,ZoneA,ZoneA,U015
T3218,Car03,2016-02-06 01:00:00.000,ZoneC,ZoneD,U090
T3219,Car02,2019-10-17 10:00:00.000,ZoneA,ZoneD,U120
T3220,Car23,2020-04-07 13:00:00.000,ZoneC,ZoneA,U132
T3221,Car18,2018-07-31 22:00:00.000,ZoneA,ZoneC,U125
T3222,Car06,2020-07-26 03:00:00.000,ZoneD,ZoneA,U123
T3223,Car21,2016-08-27 04:00:00.000,ZoneA,ZoneB,U019
T3224,Car28,2020-11-30 10:00:00.000,ZoneC,ZoneB,U140
T3225,Car09,2017-02-02 03:00:00.000,ZoneC,ZoneA,U155
T3226,Car01,2015-08-12 23:00:00.000,ZoneC,ZoneD,U066
T3227,Car13,2018-12-30 14:00:00.000,ZoneC,ZoneC,U120
T3228,Car20,2019-10-14 17:00:00.000,ZoneC,ZoneB,U152
T3229,Car07,2019-07-05 01:00:00.000,ZoneD,ZoneA,U157
T3230,Car16,2015-02-22 17:00:00.000,ZoneA,ZoneC,U021
T3231,Car26,2017-10-21 14:00:00.000,ZoneC,ZoneD,U081
T3232,Car03,2017-01-07 12:00:00.000,ZoneA,ZoneC,U087
T3233,Car08,2021-09-02 01:00:00.000,ZoneB,ZoneD,U093
T3234,Car25,2021-12-05 20:00:00.000,ZoneA,ZoneB,U031
T3235,Car08,2018-10-10 18:00:00.000,ZoneB,ZoneD,U011
T3236,Car03,2015-11-05 03:00:00.000,ZoneC,ZoneC,U064
T3237,Car28,2019-09-15 18:00:00.000,ZoneD,ZoneD,U118
T3238,Car03,2017-02-25 21:00:00.000,ZoneC,ZoneB,U162
T3239,Car19,2017-10-03 01:00:00.000,ZoneD,ZoneB,U057
T3240,Car12,2015-12-28 01:00:00.000,ZoneA,ZoneC,U105
T3241,Car08,2017-11-01 10:00:00.000,ZoneA,ZoneD,U050
T3242,Car07,2020-08-10 23:00:00.000,ZoneB,ZoneA,U107
T3243,Car16,2020-05-29 10:00:00.000,ZoneC,ZoneB,U016
T3244,Car30,2015-01-17 16:00:00.000,ZoneC,ZoneC,U088
T3245,Car23,2019-07-23 09:00:00.000,ZoneB,ZoneC,U019
T3246,Car19,2019-03-22 21:00:00.000,ZoneB,ZoneB,U040
T3247,Car29,2018-02-20 16:00:00.000,ZoneD,ZoneA,U131
T3248,Car08,2020-12-16 11:00:00.000,ZoneD,ZoneD,U033
T3249,Car10,2019-06-24 05:00:00.000,ZoneD,ZoneA,U088
T3250,Car26,2016-03-26 00:00:00.000,ZoneC,ZoneC,U129
T3251,Car29,2015-07-02 07:00:00.000,ZoneD,ZoneA,U096
T3252,Car04,2018-07-18 09:00:00.000,ZoneA,ZoneA,U075
T3253,Car11,2021-11-20 05:00:00.000,ZoneB,ZoneB,U049
T3254,Car10,2021-11-02 22:00:00.000,ZoneC,ZoneD,U120
T3255,Car02,2021-08-10 03:00:00.000,ZoneA,ZoneD,U129
T3256,Car18,2019-02-20 16:00:00.000,ZoneA,ZoneB,U108
T3257,Car21,2018-11-20 04:00:00.000,ZoneA,ZoneB,U080
T3258,Car13,2015-02-25 15:00:00.000,ZoneD,ZoneC,U094
T3259,Car23,2021-08-04 02:00:00.000,ZoneA,ZoneA,U148
T3260,Car05,2019-07-09 10:00:00.000,ZoneA,ZoneA,U047
T3261,Car21,2019-01-11 11:00:00.000,ZoneA,ZoneA,U054
T3262,Car15,2016-11-22 21:00:00.000,ZoneA,ZoneC,U118
T3263,Car27,2018-03-10 14:00:00.000,ZoneC,ZoneA,U020
T3264,Car27,2016-07-06 12:00:00.000,ZoneD,ZoneD,U101
T3265,Car12,2021-12-29 14:00:00.000,ZoneB,ZoneB,U030
T3266,Car17,2018-03-01 10:00:00.000,ZoneA,ZoneC,U127
T3267,Car29,2018-04-29 09:00:00.000,ZoneB,ZoneA,U098
T3268,Car29,2016-11-02 01:00:00.000,ZoneC,ZoneD,U104
T3269,Car17,2020-08-04 12:00:00.000,ZoneC,ZoneA,U153
T3270,Car06,2021-06-05 22:00:00.000,ZoneA,ZoneC,U062
T3271,Car28,2021-10-19 23:00:00.000,ZoneA,ZoneD,U156
T3272,Car22,2017-02-24 05:00:00.000,ZoneC,ZoneA,U079
T3273,Car09,2020-08-01 09:00:00.000,ZoneC,ZoneA,U014
T3274,Car09,2016-04-06 16:00:00.000,ZoneC,ZoneB,U132
T3275,Car02,2020-12-02 02:00:00.000,ZoneD,ZoneC,U030
T3276,Car22,2017-08-09 16:00:00.000,ZoneC,ZoneD,U120
T3277,Car14,2021-04-15 01:00:00.000,ZoneA,ZoneA,U134
T3278,Car07,2018-02-24 15:00:00.000,ZoneC,ZoneB,U020
T3279,Car02,2021-01-26 22:00:00.000,ZoneD,ZoneD,U146
T3280,Car27,2017-07-29 20:00:00.000,ZoneA,ZoneC,U102
T3281,Car05,2016-07-11 02:00:00.000,ZoneD,ZoneD,U147
T3283,Car25,2015-08-04 15:00:00.000,ZoneB,ZoneC,U063
T3284,Car22,2015-04-23 22:00:00.000,ZoneC,ZoneB,U151
T3285,Car02,2018-03-28 17:00:00.000,ZoneB,ZoneB,U056
T3286,Car26,2016-07-14 00:00:00.000,ZoneC,ZoneD,U059
T3287,Car15,2020-09-21 00:00:00.000,ZoneA,ZoneA,U110
T3288,Car18,2020-05-26 02:00:00.000,ZoneB,ZoneB,U103
T3289,Car17,2015-02-10 10:00:00.000,ZoneC,ZoneA,U079
T3290,Car11,2015-02-25 00:00:00.000,ZoneA,ZoneA,U042
T3291,Car22,2020-06-08 20:00:00.000,ZoneD,ZoneD,U048
T3292,Car22,2018-05-20 10:00:00.000,ZoneB,ZoneA,U043
T3293,Car08,2019-10-15 13:00:00.000,ZoneA,ZoneA,U114
T3294,Car05,2015-01-15 04:00:00.000,ZoneC,ZoneA,U073
T3295,Car13,2015-09-29 06:00:00.000,ZoneC,ZoneD,U045
T3296,Car05,2018-11-09 23:00:00.000,ZoneC,ZoneD,U104
T3297,Car11,2017-07-09 10:00:00.000,ZoneD,ZoneB,U017
T3298,Car26,2018-11-14 18:00:00.000,ZoneB,ZoneD,U139
T3299,Car13,2016-07-30 16:00:00.000,ZoneC,ZoneC,U010
T3300,Car18,2020-10-17 06:00:00.000,ZoneB,ZoneA,U028
T3301,Car21,2020-12-19 09:00:00.000,ZoneA,ZoneB,U058
T3302,Car02,2016-12-04 03:00:00.000,ZoneC,ZoneD,U133
T3303,Car06,2017-12-18 22:00:00.000,ZoneD,ZoneA,U010
T3304,Car24,2016-10-17 05:00:00.000,ZoneA,ZoneD,U038
T3305,Car05,2021-11-21 01:00:00.000,ZoneD,ZoneD,U151
T3306,Car14,2019-08-16 13:00:00.000,ZoneD,ZoneC,U035
T3307,Car20,2016-05-11 21:00:00.000,ZoneB,ZoneB,U128
T3308,Car07,2015-04-14 03:00:00.000,ZoneB,ZoneA,U086
T3309,Car30,2016-07-29 05:00:00.000,ZoneA,ZoneA,U077
T3310,Car10,2020-06-12 09:00:00.000,ZoneB,ZoneC,U093
T3311,Car02,2020-05-21 02:00:00.000,ZoneA,ZoneB,U098
T3312,Car28,2018-10-02 10:00:00.000,ZoneB,ZoneB,U129
T3313,Car29,2017-06-03 14:00:00.000,ZoneA,ZoneC,U015
T3314,Car14,2019-08-22 19:00:00.000,ZoneB,ZoneA,U094
T3315,Car25,2015-08-02 13:00:00.000,ZoneB,ZoneD,U126
T3316,Car18,2021-03-19 04:00:00.000,ZoneC,ZoneD,U141
T3317,Car14,2016-11-01 10:00:00.000,ZoneD,ZoneB,U161
T3318,Car22,2019-08-26 23:00:00.000,ZoneA,ZoneB,U154
T3319,Car13,2019-07-15 16:00:00.000,ZoneB,ZoneD,U127
T3320,Car27,2015-08-25 21:00:00.000,ZoneA,ZoneB,U050
T3321,Car20,2018-10-30 03:00:00.000,ZoneC,ZoneA,U099
T3322,Car02,2016-08-06 13:00:00.000,ZoneB,ZoneC,U117
T3323,Car21,2017-09-21 04:00:00.000,ZoneC,ZoneD,U076
T3324,Car08,2021-01-20 11:00:00.000,ZoneD,ZoneC,U123
T3325,Car14,2016-06-07 03:00:00.000,ZoneA,ZoneD,U043
T3326,Car30,2021-03-15 10:00:00.000,ZoneA,ZoneB,U119
T3327,Car04,2018-02-08 09:00:00.000,ZoneB,ZoneD,U090
T3328,Car29,2021-05-10 06:00:00.000,ZoneD,ZoneC,U148
T3329,Car08,2021-08-12 20:00:00.000,ZoneA,ZoneD,U072
T3331,Car21,2017-12-11 00:00:00.000,ZoneD,ZoneD,U107
T3332,Car01,2017-03-01 20:00:00.000,ZoneC,ZoneB,U029
T3333,Car19,2016-09-09 07:00:00.000,ZoneB,ZoneC,U119
T3334,Car17,2016-09-05 13:00:00.000,ZoneC,ZoneA,U096
T3335,Car29,2019-04-15 05:00:00.000,ZoneD,ZoneC,U124
T3336,Car10,2015-11-18 21:00:00.000,ZoneC,ZoneA,U108
T3337,Car16,2017-05-27 02:00:00.000,ZoneB,ZoneB,U067
T3338,Car13,2018-10-31 04:00:00.000,ZoneB,ZoneD,U044
T3339,Car27,2018-06-09 20:00:00.000,ZoneD,ZoneC,U144
T3340,Car18,2019-07-10 11:00:00.000,ZoneC,ZoneB,U038
T3341,Car03,2020-01-18 08:00:00.000,ZoneA,ZoneD,U033
T3342,Car01,2021-07-10 02:00:00.000,ZoneC,ZoneB,U031
T3343,Car19,2021-04-25 11:00:00.000,ZoneD,ZoneA,U096
T3344,Car01,2020-09-07 01:00:00.000,ZoneA,ZoneA,U116
T3345,Car06,2020-12-25 10:00:00.000,ZoneC,ZoneA,U158
T3346,Car13,2018-09-05 08:00:00.000,ZoneD,ZoneD,U113
T3347,Car20,2019-11-14 08:00:00.000,ZoneB,ZoneA,U154
T3348,Car17,2016-01-15 04:00:00.000,ZoneD,ZoneA,U139
T3349,Car28,2018-04-26 01:00:00.000,ZoneB,ZoneC,U156
T3350,Car17,2020-10-24 18:00:00.000,ZoneA,ZoneD,U117
T3351,Car03,2018-07-31 12:00:00.000,ZoneB,ZoneB,U146
T3352,Car17,2021-09-17 11:00:00.000,ZoneD,ZoneD,U138
T3353,Car13,2019-10-08 16:00:00.000,ZoneD,ZoneB,U115
T3354,Car15,2017-06-29 00:00:00.000,ZoneC,ZoneA,U100
T3355,Car05,2015-03-24 22:00:00.000,ZoneB,ZoneB,U119
T3356,Car22,2021-01-11 12:00:00.000,ZoneC,ZoneA,U019
T3357,Car10,2021-10-01 10:00:00.000,ZoneD,ZoneA,U046
T3358,Car24,2015-12-08 01:00:00.000,ZoneC,ZoneD,U140
T3359,Car27,2016-03-10 04:00:00.000,ZoneB,ZoneB,U069
T3360,Car03,2015-03-30 23:00:00.000,ZoneD,ZoneC,U015
T3361,Car26,2020-09-15 09:00:00.000,ZoneB,ZoneC,U092
T3362,Car24,2015-12-09 12:00:00.000,ZoneD,ZoneB,U109
T3363,Car06,2015-06-20 00:00:00.000,ZoneC,ZoneC,U150
T3364,Car25,2021-07-13 15:00:00.000,ZoneB,ZoneC,U014
T3365,Car07,2017-10-27 00:00:00.000,ZoneD,ZoneC,U141
T3366,Car29,2018-06-12 08:00:00.000,ZoneD,ZoneA,U085
T3367,Car20,2019-08-31 23:00:00.000,ZoneD,ZoneD,U049
T3368,Car11,2021-11-21 06:00:00.000,ZoneD,ZoneC,U064
T3369,Car24,2018-11-24 13:00:00.000,ZoneB,ZoneA,U084
T3370,Car17,2019-03-05 09:00:00.000,ZoneC,ZoneD,U140
T3371,Car29,2015-11-29 07:00:00.000,ZoneC,ZoneB,U101
T3372,Car02,2019-04-12 17:00:00.000,ZoneA,ZoneB,U131
T3373,Car20,2016-05-25 15:00:00.000,ZoneA,ZoneA,U151
T3374,Car10,2020-01-22 17:00:00.000,ZoneA,ZoneA,U110
T3375,Car26,2019-04-16 01:00:00.000,ZoneC,ZoneB,U070
T3376,Car11,2015-10-03 10:00:00.000,ZoneC,ZoneC,U047
T3377,Car04,2016-10-24 02:00:00.000,ZoneC,ZoneC,U097
T3378,Car12,2019-08-25 17:00:00.000,ZoneB,ZoneB,U026
T3379,Car30,2017-04-18 08:00:00.000,ZoneD,ZoneB,U061
T3380,Car13,2020-12-20 20:00:00.000,ZoneD,ZoneC,U020
T3381,Car22,2019-04-13 08:00:00.000,ZoneC,ZoneB,U065
T3382,Car19,2019-08-24 06:00:00.000,ZoneB,ZoneD,U042
T3383,Car15,2019-10-02 20:00:00.000,ZoneB,ZoneA,U019
T3384,Car24,2019-05-12 02:00:00.000,ZoneB,ZoneA,U040
T3385,Car09,2020-10-19 03:00:00.000,ZoneB,ZoneB,U111
T3386,Car05,2017-05-29 14:00:00.000,ZoneC,ZoneC,U137
T3387,Car16,2015-12-05 08:00:00.000,ZoneD,ZoneC,U041
T3388,Car26,2015-05-11 00:00:00.000,ZoneB,ZoneA,U029
T3389,Car13,2017-05-22 17:00:00.000,ZoneB,ZoneA,U107
T3390,Car11,2021-01-05 11:00:00.000,ZoneB,ZoneA,U091
T3391,Car03,2021-03-10 00:00:00.000,ZoneB,ZoneD,U071
T3392,Car20,2016-10-16 14:00:00.000,ZoneA,ZoneA,U160
T3393,Car04,2018-04-08 03:00:00.000,ZoneC,ZoneC,U021
T3394,Car21,2019-06-17 23:00:00.000,ZoneD,ZoneD,U051
T3395,Car22,2015-03-18 16:00:00.000,ZoneC,ZoneD,U057
T3396,Car19,2015-12-13 06:00:00.000,ZoneA,ZoneB,U077
T3397,Car29,2021-11-03 08:00:00.000,ZoneD,ZoneB,U033
T3398,Car28,2019-03-10 09:00:00.000,ZoneD,ZoneD,U012
T3399,Car02,2018-05-11 06:00:00.000,ZoneA,ZoneC,U082
T3400,Car17,2020-12-18 18:00:00.000,ZoneB,ZoneC,U059
T3401,Car08,2017-12-01 05:00:00.000,ZoneB,ZoneD,U158
T3402,Car13,2021-11-23 13:00:00.000,ZoneC,ZoneC,U129
T3403,Car22,2018-06-27 23:00:00.000,ZoneC,ZoneB,U158
T3404,Car26,2020-11-03 08:00:00.000,ZoneC,ZoneB,U053
T3405,Car06,2016-02-08 08:00:00.000,ZoneD,ZoneB,U083
T3406,Car16,2018-01-06 11:00:00.000,ZoneA,ZoneD,U043
T3407,Car29,2016-12-31 20:00:00.000,ZoneC,ZoneC,U092
T3408,Car25,2019-07-21 12:00:00.000,ZoneA,ZoneB,U025
T3409,Car05,2015-10-05 22:00:00.000,ZoneD,ZoneC,U096
T3410,Car25,2021-11-18 13:00:00.000,ZoneA,ZoneB,U070
T3411,Car22,2018-12-11 00:00:00.000,ZoneA,ZoneD,U012
T3412,Car11,2020-01-11 06:00:00.000,ZoneD,ZoneA,U038
T3413,Car14,2020-04-12 03:00:00.000,ZoneB,ZoneA,U077
T3414,Car25,2017-07-07 13:00:00.000,ZoneC,ZoneB,U023
T3415,Car05,2021-07-02 14:00:00.000,ZoneD,ZoneC,U066
T3416,Car25,2016-01-22 11:00:00.000,ZoneB,ZoneC,U089
T3417,Car08,2015-05-15 09:00:00.000,ZoneC,ZoneA,U112
T3418,Car21,2020-05-10 16:00:00.000,ZoneB,ZoneB,U021
T3419,Car03,2018-06-29 05:00:00.000,ZoneB,ZoneB,U101
T3420,Car01,2016-12-14 18:00:00.000,ZoneB,ZoneD,U144
T3421,Car19,2017-12-09 08:00:00.000,ZoneA,ZoneA,U112
T3422,Car22,2019-12-04 13:00:00.000,ZoneB,ZoneD,U033
T3423,Car06,2016-06-03 09:00:00.000,ZoneA,ZoneC,U015
T3424,Car28,2016-02-14 04:00:00.000,ZoneC,ZoneC,U067
T3425,Car12,2015-11-30 13:00:00.000,ZoneB,ZoneB,U116
T3426,Car23,2019-11-03 17:00:00.000,ZoneB,ZoneC,U144
T3427,Car10,2020-06-07 14:00:00.000,ZoneA,ZoneB,U010
T3428,Car19,2021-09-16 10:00:00.000,ZoneD,ZoneD,U117
T3429,Car14,2015-12-23 21:00:00.000,ZoneD,ZoneB,U089
T3430,Car27,2020-01-13 03:00:00.000,ZoneD,ZoneA,U036
T3431,Car25,2019-09-03 21:00:00.000,ZoneC,ZoneD,U148
T3432,Car21,2015-09-30 07:00:00.000,ZoneB,ZoneA,U115
T3433,Car03,2018-10-24 17:00:00.000,ZoneB,ZoneA,U068
T3434,Car02,2015-07-30 15:00:00.000,ZoneC,ZoneA,U049
T3435,Car13,2021-06-05 12:00:00.000,ZoneA,ZoneA,U012
T3436,Car12,2019-12-03 22:00:00.000,ZoneA,ZoneD,U030
T3437,Car03,2015-07-26 21:00:00.000,ZoneA,ZoneA,U157
T3438,Car19,2018-12-23 07:00:00.000,ZoneA,ZoneD,U162
T3439,Car10,2021-05-01 07:00:00.000,ZoneC,ZoneD,U097
T3440,Car13,2017-06-13 19:00:00.000,ZoneD,ZoneB,U072
T3441,Car03,2018-02-09 05:00:00.000,ZoneA,ZoneC,U078
T3442,Car25,2019-05-06 21:00:00.000,ZoneC,ZoneA,U142
T3443,Car18,2020-04-23 19:00:00.000,ZoneC,ZoneB,U077
T3444,Car23,2019-10-06 04:00:00.000,ZoneA,ZoneA,U075
T3445,Car26,2021-09-20 19:00:00.000,ZoneC,ZoneC,U037
T3446,Car09,2021-12-06 21:00:00.000,ZoneA,ZoneA,U147
T3447,Car11,2020-09-26 15:00:00.000,ZoneA,ZoneA,U131
T3448,Car26,2017-08-21 18:00:00.000,ZoneB,ZoneD,U082
T3449,Car15,2021-01-11 22:00:00.000,ZoneC,ZoneA,U139
T3450,Car18,2015-03-11 04:00:00.000,ZoneC,ZoneC,U086
T3451,Car08,2015-07-31 01:00:00.000,ZoneB,ZoneC,U066
T3452,Car13,2020-09-11 00:00:00.000,ZoneA,ZoneD,U135
T3453,Car29,2019-03-07 21:00:00.000,ZoneA,ZoneA,U029
T3454,Car05,2019-02-21 07:00:00.000,ZoneA,ZoneD,U158
T3455,Car19,2018-06-27 03:00:00.000,ZoneA,ZoneD,U117
T3456,Car23,2016-12-06 15:00:00.000,ZoneA,ZoneB,U139
T3457,Car25,2018-11-27 11:00:00.000,ZoneD,ZoneD,U104
T3458,Car07,2019-12-25 19:00:00.000,ZoneA,ZoneB,U132
T3459,Car13,2020-03-06 01:00:00.000,ZoneD,ZoneA,U046
T3460,Car01,2021-04-07 08:00:00.000,ZoneD,ZoneC,U091
T3461,Car24,2017-09-30 03:00:00.000,ZoneD,ZoneA,U094
T3462,Car05,2017-09-02 10:00:00.000,ZoneA,ZoneB,U093
T3463,Car21,2018-02-04 00:00:00.000,ZoneC,ZoneD,U057
T3464,Car15,2019-07-23 04:00:00.000,ZoneD,ZoneB,U132
T3465,Car02,2018-01-30 00:00:00.000,ZoneA,ZoneD,U060
T3466,Car09,2017-10-24 07:00:00.000,ZoneA,ZoneD,U045
T3467,Car01,2018-04-11 11:00:00.000,ZoneA,ZoneC,U031
T3468,Car06,2015-06-02 12:00:00.000,ZoneC,ZoneD,U092
T3469,Car10,2017-05-02 12:00:00.000,ZoneC,ZoneD,U133
T3470,Car04,2019-05-21 11:00:00.000,ZoneD,ZoneA,U065
T3471,Car15,2017-01-04 04:00:00.000,ZoneC,ZoneD,U122
T3472,Car30,2017-01-05 20:00:00.000,ZoneB,ZoneC,U099
T3473,Car01,2020-12-28 13:00:00.000,ZoneA,ZoneC,U143
T3474,Car06,2015-01-07 11:00:00.000,ZoneB,ZoneD,U015
T3475,Car27,2021-02-16 23:00:00.000,ZoneC,ZoneC,U019
T3476,Car04,2018-07-12 08:00:00.000,ZoneA,ZoneB,U081
T3478,Car16,2015-09-05 22:00:00.000,ZoneA,ZoneA,U132
T3479,Car28,2017-02-28 04:00:00.000,ZoneC,ZoneA,U095
T3480,Car14,2016-07-31 12:00:00.000,ZoneD,ZoneB,U062
T3481,Car22,2018-07-24 10:00:00.000,ZoneB,ZoneA,U030
T3482,Car28,2015-01-27 21:00:00.000,ZoneA,ZoneC,U092
T3483,Car27,2020-12-21 06:00:00.000,ZoneB,ZoneA,U049
T3484,Car28,2019-12-12 01:00:00.000,ZoneB,ZoneC,U031
T3485,Car08,2015-12-10 03:00:00.000,ZoneA,ZoneD,U066
T3486,Car16,2018-08-06 03:00:00.000,ZoneA,ZoneA,U013
T3487,Car06,2019-07-14 00:00:00.000,ZoneC,ZoneD,U099
T2273,Car02,2016-10-23 01:00:00.000,ZoneA,ZoneC,U099
T2274,Car05,2018-09-11 04:00:00.000,ZoneD,ZoneD,U147
T2275,Car29,2021-06-30 02:00:00.000,ZoneD,ZoneB,U112
T2276,Car24,2015-08-26 07:00:00.000,ZoneB,ZoneB,U116
T2277,Car05,2020-05-13 09:00:00.000,ZoneD,ZoneD,U119
T2278,Car10,2019-03-24 13:00:00.000,ZoneD,ZoneA,U108
T2279,Car12,2017-12-21 20:00:00.000,ZoneD,ZoneD,U015
T2280,Car05,2017-11-08 02:00:00.000,ZoneB,ZoneB,U124
T2281,Car13,2015-03-28 21:00:00.000,ZoneC,ZoneB,U108
T2282,Car19,2017-11-17 11:00:00.000,ZoneB,ZoneC,U132
T2283,Car12,2019-09-17 20:00:00.000,ZoneC,ZoneB,U047
T2284,Car27,2020-03-05 15:00:00.000,ZoneA,ZoneD,U157
T2285,Car24,2018-04-03 23:00:00.000,ZoneA,ZoneD,U051
T2286,Car09,2019-11-23 17:00:00.000,ZoneC,ZoneC,U091
T2287,Car10,2017-09-13 01:00:00.000,ZoneC,ZoneA,U061
T2288,Car04,2015-10-09 01:00:00.000,ZoneD,ZoneC,U052
T2289,Car23,2021-10-22 11:00:00.000,ZoneD,ZoneA,U063
T2290,Car11,2019-11-22 01:00:00.000,ZoneA,ZoneA,U071
T2291,Car21,2015-01-13 22:00:00.000,ZoneC,ZoneA,U034
T2292,Car26,2017-07-09 15:00:00.000,ZoneD,ZoneC,U147
T2293,Car04,2017-01-12 12:00:00.000,ZoneD,ZoneB,U155
T2294,Car16,2017-09-15 03:00:00.000,ZoneA,ZoneC,U108
T2295,Car17,2018-05-05 10:00:00.000,ZoneA,ZoneC,U033
T2296,Car26,2016-12-16 20:00:00.000,ZoneA,ZoneB,U037
T2297,Car03,2020-01-22 02:00:00.000,ZoneC,ZoneD,U011
T2298,Car27,2015-11-21 14:00:00.000,ZoneA,ZoneB,U139
T2299,Car04,2016-04-10 00:00:00.000,ZoneB,ZoneA,U011
T2300,Car05,2016-12-27 01:00:00.000,ZoneA,ZoneB,U153
T2301,Car05,2016-10-10 13:00:00.000,ZoneB,ZoneD,U132
T2302,Car16,2018-01-27 12:00:00.000,ZoneB,ZoneB,U103
T2303,Car07,2020-12-27 17:00:00.000,ZoneB,ZoneD,U033
T2304,Car30,2019-08-31 18:00:00.000,ZoneD,ZoneD,U060
T2305,Car25,2017-03-29 18:00:00.000,ZoneA,ZoneC,U110
T2306,Car01,2021-09-08 17:00:00.000,ZoneB,ZoneD,U032
T2307,Car18,2021-11-14 19:00:00.000,ZoneC,ZoneA,U145
T2308,Car26,2018-11-28 02:00:00.000,ZoneC,ZoneA,U093
T2309,Car05,2019-12-23 07:00:00.000,ZoneA,ZoneB,U018
T2310,Car05,2021-09-08 12:00:00.000,ZoneC,ZoneD,U015
T2311,Car23,2018-06-08 14:00:00.000,ZoneB,ZoneD,U154
T2312,Car04,2018-08-07 19:00:00.000,ZoneD,ZoneD,U087
T2313,Car22,2018-02-17 23:00:00.000,ZoneB,ZoneD,U053
T2314,Car28,2016-03-23 07:00:00.000,ZoneA,ZoneA,U077
T2315,Car26,2017-12-09 18:00:00.000,ZoneA,ZoneC,U032
T2316,Car05,2016-03-30 14:00:00.000,ZoneB,ZoneD,U091
T2317,Car07,2016-07-21 22:00:00.000,ZoneA,ZoneC,U079
T2318,Car26,2019-06-16 22:00:00.000,ZoneB,ZoneA,U094
T2319,Car22,2015-01-18 02:00:00.000,ZoneB,ZoneB,U062
T2320,Car19,2019-11-24 13:00:00.000,ZoneC,ZoneB,U120
T2321,Car22,2016-06-27 08:00:00.000,ZoneC,ZoneD,U041
T2322,Car25,2015-06-17 12:00:00.000,ZoneC,ZoneB,U152
T2323,Car16,2019-03-27 01:00:00.000,ZoneD,ZoneB,U132
T2324,Car25,2016-04-09 19:00:00.000,ZoneD,ZoneD,U125
T2325,Car08,2020-09-07 06:00:00.000,ZoneB,ZoneA,U111
T2326,Car14,2018-09-05 13:00:00.000,ZoneC,ZoneB,U035
T2327,Car14,2017-06-21 22:00:00.000,ZoneB,ZoneC,U129
T2328,Car19,2021-08-31 19:00:00.000,ZoneD,ZoneA,U098
T2329,Car21,2015-07-08 18:00:00.000,ZoneD,ZoneB,U062
T2330,Car13,2021-10-21 10:00:00.000,ZoneD,ZoneB,U058
T2331,Car12,2021-04-24 15:00:00.000,ZoneD,ZoneC,U049
T2332,Car07,2018-08-02 19:00:00.000,ZoneD,ZoneA,U048
T2333,Car27,2016-02-21 21:00:00.000,ZoneB,ZoneB,U123
T2334,Car16,2016-12-03 07:00:00.000,ZoneB,ZoneA,U148
T2335,Car20,2016-01-06 20:00:00.000,ZoneB,ZoneD,U082
T2336,Car05,2019-11-23 07:00:00.000,ZoneC,ZoneB,U118
T2337,Car05,2019-05-22 02:00:00.000,ZoneA,ZoneC,U072
T2338,Car07,2021-02-12 09:00:00.000,ZoneC,ZoneD,U086
T2339,Car27,2015-01-17 21:00:00.000,ZoneA,ZoneA,U027
T2340,Car01,2017-10-26 19:00:00.000,ZoneA,ZoneA,U112
T2341,Car17,2017-07-15 16:00:00.000,ZoneC,ZoneA,U067
T2342,Car11,2021-08-23 06:00:00.000,ZoneC,ZoneA,U070
T2343,Car17,2016-02-11 21:00:00.000,ZoneA,ZoneC,U059
T2344,Car14,2018-08-01 23:00:00.000,ZoneC,ZoneB,U050
T2345,Car26,2021-03-21 01:00:00.000,ZoneB,ZoneA,U152
T2346,Car12,2015-07-10 15:00:00.000,ZoneA,ZoneC,U068
T2347,Car13,2020-05-21 02:00:00.000,ZoneB,ZoneD,U151
T2348,Car29,2016-06-20 21:00:00.000,ZoneB,ZoneA,U014
T2349,Car11,2020-11-15 00:00:00.000,ZoneA,ZoneD,U073
T2350,Car27,2021-03-20 00:00:00.000,ZoneA,ZoneC,U019
T2351,Car02,2020-03-30 00:00:00.000,ZoneA,ZoneA,U116
T2352,Car04,2015-05-10 04:00:00.000,ZoneD,ZoneC,U067
T2353,Car18,2015-12-19 02:00:00.000,ZoneB,ZoneB,U091
T2354,Car12,2019-09-24 17:00:00.000,ZoneC,ZoneC,U122
T2355,Car09,2015-03-08 21:00:00.000,ZoneA,ZoneB,U033
T2356,Car06,2015-12-03 21:00:00.000,ZoneD,ZoneD,U084
T2357,Car30,2020-10-31 10:00:00.000,ZoneA,ZoneD,U127
T2358,Car19,2016-07-05 06:00:00.000,ZoneB,ZoneC,U146
T2359,Car10,2016-09-27 00:00:00.000,ZoneC,ZoneC,U161
T2360,Car20,2016-05-09 09:00:00.000,ZoneC,ZoneC,U160
T2361,Car19,2016-11-30 19:00:00.000,ZoneD,ZoneC,U108
T2362,Car02,2018-05-15 05:00:00.000,ZoneB,ZoneB,U112
T2363,Car21,2019-05-06 01:00:00.000,ZoneD,ZoneC,U050
T2364,Car27,2017-05-15 00:00:00.000,ZoneD,ZoneC,U052
T2365,Car02,2019-07-21 12:00:00.000,ZoneD,ZoneA,U046
T2366,Car16,2018-08-21 13:00:00.000,ZoneB,ZoneC,U121
T2367,Car13,2017-06-11 12:00:00.000,ZoneC,ZoneB,U159
T2368,Car08,2016-02-21 16:00:00.000,ZoneA,ZoneB,U109
T2369,Car30,2021-03-15 20:00:00.000,ZoneD,ZoneB,U096
T2370,Car07,2017-03-18 02:00:00.000,ZoneA,ZoneA,U086
T2371,Car04,2019-04-03 23:00:00.000,ZoneD,ZoneB,U036
T2372,Car10,2018-12-13 17:00:00.000,ZoneD,ZoneB,U024
T2373,Car08,2018-05-19 14:00:00.000,ZoneC,ZoneB,U017
T2374,Car30,2019-04-14 09:00:00.000,ZoneD,ZoneB,U041
T2375,Car18,2015-09-26 18:00:00.000,ZoneC,ZoneB,U154
T2376,Car14,2020-07-15 22:00:00.000,ZoneB,ZoneC,U092
T2377,Car02,2019-03-13 12:00:00.000,ZoneB,ZoneA,U022
T2378,Car08,2018-01-30 20:00:00.000,ZoneB,ZoneC,U101
T2379,Car19,2015-06-27 07:00:00.000,ZoneC,ZoneA,U026
T2380,Car24,2019-01-06 16:00:00.000,ZoneB,ZoneC,U116
T2381,Car02,2015-11-30 18:00:00.000,ZoneD,ZoneC,U012
T2382,Car30,2021-03-14 14:00:00.000,ZoneC,ZoneA,U091
T2383,Car13,2017-09-15 03:00:00.000,ZoneC,ZoneC,U044
T2384,Car28,2020-04-01 17:00:00.000,ZoneC,ZoneB,U075
T2385,Car25,2017-05-28 03:00:00.000,ZoneD,ZoneA,U064
T2386,Car04,2020-10-31 05:00:00.000,ZoneA,ZoneC,U148
T2387,Car20,2016-06-21 07:00:00.000,ZoneA,ZoneD,U131
T2388,Car24,2020-04-15 01:00:00.000,ZoneC,ZoneB,U059
T2389,Car19,2017-08-10 22:00:00.000,ZoneB,ZoneD,U120
T2390,Car22,2015-07-27 22:00:00.000,ZoneC,ZoneB,U084
T2391,Car25,2020-02-20 06:00:00.000,ZoneA,ZoneD,U146
T2392,Car25,2020-04-02 23:00:00.000,ZoneA,ZoneC,U020
T2393,Car10,2019-12-21 15:00:00.000,ZoneB,ZoneC,U141
T2394,Car01,2018-06-29 05:00:00.000,ZoneB,ZoneC,U053
T2395,Car27,2016-01-28 22:00:00.000,ZoneD,ZoneC,U057
T2396,Car22,2015-11-30 03:00:00.000,ZoneB,ZoneB,U077
T2397,Car01,2016-11-24 03:00:00.000,ZoneC,ZoneB,U010
T2398,Car30,2021-12-13 18:00:00.000,ZoneB,ZoneD,U023
T2399,Car21,2017-01-08 08:00:00.000,ZoneB,ZoneD,U083
T2400,Car20,2019-08-11 13:00:00.000,ZoneC,ZoneC,U101
T2401,Car12,2015-10-02 19:00:00.000,ZoneC,ZoneA,U058
T2402,Car25,2018-07-14 15:00:00.000,ZoneA,ZoneA,U115
T2403,Car16,2020-09-01 15:00:00.000,ZoneB,ZoneA,U113
T2404,Car09,2016-06-14 20:00:00.000,ZoneA,ZoneA,U124
T2405,Car11,2015-10-14 06:00:00.000,ZoneD,ZoneB,U113
T2406,Car17,2018-04-10 10:00:00.000,ZoneA,ZoneD,U044
T2407,Car03,2016-12-05 04:00:00.000,ZoneC,ZoneD,U127
T2408,Car07,2016-01-14 23:00:00.000,ZoneA,ZoneD,U105
T2409,Car26,2017-05-10 20:00:00.000,ZoneB,ZoneC,U075
T2410,Car10,2021-05-04 15:00:00.000,ZoneC,ZoneB,U127
T2411,Car09,2017-06-04 00:00:00.000,ZoneB,ZoneD,U160
T2412,Car18,2017-11-17 21:00:00.000,ZoneC,ZoneB,U150
T2413,Car21,2017-04-28 23:00:00.000,ZoneB,ZoneC,U092
T2414,Car07,2019-02-16 02:00:00.000,ZoneD,ZoneC,U021
T2415,Car17,2018-04-22 17:00:00.000,ZoneC,ZoneA,U101
T2416,Car04,2017-04-08 13:00:00.000,ZoneC,ZoneC,U028
T2417,Car15,2017-02-11 17:00:00.000,ZoneA,ZoneA,U032
T2418,Car15,2020-11-23 18:00:00.000,ZoneC,ZoneB,U087
T2419,Car07,2019-10-13 01:00:00.000,ZoneC,ZoneC,U138
T2420,Car11,2015-08-28 19:00:00.000,ZoneD,ZoneC,U161
T2421,Car08,2019-01-16 16:00:00.000,ZoneD,ZoneC,U146
T2422,Car28,2021-03-25 10:00:00.000,ZoneD,ZoneA,U031
T2423,Car21,2018-06-14 05:00:00.000,ZoneA,ZoneA,U020
T2424,Car12,2021-10-01 15:00:00.000,ZoneA,ZoneD,U067
T2425,Car25,2018-01-20 15:00:00.000,ZoneB,ZoneC,U060
T2426,Car15,2018-03-29 23:00:00.000,ZoneB,ZoneC,U149
T2427,Car23,2020-02-15 11:00:00.000,ZoneA,ZoneD,U103
T2428,Car17,2019-05-09 14:00:00.000,ZoneB,ZoneA,U128
T2429,Car09,2019-12-15 09:00:00.000,ZoneD,ZoneC,U061
T2430,Car16,2017-05-20 00:00:00.000,ZoneD,ZoneC,U121
T2431,Car11,2021-10-07 11:00:00.000,ZoneD,ZoneC,U056
T2432,Car19,2016-06-06 02:00:00.000,ZoneA,ZoneB,U094
T2433,Car25,2016-03-29 18:00:00.000,ZoneB,ZoneD,U125
T2434,Car05,2015-04-03 12:00:00.000,ZoneC,ZoneD,U048
T2435,Car16,2016-05-17 12:00:00.000,ZoneD,ZoneC,U041
T2436,Car20,2018-11-16 10:00:00.000,ZoneA,ZoneC,U012
T2437,Car26,2016-12-24 08:00:00.000,ZoneA,ZoneC,U157
T2438,Car13,2015-04-07 01:00:00.000,ZoneC,ZoneC,U028
T2439,Car21,2015-09-10 17:00:00.000,ZoneC,ZoneB,U101
T2440,Car20,2020-04-27 03:00:00.000,ZoneA,ZoneD,U024
T2441,Car05,2017-08-01 18:00:00.000,ZoneC,ZoneB,U117
T2442,Car21,2019-01-16 06:00:00.000,ZoneC,ZoneC,U083
T2443,Car21,2020-01-18 13:00:00.000,ZoneD,ZoneA,U041
T2444,Car15,2015-05-10 14:00:00.000,ZoneB,ZoneD,U144
T2445,Car09,2017-08-09 21:00:00.000,ZoneA,ZoneA,U037
T2446,Car17,2020-04-17 23:00:00.000,ZoneB,ZoneD,U013
T2447,Car21,2021-01-23 19:00:00.000,ZoneA,ZoneD,U048
T2448,Car30,2020-02-19 10:00:00.000,ZoneD,ZoneC,U116
T2449,Car29,2020-04-10 21:00:00.000,ZoneD,ZoneD,U038
T2450,Car28,2015-08-30 06:00:00.000,ZoneC,ZoneB,U124
T2451,Car04,2018-01-27 12:00:00.000,ZoneD,ZoneA,U100
T2452,Car01,2021-10-26 20:00:00.000,ZoneA,ZoneC,U016
T2453,Car01,2021-03-25 15:00:00.000,ZoneA,ZoneD,U162
T2454,Car30,2015-03-17 20:00:00.000,ZoneC,ZoneB,U110
T2455,Car11,2018-03-02 06:00:00.000,ZoneD,ZoneB,U038
T2456,Car17,2019-06-05 21:00:00.000,ZoneB,ZoneD,U018
T2457,Car11,2020-08-19 12:00:00.000,ZoneB,ZoneA,U017
T2458,Car05,2017-06-04 15:00:00.000,ZoneD,ZoneB,U047
T2459,Car08,2017-08-21 13:00:00.000,ZoneA,ZoneC,U028
T2460,Car13,2021-05-24 20:00:00.000,ZoneB,ZoneA,U011
T2461,Car07,2015-10-14 16:00:00.000,ZoneC,ZoneD,U063
T2462,Car23,2017-02-07 03:00:00.000,ZoneB,ZoneC,U112
T2463,Car19,2016-12-10 19:00:00.000,ZoneC,ZoneC,U101
T2464,Car18,2020-11-23 03:00:00.000,ZoneD,ZoneC,U047
T2465,Car03,2015-10-29 01:00:00.000,ZoneC,ZoneC,U109
T2466,Car05,2015-02-21 21:00:00.000,ZoneB,ZoneC,U083
T2467,Car10,2015-10-15 07:00:00.000,ZoneD,ZoneB,U019
T2468,Car10,2018-12-24 08:00:00.000,ZoneA,ZoneA,U113
T2469,Car27,2020-05-07 08:00:00.000,ZoneB,ZoneB,U035
T2471,Car10,2021-10-27 16:00:00.000,ZoneC,ZoneC,U087
T2472,Car07,2021-02-22 19:00:00.000,ZoneB,ZoneB,U160
T2473,Car04,2019-06-17 08:00:00.000,ZoneD,ZoneA,U138
T2474,Car22,2021-11-04 19:00:00.000,ZoneC,ZoneD,U081
T2475,Car16,2021-08-01 09:00:00.000,ZoneC,ZoneD,U020
T2476,Car23,2018-05-12 12:00:00.000,ZoneA,ZoneA,U067
T2477,Car30,2015-12-05 03:00:00.000,ZoneC,ZoneB,U098
T2478,Car09,2018-03-23 12:00:00.000,ZoneB,ZoneD,U086
T2479,Car28,2020-04-04 10:00:00.000,ZoneC,ZoneB,U086
T2480,Car03,2017-08-16 03:00:00.000,ZoneD,ZoneC,U091
T2481,Car04,2020-04-17 03:00:00.000,ZoneA,ZoneC,U151
T2482,Car21,2015-06-05 10:00:00.000,ZoneC,ZoneA,U075
T2483,Car30,2021-12-01 21:00:00.000,ZoneC,ZoneB,U055
T2484,Car27,2018-09-03 21:00:00.000,ZoneA,ZoneD,U069
T2485,Car23,2020-07-02 04:00:00.000,ZoneB,ZoneC,U119
T2486,Car08,2017-05-07 17:00:00.000,ZoneD,ZoneD,U127
T2487,Car29,2020-04-01 02:00:00.000,ZoneB,ZoneC,U134
T2488,Car08,2020-11-06 01:00:00.000,ZoneB,ZoneB,U114
T2489,Car25,2019-02-01 17:00:00.000,ZoneA,ZoneB,U045
T2490,Car16,2017-03-10 19:00:00.000,ZoneD,ZoneC,U142
T2491,Car18,2020-01-30 10:00:00.000,ZoneD,ZoneA,U078
T2492,Car13,2017-09-14 12:00:00.000,ZoneB,ZoneC,U053
T2493,Car12,2016-06-19 10:00:00.000,ZoneD,ZoneD,U118
T2494,Car25,2017-03-01 00:00:00.000,ZoneA,ZoneA,U043
T2495,Car19,2015-05-25 19:00:00.000,ZoneB,ZoneD,U061
T2496,Car14,2021-01-21 12:00:00.000,ZoneD,ZoneA,U153
T2497,Car22,2015-10-18 20:00:00.000,ZoneC,ZoneB,U045
T2498,Car04,2018-03-26 00:00:00.000,ZoneD,ZoneC,U136
T2499,Car29,2016-05-11 21:00:00.000,ZoneD,ZoneB,U078
T2500,Car08,2018-08-04 11:00:00.000,ZoneD,ZoneA,U067
T2501,Car08,2015-09-15 17:00:00.000,ZoneC,ZoneD,U054
T2502,Car03,2016-07-07 03:00:00.000,ZoneA,ZoneB,U012
T2503,Car23,2015-12-22 00:00:00.000,ZoneA,ZoneA,U064
T2504,Car25,2021-05-14 00:00:00.000,ZoneC,ZoneA,U121
T2505,Car18,2019-07-22 08:00:00.000,ZoneC,ZoneA,U133
T2506,Car26,2021-12-17 07:00:00.000,ZoneC,ZoneA,U075
T2507,Car08,2020-12-02 02:00:00.000,ZoneB,ZoneC,U152
T2508,Car09,2017-08-09 06:00:00.000,ZoneB,ZoneA,U152
T2509,Car17,2019-08-04 11:00:00.000,ZoneC,ZoneB,U035
T2510,Car27,2021-01-25 01:00:00.000,ZoneC,ZoneB,U106
T2511,Car11,2017-11-05 14:00:00.000,ZoneC,ZoneA,U091
T2512,Car21,2018-07-12 03:00:00.000,ZoneA,ZoneA,U043
T2513,Car13,2015-12-23 16:00:00.000,ZoneC,ZoneA,U070
T2514,Car23,2018-10-18 01:00:00.000,ZoneA,ZoneD,U102
T2515,Car02,2019-10-04 02:00:00.000,ZoneA,ZoneD,U139
T2516,Car20,2019-11-29 18:00:00.000,ZoneA,ZoneD,U068
T2517,Car29,2016-04-04 19:00:00.000,ZoneB,ZoneC,U110
T2518,Car01,2015-01-12 06:00:00.000,ZoneC,ZoneA,U125
T2519,Car26,2017-03-15 04:00:00.000,ZoneD,ZoneB,U099
T2520,Car26,2015-06-15 20:00:00.000,ZoneD,ZoneD,U064
T2521,Car20,2021-03-29 14:00:00.000,ZoneB,ZoneC,U065
T2522,Car02,2019-10-13 06:00:00.000,ZoneD,ZoneA,U018
T2523,Car30,2017-05-08 03:00:00.000,ZoneB,ZoneD,U129
T2524,Car29,2019-08-02 09:00:00.000,ZoneB,ZoneA,U049
T2525,Car05,2018-01-01 21:00:00.000,ZoneD,ZoneA,U160
T2526,Car21,2020-11-10 10:00:00.000,ZoneD,ZoneB,U148
T2527,Car20,2016-07-18 19:00:00.000,ZoneB,ZoneD,U128
T2528,Car23,2018-11-13 07:00:00.000,ZoneD,ZoneA,U048
T2529,Car10,2015-06-22 02:00:00.000,ZoneB,ZoneB,U104
T2530,Car30,2020-01-31 16:00:00.000,ZoneB,ZoneB,U158
T2531,Car30,2015-03-21 19:00:00.000,ZoneA,ZoneD,U119
T2532,Car08,2018-11-20 04:00:00.000,ZoneD,ZoneA,U026
T2533,Car04,2020-11-25 10:00:00.000,ZoneD,ZoneD,U039
T2534,Car18,2019-02-27 18:00:00.000,ZoneD,ZoneB,U083
T2535,Car09,2019-05-13 03:00:00.000,ZoneA,ZoneA,U083
T2536,Car21,2017-11-12 16:00:00.000,ZoneA,ZoneC,U160
T2537,Car13,2017-07-15 01:00:00.000,ZoneB,ZoneC,U109
T2538,Car29,2019-10-28 21:00:00.000,ZoneC,ZoneA,U154
T2539,Car28,2018-10-31 19:00:00.000,ZoneB,ZoneA,U056
T2540,Car22,2017-01-23 18:00:00.000,ZoneB,ZoneD,U127
T2541,Car16,2017-11-24 08:00:00.000,ZoneC,ZoneB,U064
T2542,Car30,2018-04-02 07:00:00.000,ZoneD,ZoneD,U035
T2543,Car17,2018-04-24 09:00:00.000,ZoneB,ZoneD,U132
T2544,Car25,2018-07-16 02:00:00.000,ZoneC,ZoneC,U032
T2545,Car18,2016-03-09 08:00:00.000,ZoneC,ZoneC,U104
T2546,Car21,2017-12-19 08:00:00.000,ZoneC,ZoneB,U120
T2547,Car19,2016-02-08 03:00:00.000,ZoneC,ZoneB,U064
T2548,Car05,2021-04-23 04:00:00.000,ZoneD,ZoneC,U096
T2549,Car16,2021-06-19 21:00:00.000,ZoneD,ZoneB,U067
T2550,Car01,2016-08-13 15:00:00.000,ZoneB,ZoneA,U047
T2551,Car22,2021-04-06 17:00:00.000,ZoneD,ZoneA,U090
T2552,Car03,2016-12-23 12:00:00.000,ZoneD,ZoneC,U129
T2553,Car27,2018-07-12 08:00:00.000,ZoneD,ZoneB,U056
T2554,Car02,2016-05-14 19:00:00.000,ZoneD,ZoneD,U149
T2555,Car06,2020-06-06 13:00:00.000,ZoneD,ZoneB,U095
T2556,Car11,2017-11-12 16:00:00.000,ZoneB,ZoneD,U156
T2557,Car25,2019-04-06 11:00:00.000,ZoneA,ZoneB,U015
T2558,Car30,2021-08-16 14:00:00.000,ZoneA,ZoneB,U063
T2559,Car22,2017-03-16 15:00:00.000,ZoneB,ZoneD,U011
T2560,Car30,2021-09-19 13:00:00.000,ZoneD,ZoneB,U010
T2561,Car28,2018-07-10 11:00:00.000,ZoneA,ZoneB,U122
T2562,Car26,2018-02-02 23:00:00.000,ZoneC,ZoneB,U137
T2563,Car20,2019-09-22 00:00:00.000,ZoneB,ZoneC,U156
T2564,Car14,2017-11-24 18:00:00.000,ZoneA,ZoneC,U030
T2565,Car10,2019-03-20 09:00:00.000,ZoneB,ZoneB,U121
T2566,Car18,2017-05-04 19:00:00.000,ZoneA,ZoneB,U027
T2567,Car17,2020-06-24 01:00:00.000,ZoneA,ZoneB,U130
T2568,Car17,2021-09-30 14:00:00.000,ZoneD,ZoneC,U130
T2569,Car17,2017-07-20 16:00:00.000,ZoneC,ZoneA,U125
T2570,Car26,2021-08-26 19:00:00.000,ZoneA,ZoneC,U143
T2571,Car22,2021-01-09 10:00:00.000,ZoneB,ZoneB,U044
T2572,Car18,2019-10-09 02:00:00.000,ZoneB,ZoneC,U022
T2574,Car21,2018-06-04 20:00:00.000,ZoneB,ZoneA,U090
T2575,Car27,2018-09-30 23:00:00.000,ZoneA,ZoneA,U060
T2576,Car29,2020-04-13 09:00:00.000,ZoneA,ZoneB,U095
T2577,Car12,2018-01-24 14:00:00.000,ZoneB,ZoneB,U041
T2578,Car18,2020-11-17 07:00:00.000,ZoneC,ZoneC,U086
T2579,Car05,2019-05-19 19:00:00.000,ZoneC,ZoneD,U071
T2580,Car04,2016-01-29 23:00:00.000,ZoneD,ZoneA,U028
T2581,Car15,2017-04-15 20:00:00.000,ZoneB,ZoneB,U029
T2582,Car10,2016-03-27 06:00:00.000,ZoneB,ZoneC,U028
T2583,Car07,2019-07-14 00:00:00.000,ZoneD,ZoneB,U081
T2584,Car07,2018-03-14 23:00:00.000,ZoneD,ZoneA,U024
T2585,Car01,2016-09-03 11:00:00.000,ZoneB,ZoneC,U095
T2586,Car30,2016-11-07 21:00:00.000,ZoneD,ZoneC,U050
T2587,Car30,2021-10-11 05:00:00.000,ZoneB,ZoneB,U092
T2588,Car20,2016-08-11 13:00:00.000,ZoneB,ZoneB,U077
T2589,Car08,2020-09-10 14:00:00.000,ZoneC,ZoneB,U056
T2590,Car24,2018-10-14 17:00:00.000,ZoneB,ZoneA,U026
T2591,Car11,2019-03-24 23:00:00.000,ZoneC,ZoneD,U039
T2592,Car20,2018-07-31 07:00:00.000,ZoneD,ZoneC,U017
T2593,Car15,2018-12-15 19:00:00.000,ZoneB,ZoneA,U017
T2594,Car03,2021-11-17 07:00:00.000,ZoneD,ZoneB,U028
T2595,Car10,2016-10-05 18:00:00.000,ZoneC,ZoneB,U114
T2596,Car19,2017-01-23 18:00:00.000,ZoneC,ZoneA,U072
T2597,Car03,2016-05-12 07:00:00.000,ZoneD,ZoneB,U100
T2598,Car11,2016-09-06 19:00:00.000,ZoneC,ZoneD,U061
T2599,Car26,2020-11-21 01:00:00.000,ZoneD,ZoneC,U114
T2600,Car23,2016-08-03 10:00:00.000,ZoneC,ZoneC,U093
T2601,Car26,2017-10-25 03:00:00.000,ZoneB,ZoneA,U102
T2602,Car17,2017-05-20 15:00:00.000,ZoneD,ZoneB,U140
T2603,Car22,2017-07-26 02:00:00.000,ZoneD,ZoneB,U109
T2604,Car18,2021-08-17 15:00:00.000,ZoneA,ZoneC,U126
T2605,Car26,2015-06-24 04:00:00.000,ZoneA,ZoneB,U023
T2606,Car06,2017-06-04 20:00:00.000,ZoneA,ZoneC,U011
T2607,Car28,2020-12-31 01:00:00.000,ZoneB,ZoneB,U058
T2608,Car07,2021-08-08 11:00:00.000,ZoneC,ZoneA,U018
T2609,Car22,2019-05-10 00:00:00.000,ZoneD,ZoneA,U077
T2610,Car25,2016-01-01 20:00:00.000,ZoneA,ZoneA,U089
T2611,Car05,2017-10-09 22:00:00.000,ZoneC,ZoneA,U120
T2612,Car22,2020-08-25 13:00:00.000,ZoneC,ZoneD,U101
T2613,Car25,2015-06-16 11:00:00.000,ZoneB,ZoneB,U134
T2614,Car09,2018-12-20 04:00:00.000,ZoneC,ZoneA,U138
T2615,Car22,2020-08-02 15:00:00.000,ZoneD,ZoneC,U083
T2616,Car13,2017-08-06 13:00:00.000,ZoneD,ZoneC,U151
T2617,Car17,2015-06-17 02:00:00.000,ZoneA,ZoneB,U109
T2618,Car19,2017-03-11 00:00:00.000,ZoneA,ZoneB,U125
T2619,Car15,2016-01-09 23:00:00.000,ZoneA,ZoneD,U125
T2620,Car30,2018-11-22 11:00:00.000,ZoneD,ZoneC,U131
T2621,Car23,2015-07-31 16:00:00.000,ZoneC,ZoneD,U094
T2622,Car14,2017-12-25 14:00:00.000,ZoneC,ZoneC,U038
T2623,Car24,2019-08-31 18:00:00.000,ZoneA,ZoneC,U053
T2624,Car03,2016-12-23 22:00:00.000,ZoneD,ZoneB,U075
T2625,Car05,2019-05-05 00:00:00.000,ZoneA,ZoneC,U039
T2626,Car25,2020-08-01 04:00:00.000,ZoneA,ZoneA,U052
T2627,Car06,2019-05-05 00:00:00.000,ZoneC,ZoneA,U087
T2628,Car19,2018-11-20 04:00:00.000,ZoneD,ZoneB,U097
T2629,Car28,2018-12-02 16:00:00.000,ZoneA,ZoneC,U104
T2630,Car17,2021-04-04 20:00:00.000,ZoneD,ZoneD,U155
T2631,Car07,2018-02-17 13:00:00.000,ZoneA,ZoneD,U065
T2632,Car19,2019-10-10 23:00:00.000,ZoneC,ZoneD,U129
T2633,Car05,2019-02-20 16:00:00.000,ZoneB,ZoneA,U153
T2634,Car20,2015-10-14 11:00:00.000,ZoneB,ZoneC,U116
T2635,Car15,2015-06-11 01:00:00.000,ZoneD,ZoneC,U065
T2636,Car28,2020-04-10 21:00:00.000,ZoneC,ZoneA,U152
T2637,Car12,2016-06-22 08:00:00.000,ZoneB,ZoneA,U023
T2638,Car13,2016-08-10 17:00:00.000,ZoneA,ZoneC,U105
T2639,Car04,2016-04-30 10:00:00.000,ZoneA,ZoneA,U126
T2640,Car07,2015-04-17 16:00:00.000,ZoneA,ZoneA,U026
T2641,Car02,2015-12-20 18:00:00.000,ZoneA,ZoneB,U154
T2642,Car21,2017-06-03 19:00:00.000,ZoneC,ZoneA,U070
T2643,Car23,2018-09-24 02:00:00.000,ZoneD,ZoneC,U048
T2644,Car27,2018-08-05 02:00:00.000,ZoneD,ZoneA,U145
T2645,Car15,2020-06-19 16:00:00.000,ZoneB,ZoneC,U059
T2646,Car01,2021-02-13 00:00:00.000,ZoneA,ZoneD,U067
T2647,Car20,2019-07-24 20:00:00.000,ZoneA,ZoneB,U120
T2648,Car23,2021-10-08 12:00:00.000,ZoneC,ZoneB,U041
T2649,Car05,2021-06-29 16:00:00.000,ZoneC,ZoneC,U051
T2650,Car04,2020-07-20 22:00:00.000,ZoneA,ZoneA,U119
T2651,Car24,2021-08-31 19:00:00.000,ZoneB,ZoneD,U031
T2652,Car12,2019-10-22 20:00:00.000,ZoneC,ZoneC,U103
T2653,Car30,2019-08-01 03:00:00.000,ZoneB,ZoneD,U050
T2654,Car27,2020-03-15 15:00:00.000,ZoneA,ZoneC,U028
T2655,Car27,2015-05-12 01:00:00.000,ZoneB,ZoneA,U041
T2656,Car08,2016-11-30 04:00:00.000,ZoneA,ZoneA,U105
T2657,Car21,2021-12-11 21:00:00.000,ZoneD,ZoneC,U031
T2658,Car16,2019-04-25 10:00:00.000,ZoneA,ZoneA,U123
T2659,Car17,2020-08-12 00:00:00.000,ZoneA,ZoneC,U017
T2660,Car11,2021-07-23 10:00:00.000,ZoneD,ZoneC,U122
T2661,Car27,2015-04-07 11:00:00.000,ZoneA,ZoneB,U119
T2662,Car10,2016-03-17 21:00:00.000,ZoneB,ZoneB,U046
T2663,Car24,2018-12-17 21:00:00.000,ZoneA,ZoneA,U144
T2664,Car29,2020-01-18 08:00:00.000,ZoneC,ZoneA,U101
T2665,Car15,2021-06-13 05:00:00.000,ZoneB,ZoneC,U150
T2666,Car24,2017-02-02 13:00:00.000,ZoneB,ZoneD,U028
T2667,Car22,2021-05-19 00:00:00.000,ZoneA,ZoneB,U013
T2668,Car20,2019-03-12 21:00:00.000,ZoneC,ZoneA,U065
T2669,Car25,2017-08-20 07:00:00.000,ZoneA,ZoneB,U092
T2670,Car11,2016-11-19 18:00:00.000,ZoneD,ZoneA,U048
T2671,Car05,2016-07-25 11:00:00.000,ZoneC,ZoneD,U161
T2672,Car06,2017-02-02 23:00:00.000,ZoneB,ZoneB,U153
T2673,Car13,2017-01-11 06:00:00.000,ZoneA,ZoneD,U066
T2674,Car09,2018-11-11 00:00:00.000,ZoneD,ZoneA,U153
T2675,Car12,2021-06-01 18:00:00.000,ZoneB,ZoneC,U054
T2676,Car09,2017-03-27 16:00:00.000,ZoneA,ZoneC,U076
T2677,Car13,2017-04-16 21:00:00.000,ZoneD,ZoneD,U050
T2678,Car24,2021-01-17 08:00:00.000,ZoneC,ZoneD,U068
T2679,Car25,2018-05-25 00:00:00.000,ZoneD,ZoneD,U043
T2680,Car21,2019-06-09 10:00:00.000,ZoneD,ZoneD,U083
T2681,Car22,2015-06-20 05:00:00.000,ZoneA,ZoneD,U048
T2682,Car13,2018-08-25 02:00:00.000,ZoneD,ZoneC,U053
T2683,Car09,2020-09-13 12:00:00.000,ZoneB,ZoneA,U150
T2684,Car18,2021-08-07 00:00:00.000,ZoneC,ZoneD,U106
T2685,Car09,2018-08-31 03:00:00.000,ZoneA,ZoneD,U038
T2686,Car05,2019-08-16 03:00:00.000,ZoneC,ZoneA,U027
T2687,Car11,2015-08-03 14:00:00.000,ZoneD,ZoneD,U022
T2688,Car26,2020-03-03 13:00:00.000,ZoneD,ZoneA,U131
T2689,Car14,2018-10-02 05:00:00.000,ZoneA,ZoneA,U029
T2690,Car27,2020-05-02 08:00:00.000,ZoneB,ZoneD,U089
T2691,Car17,2019-01-07 02:00:00.000,ZoneA,ZoneB,U155
T2692,Car29,2017-11-10 09:00:00.000,ZoneB,ZoneC,U150
T2693,Car03,2020-03-07 22:00:00.000,ZoneA,ZoneD,U080
T2694,Car19,2019-11-09 13:00:00.000,ZoneB,ZoneB,U012
T2695,Car23,2020-07-11 08:00:00.000,ZoneD,ZoneA,U035
T2696,Car17,2017-12-23 17:00:00.000,ZoneD,ZoneC,U089
T2697,Car11,2020-09-28 22:00:00.000,ZoneA,ZoneC,U098
T2698,Car28,2021-09-22 11:00:00.000,ZoneA,ZoneB,U147
T2699,Car16,2019-06-10 11:00:00.000,ZoneC,ZoneD,U141
T2700,Car17,2015-06-18 18:00:00.000,ZoneB,ZoneA,U047
T2701,Car05,2021-01-02 13:00:00.000,ZoneC,ZoneC,U162
T2702,Car21,2021-05-11 17:00:00.000,ZoneA,ZoneB,U078
T2703,Car25,2016-12-04 18:00:00.000,ZoneD,ZoneC,U101
T2704,Car23,2018-05-14 19:00:00.000,ZoneC,ZoneC,U028
T2705,Car21,2017-10-30 08:00:00.000,ZoneB,ZoneD,U019
T2706,Car29,2018-11-09 18:00:00.000,ZoneB,ZoneA,U048
T2707,Car25,2021-02-04 06:00:00.000,ZoneA,ZoneD,U125
T2708,Car04,2016-10-25 13:00:00.000,ZoneD,ZoneA,U095
T2709,Car19,2015-04-19 03:00:00.000,ZoneB,ZoneC,U058
T2710,Car09,2020-03-25 10:00:00.000,ZoneC,ZoneD,U066
T2711,Car21,2018-11-22 11:00:00.000,ZoneD,ZoneA,U149
T2712,Car01,2021-03-30 20:00:00.000,ZoneA,ZoneA,U062
T2713,Car18,2020-11-26 01:00:00.000,ZoneA,ZoneB,U134
T2714,Car10,2017-02-23 04:00:00.000,ZoneB,ZoneC,U010
T2715,Car30,2015-05-18 22:00:00.000,ZoneC,ZoneD,U120
T2716,Car28,2015-01-02 21:00:00.000,ZoneD,ZoneC,U026
T2718,Car20,2021-01-02 13:00:00.000,ZoneA,ZoneC,U108
T2719,Car30,2021-11-26 06:00:00.000,ZoneC,ZoneA,U077
T2720,Car03,2018-04-30 10:00:00.000,ZoneB,ZoneC,U077
T2721,Car02,2017-03-05 04:00:00.000,ZoneC,ZoneB,U079
T2722,Car19,2017-08-06 03:00:00.000,ZoneD,ZoneD,U130
T2723,Car20,2021-02-26 18:00:00.000,ZoneA,ZoneB,U079
T2724,Car30,2021-05-27 18:00:00.000,ZoneD,ZoneC,U162
T2725,Car07,2017-08-03 00:00:00.000,ZoneB,ZoneC,U089
T2726,Car09,2016-08-31 08:00:00.000,ZoneD,ZoneB,U156
T2727,Car06,2021-12-20 00:00:00.000,ZoneC,ZoneD,U022
T2728,Car24,2015-08-01 07:00:00.000,ZoneA,ZoneA,U050
T2729,Car24,2021-06-12 04:00:00.000,ZoneA,ZoneC,U030
T2730,Car04,2017-12-01 10:00:00.000,ZoneC,ZoneB,U063
T2731,Car08,2015-03-12 10:00:00.000,ZoneD,ZoneA,U082
T2732,Car06,2021-11-22 17:00:00.000,ZoneB,ZoneB,U092
T2733,Car15,2018-05-17 07:00:00.000,ZoneB,ZoneC,U071
T2734,Car15,2021-05-01 17:00:00.000,ZoneB,ZoneB,U033
T2735,Car30,2018-04-05 05:00:00.000,ZoneB,ZoneB,U047
T2736,Car05,2020-10-31 15:00:00.000,ZoneA,ZoneD,U016
T2737,Car20,2015-06-08 03:00:00.000,ZoneA,ZoneA,U077
T2738,Car09,2015-01-31 05:00:00.000,ZoneB,ZoneB,U134
T2739,Car09,2019-05-02 02:00:00.000,ZoneB,ZoneA,U013
T2740,Car02,2020-06-01 18:00:00.000,ZoneD,ZoneA,U092
T2741,Car17,2021-09-17 06:00:00.000,ZoneD,ZoneA,U086
T2742,Car15,2018-03-03 17:00:00.000,ZoneB,ZoneB,U105
T2743,Car22,2021-07-12 14:00:00.000,ZoneD,ZoneD,U161
T2744,Car25,2020-09-06 00:00:00.000,ZoneA,ZoneA,U107
T2745,Car01,2016-04-13 23:00:00.000,ZoneB,ZoneD,U132
T2746,Car24,2016-06-15 16:00:00.000,ZoneC,ZoneC,U101
T2747,Car26,2017-05-11 06:00:00.000,ZoneA,ZoneA,U125
T2748,Car26,2016-11-18 02:00:00.000,ZoneC,ZoneD,U071
T2749,Car24,2020-12-12 02:00:00.000,ZoneA,ZoneA,U018
T2750,Car17,2016-09-28 16:00:00.000,ZoneB,ZoneB,U016
T2751,Car20,2019-10-24 07:00:00.000,ZoneA,ZoneA,U070
T2752,Car15,2015-11-23 01:00:00.000,ZoneB,ZoneD,U117
T2753,Car22,2016-12-28 02:00:00.000,ZoneB,ZoneB,U056
T2754,Car20,2020-03-12 17:00:00.000,ZoneC,ZoneD,U045
T2755,Car01,2016-10-05 23:00:00.000,ZoneB,ZoneD,U106
T2756,Car27,2021-11-23 18:00:00.000,ZoneB,ZoneC,U103
T2757,Car25,2020-03-23 23:00:00.000,ZoneA,ZoneB,U065
T2758,Car08,2019-03-01 00:00:00.000,ZoneB,ZoneB,U013
T2759,Car08,2016-09-30 13:00:00.000,ZoneB,ZoneD,U142
T2760,Car02,2019-01-01 21:00:00.000,ZoneB,ZoneB,U037
T2761,Car14,2018-11-01 05:00:00.000,ZoneC,ZoneC,U062
T2762,Car14,2017-01-14 19:00:00.000,ZoneA,ZoneA,U126
T2763,Car25,2016-06-05 11:00:00.000,ZoneB,ZoneA,U040
T2764,Car02,2020-06-29 16:00:00.000,ZoneB,ZoneA,U024
T2765,Car10,2020-12-29 09:00:00.000,ZoneA,ZoneA,U041
T2766,Car04,2016-11-27 06:00:00.000,ZoneC,ZoneC,U016
T2767,Car07,2016-08-24 01:00:00.000,ZoneA,ZoneC,U131
T2768,Car07,2016-11-23 12:00:00.000,ZoneB,ZoneC,U035
T2769,Car17,2018-05-13 23:00:00.000,ZoneB,ZoneA,U094
T2770,Car20,2019-01-18 18:00:00.000,ZoneD,ZoneA,U079
T2771,Car28,2020-07-08 20:00:00.000,ZoneA,ZoneC,U090
T2772,Car07,2017-06-07 13:00:00.000,ZoneB,ZoneC,U048
T2773,Car25,2020-02-05 01:00:00.000,ZoneD,ZoneA,U056
T2774,Car11,2016-02-18 23:00:00.000,ZoneA,ZoneB,U064
T2775,Car19,2020-04-04 00:00:00.000,ZoneB,ZoneB,U120
T2776,Car04,2019-02-18 04:00:00.000,ZoneA,ZoneC,U067
T2777,Car14,2021-03-28 08:00:00.000,ZoneC,ZoneD,U058
T2778,Car13,2016-12-26 00:00:00.000,ZoneC,ZoneC,U110
T2779,Car05,2015-10-28 15:00:00.000,ZoneA,ZoneD,U050
T2780,Car15,2021-09-22 16:00:00.000,ZoneD,ZoneC,U160
T2781,Car11,2018-05-23 18:00:00.000,ZoneC,ZoneA,U063
T2782,Car12,2015-10-08 15:00:00.000,ZoneB,ZoneB,U132
T2783,Car06,2017-04-21 16:00:00.000,ZoneA,ZoneC,U061
T2784,Car29,2015-05-25 04:00:00.000,ZoneA,ZoneB,U018
T2785,Car06,2015-05-04 08:00:00.000,ZoneC,ZoneD,U092
T2786,Car21,2018-12-06 00:00:00.000,ZoneD,ZoneC,U057
T2787,Car17,2020-05-09 05:00:00.000,ZoneC,ZoneB,U143
T2788,Car05,2019-06-10 06:00:00.000,ZoneB,ZoneA,U161
T2789,Car19,2019-03-14 08:00:00.000,ZoneB,ZoneA,U144
T2790,Car14,2018-05-21 11:00:00.000,ZoneD,ZoneD,U041
T2791,Car01,2021-07-14 11:00:00.000,ZoneC,ZoneD,U146
T2792,Car12,2021-10-04 08:00:00.000,ZoneA,ZoneB,U160
T2793,Car22,2021-11-20 20:00:00.000,ZoneA,ZoneD,U016
T2794,Car04,2016-10-22 15:00:00.000,ZoneA,ZoneD,U108
T2795,Car29,2020-07-31 23:00:00.000,ZoneB,ZoneC,U069
T2796,Car01,2018-02-09 15:00:00.000,ZoneD,ZoneA,U062
T2797,Car04,2020-05-18 04:00:00.000,ZoneD,ZoneA,U051
T2798,Car02,2015-02-03 08:00:00.000,ZoneB,ZoneA,U043
T2799,Car15,2015-12-13 01:00:00.000,ZoneB,ZoneD,U119
T2800,Car30,2019-09-25 03:00:00.000,ZoneC,ZoneC,U040
T2801,Car23,2020-05-29 15:00:00.000,ZoneA,ZoneD,U136
T2802,Car20,2019-01-17 07:00:00.000,ZoneB,ZoneC,U068
T2803,Car13,2015-05-16 15:00:00.000,ZoneB,ZoneA,U157
T2804,Car08,2021-10-08 07:00:00.000,ZoneB,ZoneC,U108
T2805,Car28,2017-12-01 15:00:00.000,ZoneB,ZoneA,U060
T2806,Car27,2019-01-26 06:00:00.000,ZoneC,ZoneB,U018
T2807,Car22,2015-11-05 08:00:00.000,ZoneA,ZoneD,U089
T2808,Car17,2015-09-24 21:00:00.000,ZoneD,ZoneB,U094
T2809,Car20,2019-09-22 15:00:00.000,ZoneA,ZoneB,U065
T2810,Car20,2021-05-09 00:00:00.000,ZoneB,ZoneA,U036
T2811,Car30,2021-09-27 01:00:00.000,ZoneD,ZoneA,U049
T2812,Car27,2020-12-06 01:00:00.000,ZoneA,ZoneC,U156
T2813,Car29,2021-05-05 01:00:00.000,ZoneA,ZoneC,U116
T2814,Car17,2020-04-24 05:00:00.000,ZoneD,ZoneD,U056
T2815,Car04,2019-05-01 01:00:00.000,ZoneB,ZoneA,U026
T2816,Car24,2017-01-01 21:00:00.000,ZoneB,ZoneA,U029
T2817,Car13,2020-11-03 23:00:00.000,ZoneA,ZoneB,U143
T2818,Car13,2017-11-03 07:00:00.000,ZoneA,ZoneB,U120
T2819,Car16,2020-07-15 12:00:00.000,ZoneD,ZoneA,U064
T2820,Car08,2021-10-19 13:00:00.000,ZoneB,ZoneD,U140
T2821,Car09,2021-02-09 06:00:00.000,ZoneD,ZoneD,U152
T2822,Car28,2017-08-26 13:00:00.000,ZoneB,ZoneC,U104
T2823,Car17,2018-05-09 04:00:00.000,ZoneA,ZoneD,U158
T2824,Car12,2015-08-14 10:00:00.000,ZoneC,ZoneC,U019
T2825,Car04,2020-07-27 19:00:00.000,ZoneA,ZoneB,U059
T2826,Car28,2020-02-15 11:00:00.000,ZoneC,ZoneA,U107
T2827,Car17,2018-12-03 22:00:00.000,ZoneD,ZoneC,U097
T2828,Car23,2016-06-18 19:00:00.000,ZoneA,ZoneC,U097
T2829,Car26,2016-08-22 19:00:00.000,ZoneB,ZoneB,U131
T2830,Car11,2015-11-02 10:00:00.000,ZoneB,ZoneC,U076
T2831,Car22,2020-03-02 12:00:00.000,ZoneB,ZoneA,U120
T2832,Car08,2020-11-13 08:00:00.000,ZoneA,ZoneA,U159
T2833,Car04,2020-04-20 01:00:00.000,ZoneA,ZoneD,U140
T2834,Car12,2016-05-01 01:00:00.000,ZoneA,ZoneC,U012
T2835,Car17,2019-01-18 18:00:00.000,ZoneA,ZoneB,U113
T2836,Car11,2015-06-01 11:00:00.000,ZoneD,ZoneB,U138
T2837,Car27,2020-05-31 17:00:00.000,ZoneA,ZoneC,U096
T2838,Car27,2016-05-26 16:00:00.000,ZoneA,ZoneB,U062
T2839,Car06,2019-09-01 04:00:00.000,ZoneC,ZoneD,U101
T2840,Car20,2020-07-22 04:00:00.000,ZoneD,ZoneA,U042
T2841,Car06,2021-08-26 19:00:00.000,ZoneB,ZoneA,U134
T2842,Car30,2018-01-03 18:00:00.000,ZoneA,ZoneC,U078
T2843,Car25,2015-05-19 23:00:00.000,ZoneD,ZoneD,U162
T2844,Car27,2018-01-05 00:00:00.000,ZoneC,ZoneB,U146
T2845,Car17,2015-02-28 03:00:00.000,ZoneC,ZoneA,U124
T2846,Car26,2019-10-25 08:00:00.000,ZoneC,ZoneD,U131
T2847,Car22,2018-08-11 13:00:00.000,ZoneD,ZoneC,U141
T2848,Car16,2018-09-25 23:00:00.000,ZoneC,ZoneB,U131
T2849,Car24,2015-02-17 07:00:00.000,ZoneC,ZoneD,U046
T2850,Car05,2015-06-01 06:00:00.000,ZoneC,ZoneC,U101
T2851,Car16,2020-01-23 03:00:00.000,ZoneC,ZoneB,U056
T2852,Car14,2020-04-07 13:00:00.000,ZoneA,ZoneD,U018
T2853,Car05,2016-05-05 15:00:00.000,ZoneA,ZoneB,U071
T2854,Car17,2020-09-06 20:00:00.000,ZoneD,ZoneD,U159
T2855,Car21,2015-07-15 20:00:00.000,ZoneA,ZoneD,U051
T2856,Car10,2015-06-01 06:00:00.000,ZoneC,ZoneA,U036
T2857,Car03,2019-05-13 13:00:00.000,ZoneB,ZoneA,U133
T2858,Car09,2018-02-18 04:00:00.000,ZoneB,ZoneB,U098
T2859,Car03,2015-12-05 03:00:00.000,ZoneD,ZoneD,U059
T2860,Car28,2021-05-18 19:00:00.000,ZoneA,ZoneD,U141
T2861,Car03,2017-07-11 07:00:00.000,ZoneA,ZoneB,U148
T2862,Car12,2017-05-17 07:00:00.000,ZoneA,ZoneA,U050
T2863,Car01,2016-06-06 12:00:00.000,ZoneC,ZoneA,U108
T2864,Car16,2017-01-14 14:00:00.000,ZoneB,ZoneC,U050
T2865,Car09,2020-01-10 05:00:00.000,ZoneC,ZoneC,U063
T2866,Car19,2019-04-13 08:00:00.000,ZoneD,ZoneD,U079
T2867,Car20,2021-05-03 14:00:00.000,ZoneA,ZoneB,U153
T2868,Car25,2019-06-11 02:00:00.000,ZoneD,ZoneC,U060
T2869,Car10,2017-08-05 22:00:00.000,ZoneD,ZoneB,U119
T2871,Car11,2016-06-05 11:00:00.000,ZoneD,ZoneD,U080
T2872,Car06,2019-05-28 18:00:00.000,ZoneD,ZoneA,U055
T2873,Car21,2020-03-23 08:00:00.000,ZoneD,ZoneB,U028
T2874,Car10,2021-01-25 11:00:00.000,ZoneC,ZoneC,U065
T2875,Car23,2017-04-30 05:00:00.000,ZoneD,ZoneC,U036
T2876,Car10,2019-10-31 19:00:00.000,ZoneB,ZoneA,U046
T2877,Car24,2016-02-12 17:00:00.000,ZoneA,ZoneA,U079
T2878,Car12,2016-09-30 08:00:00.000,ZoneC,ZoneB,U090
T2879,Car27,2020-08-13 11:00:00.000,ZoneA,ZoneD,U071
T2880,Car10,2021-03-03 23:00:00.000,ZoneB,ZoneC,U083
T2881,Car17,2021-12-25 15:00:00.000,ZoneA,ZoneC,U089
T2882,Car16,2019-01-19 19:00:00.000,ZoneD,ZoneC,U156
T2883,Car13,2017-06-21 22:00:00.000,ZoneB,ZoneA,U057
T2884,Car02,2019-10-09 02:00:00.000,ZoneB,ZoneC,U139
T2885,Car22,2016-11-01 00:00:00.000,ZoneA,ZoneD,U152
T2886,Car07,2015-09-16 08:00:00.000,ZoneC,ZoneC,U146
T2887,Car21,2019-02-09 00:00:00.000,ZoneA,ZoneD,U048
T2888,Car22,2020-01-28 13:00:00.000,ZoneA,ZoneD,U122
T2889,Car25,2017-04-10 10:00:00.000,ZoneB,ZoneD,U157
T2890,Car28,2015-12-05 13:00:00.000,ZoneC,ZoneA,U050
T2891,Car11,2019-08-04 06:00:00.000,ZoneB,ZoneC,U080
T2892,Car15,2017-08-21 13:00:00.000,ZoneA,ZoneB,U036
T2893,Car27,2016-07-31 07:00:00.000,ZoneD,ZoneA,U046
T2894,Car12,2015-09-10 17:00:00.000,ZoneD,ZoneA,U014
T2895,Car22,2019-08-28 15:00:00.000,ZoneD,ZoneA,U075
T2896,Car08,2018-01-02 17:00:00.000,ZoneB,ZoneB,U047
T2897,Car14,2018-09-13 21:00:00.000,ZoneB,ZoneC,U047
T2898,Car20,2020-08-25 23:00:00.000,ZoneD,ZoneD,U052
T2899,Car03,2019-02-22 18:00:00.000,ZoneC,ZoneC,U127
T2900,Car10,2018-02-14 10:00:00.000,ZoneB,ZoneD,U103
T2901,Car07,2018-08-09 06:00:00.000,ZoneD,ZoneD,U074
T2902,Car13,2018-01-19 14:00:00.000,ZoneD,ZoneD,U095
T2903,Car11,2015-11-21 04:00:00.000,ZoneA,ZoneD,U094
T2904,Car02,2018-04-20 05:00:00.000,ZoneB,ZoneA,U151
T2905,Car15,2018-07-02 23:00:00.000,ZoneC,ZoneD,U012
T2906,Car02,2017-11-26 15:00:00.000,ZoneA,ZoneB,U085
T2907,Car11,2017-10-30 23:00:00.000,ZoneA,ZoneA,U072
T2908,Car24,2015-09-22 04:00:00.000,ZoneD,ZoneA,U063
T2909,Car29,2018-03-04 18:00:00.000,ZoneC,ZoneD,U161
T2910,Car21,2017-07-25 21:00:00.000,ZoneA,ZoneD,U134
T2911,Car14,2018-09-08 11:00:00.000,ZoneA,ZoneA,U159
T2912,Car18,2015-09-13 05:00:00.000,ZoneB,ZoneB,U010
T2913,Car09,2017-06-11 07:00:00.000,ZoneD,ZoneA,U155
T2914,Car08,2020-11-06 16:00:00.000,ZoneB,ZoneB,U059
T2915,Car09,2016-08-06 13:00:00.000,ZoneD,ZoneC,U132
T2916,Car23,2020-11-06 21:00:00.000,ZoneB,ZoneD,U089
T2917,Car04,2017-06-23 19:00:00.000,ZoneA,ZoneA,U017
T2918,Car12,2021-02-15 12:00:00.000,ZoneC,ZoneD,U136
T2919,Car16,2020-09-26 20:00:00.000,ZoneA,ZoneB,U026
T2920,Car26,2021-09-20 14:00:00.000,ZoneB,ZoneD,U123
T2921,Car09,2018-10-26 19:00:00.000,ZoneA,ZoneA,U124
T2922,Car04,2016-06-14 05:00:00.000,ZoneD,ZoneC,U101
T2923,Car16,2021-06-28 05:00:00.000,ZoneC,ZoneA,U074
T2924,Car04,2021-11-07 07:00:00.000,ZoneD,ZoneA,U024
T2925,Car04,2017-12-21 10:00:00.000,ZoneC,ZoneD,U118
T2927,Car12,2019-02-23 19:00:00.000,ZoneA,ZoneD,U058
T2928,Car09,2017-04-17 02:00:00.000,ZoneA,ZoneC,U130
T2929,Car28,2020-01-17 22:00:00.000,ZoneC,ZoneC,U067
T2930,Car23,2018-07-17 08:00:00.000,ZoneA,ZoneA,U123
T2931,Car22,2017-03-18 02:00:00.000,ZoneC,ZoneA,U152
T2932,Car01,2021-09-07 21:00:00.000,ZoneB,ZoneB,U084
T2933,Car05,2015-09-03 05:00:00.000,ZoneA,ZoneD,U022
T2934,Car24,2020-08-24 22:00:00.000,ZoneA,ZoneD,U134
T2935,Car06,2017-05-17 02:00:00.000,ZoneB,ZoneD,U065
T2936,Car27,2018-05-30 20:00:00.000,ZoneB,ZoneA,U048
T2937,Car01,2016-11-07 21:00:00.000,ZoneB,ZoneB,U087
T2938,Car23,2021-06-30 12:00:00.000,ZoneD,ZoneA,U069
T2939,Car07,2020-06-21 23:00:00.000,ZoneC,ZoneD,U015
T2940,Car09,2016-06-09 00:00:00.000,ZoneC,ZoneB,U139
T2941,Car05,2017-04-14 09:00:00.000,ZoneD,ZoneB,U125
T2942,Car30,2018-05-18 03:00:00.000,ZoneA,ZoneD,U126
T2944,Car28,2018-11-28 07:00:00.000,ZoneD,ZoneB,U102
T2945,Car03,2018-04-29 09:00:00.000,ZoneB,ZoneC,U084
T2946,Car06,2017-12-04 13:00:00.000,ZoneC,ZoneA,U011
T2947,Car17,2021-11-11 21:00:00.000,ZoneD,ZoneA,U157
T2948,Car03,2015-01-04 03:00:00.000,ZoneD,ZoneA,U045
T2949,Car05,2021-12-12 07:00:00.000,ZoneC,ZoneC,U101
T2950,Car24,2017-02-17 13:00:00.000,ZoneA,ZoneC,U019
T2951,Car16,2018-10-29 07:00:00.000,ZoneC,ZoneB,U126
T2952,Car09,2018-10-28 06:00:00.000,ZoneA,ZoneB,U097
T2953,Car08,2021-07-22 14:00:00.000,ZoneD,ZoneA,U131
T2954,Car10,2018-04-01 16:00:00.000,ZoneA,ZoneD,U027
T2955,Car13,2021-10-12 06:00:00.000,ZoneA,ZoneC,U046
T2956,Car03,2017-11-16 10:00:00.000,ZoneD,ZoneD,U083
T2957,Car15,2015-12-27 15:00:00.000,ZoneA,ZoneD,U038
T2958,Car25,2017-12-02 16:00:00.000,ZoneA,ZoneA,U039
T2959,Car01,2015-11-25 13:00:00.000,ZoneA,ZoneC,U142
T2960,Car22,2015-01-11 05:00:00.000,ZoneD,ZoneA,U088
T2961,Car16,2017-04-26 11:00:00.000,ZoneA,ZoneB,U016
T2962,Car15,2016-08-04 11:00:00.000,ZoneA,ZoneA,U162
T2963,Car22,2015-09-18 20:00:00.000,ZoneC,ZoneB,U131
T2964,Car05,2019-08-14 11:00:00.000,ZoneA,ZoneD,U140
T2965,Car02,2016-12-28 12:00:00.000,ZoneA,ZoneC,U054
T2966,Car28,2015-09-08 15:00:00.000,ZoneB,ZoneB,U045
T2967,Car10,2020-03-25 05:00:00.000,ZoneA,ZoneB,U141
T2968,Car26,2017-03-05 14:00:00.000,ZoneA,ZoneC,U065
T2969,Car03,2017-05-02 22:00:00.000,ZoneC,ZoneB,U067
T2970,Car18,2015-10-18 00:00:00.000,ZoneC,ZoneA,U154
T2971,Car13,2021-11-24 04:00:00.000,ZoneD,ZoneA,U093
T2972,Car10,2016-11-26 15:00:00.000,ZoneB,ZoneD,U013
T2973,Car13,2017-10-04 12:00:00.000,ZoneA,ZoneC,U081
T2974,Car01,2015-04-12 11:00:00.000,ZoneD,ZoneC,U108
T2975,Car03,2018-12-27 06:00:00.000,ZoneA,ZoneD,U132
T2976,Car22,2018-11-24 13:00:00.000,ZoneA,ZoneA,U046
T2977,Car29,2018-10-19 02:00:00.000,ZoneD,ZoneD,U100
T2978,Car30,2021-08-18 21:00:00.000,ZoneC,ZoneB,U099
T2979,Car20,2017-09-02 05:00:00.000,ZoneA,ZoneB,U038
T2980,Car21,2018-08-15 22:00:00.000,ZoneC,ZoneA,U150
T2981,Car05,2016-04-05 15:00:00.000,ZoneD,ZoneB,U126
T2982,Car24,2018-03-14 18:00:00.000,ZoneA,ZoneA,U037
T2983,Car24,2018-01-19 09:00:00.000,ZoneD,ZoneA,U089
T2984,Car12,2019-08-03 10:00:00.000,ZoneC,ZoneC,U089
T2985,Car17,2016-09-23 01:00:00.000,ZoneD,ZoneB,U028
T2986,Car20,2017-05-17 22:00:00.000,ZoneD,ZoneB,U025
T2987,Car18,2018-05-07 02:00:00.000,ZoneC,ZoneA,U062
T2988,Car25,2019-10-13 06:00:00.000,ZoneA,ZoneA,U055
T2989,Car18,2019-04-20 10:00:00.000,ZoneB,ZoneC,U090
T2990,Car20,2021-12-02 22:00:00.000,ZoneC,ZoneC,U051
T2991,Car04,2020-02-01 07:00:00.000,ZoneD,ZoneC,U124
T2992,Car25,2021-01-28 04:00:00.000,ZoneC,ZoneA,U157
T2993,Car06,2021-12-07 12:00:00.000,ZoneB,ZoneB,U157
T2994,Car06,2021-12-22 12:00:00.000,ZoneB,ZoneB,U011
T2995,Car30,2017-11-21 10:00:00.000,ZoneA,ZoneD,U022
T2996,Car18,2015-03-18 01:00:00.000,ZoneD,ZoneD,U094
T2997,Car05,2015-01-05 19:00:00.000,ZoneB,ZoneD,U108
T2998,Car05,2018-03-15 04:00:00.000,ZoneA,ZoneA,U045
T2999,Car12,2015-06-04 09:00:00.000,ZoneB,ZoneD,U106
T3000,Car22,2015-10-18 10:00:00.000,ZoneD,ZoneD,U125
T3001,Car30,2020-02-26 12:00:00.000,ZoneA,ZoneD,U095
T3002,Car30,2015-08-29 05:00:00.000,ZoneD,ZoneB,U032
T3003,Car02,2017-10-12 10:00:00.000,ZoneA,ZoneD,U144
T3004,Car09,2021-12-07 17:00:00.000,ZoneC,ZoneD,U130
T3005,Car11,2021-07-07 19:00:00.000,ZoneB,ZoneA,U095
T3006,Car02,2016-09-08 06:00:00.000,ZoneC,ZoneD,U107
T3007,Car04,2021-11-16 06:00:00.000,ZoneB,ZoneA,U078
T3008,Car04,2019-06-11 07:00:00.000,ZoneB,ZoneC,U065
T3009,Car02,2020-12-14 04:00:00.000,ZoneD,ZoneD,U095
T3010,Car24,2017-06-19 05:00:00.000,ZoneD,ZoneB,U123
T3011,Car21,2016-12-17 01:00:00.000,ZoneC,ZoneC,U120
T3012,Car29,2015-10-05 17:00:00.000,ZoneB,ZoneC,U040
T3013,Car24,2017-03-22 01:00:00.000,ZoneB,ZoneA,U104
T3014,Car25,2021-05-20 01:00:00.000,ZoneD,ZoneB,U127
T3015,Car21,2020-06-06 18:00:00.000,ZoneC,ZoneB,U094
T3016,Car05,2015-06-10 15:00:00.000,ZoneB,ZoneC,U039
T3017,Car13,2020-11-05 10:00:00.000,ZoneD,ZoneB,U069
T3018,Car30,2019-05-21 06:00:00.000,ZoneD,ZoneC,U104
T3019,Car24,2020-05-17 13:00:00.000,ZoneB,ZoneB,U116
T3020,Car27,2015-06-21 16:00:00.000,ZoneA,ZoneB,U066
T3021,Car22,2021-08-20 03:00:00.000,ZoneC,ZoneB,U085
T3022,Car27,2019-06-18 14:00:00.000,ZoneB,ZoneD,U073
T3023,Car04,2017-11-27 16:00:00.000,ZoneA,ZoneA,U067
T3024,Car27,2016-05-01 16:00:00.000,ZoneD,ZoneA,U096
T3025,Car19,2020-04-10 01:00:00.000,ZoneA,ZoneA,U144
T3026,Car09,2016-07-30 11:00:00.000,ZoneA,ZoneA,U100
T3027,Car09,2019-07-25 21:00:00.000,ZoneB,ZoneA,U156
T3028,Car08,2019-06-10 21:00:00.000,ZoneC,ZoneC,U044
T3029,Car07,2021-03-02 17:00:00.000,ZoneD,ZoneB,U154
T3030,Car24,2015-12-05 13:00:00.000,ZoneB,ZoneC,U052
T3031,Car25,2017-01-27 17:00:00.000,ZoneB,ZoneC,U011
T3032,Car20,2018-07-15 01:00:00.000,ZoneC,ZoneC,U128
T3033,Car02,2021-05-31 17:00:00.000,ZoneB,ZoneB,U124
T3034,Car23,2020-12-11 01:00:00.000,ZoneB,ZoneA,U056
T3035,Car15,2016-03-05 04:00:00.000,ZoneD,ZoneD,U120
T3036,Car21,2017-12-04 03:00:00.000,ZoneA,ZoneD,U146
T3037,Car30,2015-02-09 09:00:00.000,ZoneD,ZoneD,U112
T3038,Car23,2016-12-11 10:00:00.000,ZoneC,ZoneB,U045
T3039,Car10,2016-07-07 23:00:00.000,ZoneC,ZoneD,U142
T3040,Car10,2018-07-09 00:00:00.000,ZoneC,ZoneB,U124
T3041,Car28,2019-07-24 20:00:00.000,ZoneA,ZoneB,U151
T3042,Car04,2020-06-07 04:00:00.000,ZoneD,ZoneB,U075
T3043,Car03,2019-01-29 14:00:00.000,ZoneA,ZoneD,U056
T3044,Car03,2019-10-08 16:00:00.000,ZoneD,ZoneC,U153
T3045,Car04,2018-02-27 03:00:00.000,ZoneB,ZoneD,U108
T3046,Car23,2021-09-16 00:00:00.000,ZoneA,ZoneC,U015
T3047,Car11,2015-12-04 02:00:00.000,ZoneD,ZoneD,U145
T3048,Car24,2019-12-13 17:00:00.000,ZoneB,ZoneA,U074
T3049,Car27,2018-12-24 18:00:00.000,ZoneB,ZoneB,U159
T3050,Car07,2018-04-11 11:00:00.000,ZoneC,ZoneA,U032
T3051,Car13,2021-10-15 04:00:00.000,ZoneC,ZoneB,U133
T3052,Car05,2020-11-02 02:00:00.000,ZoneB,ZoneD,U159
T3053,Car09,2021-06-09 21:00:00.000,ZoneB,ZoneC,U020
T3054,Car01,2019-06-15 06:00:00.000,ZoneA,ZoneA,U036
T3055,Car22,2016-04-30 20:00:00.000,ZoneB,ZoneB,U141
T3056,Car13,2015-02-25 05:00:00.000,ZoneD,ZoneC,U084
T3057,Car29,2016-07-02 03:00:00.000,ZoneB,ZoneC,U086
T3058,Car27,2019-05-21 16:00:00.000,ZoneD,ZoneD,U089
T3059,Car19,2018-09-22 00:00:00.000,ZoneB,ZoneC,U077
T3060,Car04,2015-10-30 22:00:00.000,ZoneC,ZoneA,U073
T3061,Car26,2017-09-25 23:00:00.000,ZoneC,ZoneB,U023
T3062,Car28,2018-10-04 12:00:00.000,ZoneC,ZoneB,U014
T3063,Car01,2019-02-09 15:00:00.000,ZoneD,ZoneA,U089
T3064,Car10,2015-11-28 21:00:00.000,ZoneB,ZoneA,U136
T3065,Car26,2017-01-20 05:00:00.000,ZoneD,ZoneB,U040
T3066,Car02,2021-10-22 11:00:00.000,ZoneA,ZoneB,U025
T3067,Car22,2018-06-22 08:00:00.000,ZoneB,ZoneD,U152
T3068,Car16,2020-07-19 21:00:00.000,ZoneC,ZoneB,U062
T3069,Car25,2015-09-09 06:00:00.000,ZoneB,ZoneD,U137
T3070,Car07,2018-02-20 16:00:00.000,ZoneC,ZoneB,U046
T3071,Car08,2015-11-08 06:00:00.000,ZoneB,ZoneB,U033
T3072,Car16,2018-10-14 12:00:00.000,ZoneA,ZoneD,U019
T3073,Car26,2019-09-22 15:00:00.000,ZoneC,ZoneD,U083
T3074,Car12,2021-11-18 18:00:00.000,ZoneA,ZoneC,U034
T3075,Car10,2021-10-06 00:00:00.000,ZoneC,ZoneB,U092
T3076,Car05,2015-10-30 02:00:00.000,ZoneA,ZoneC,U078
T3077,Car19,2020-06-24 16:00:00.000,ZoneD,ZoneD,U067
T3078,Car02,2019-12-24 03:00:00.000,ZoneB,ZoneC,U150
T3079,Car28,2019-08-07 09:00:00.000,ZoneB,ZoneA,U055
T3080,Car16,2016-11-21 05:00:00.000,ZoneA,ZoneB,U124
T3081,Car06,2021-05-16 22:00:00.000,ZoneB,ZoneA,U150
T3082,Car21,2018-05-07 12:00:00.000,ZoneC,ZoneD,U055
T3083,Car29,2016-05-08 23:00:00.000,ZoneA,ZoneC,U137
T3084,Car02,2016-05-03 03:00:00.000,ZoneB,ZoneD,U061
T3085,Car14,2021-12-15 15:00:00.000,ZoneA,ZoneB,U120
T3086,Car04,2019-11-28 17:00:00.000,ZoneA,ZoneD,U142
T3087,Car17,2016-08-04 01:00:00.000,ZoneA,ZoneD,U114
T3088,Car16,2020-06-05 07:00:00.000,ZoneA,ZoneB,U134
T3089,Car25,2019-06-18 19:00:00.000,ZoneB,ZoneB,U035
T3090,Car17,2020-09-04 23:00:00.000,ZoneB,ZoneA,U153
T3091,Car14,2020-06-14 01:00:00.000,ZoneC,ZoneC,U067
T3092,Car25,2019-07-14 00:00:00.000,ZoneD,ZoneA,U060
T3093,Car05,2016-10-07 00:00:00.000,ZoneD,ZoneC,U150
T3094,Car11,2020-05-06 22:00:00.000,ZoneC,ZoneD,U048
T3095,Car20,2015-08-27 03:00:00.000,ZoneC,ZoneC,U059
T3096,Car30,2020-08-08 16:00:00.000,ZoneD,ZoneB,U026
T3097,Car22,2016-03-08 12:00:00.000,ZoneB,ZoneB,U077
T3098,Car24,2019-09-03 06:00:00.000,ZoneD,ZoneD,U105
T3099,Car03,2017-12-28 17:00:00.000,ZoneC,ZoneA,U061
T3100,Car05,2015-03-29 17:00:00.000,ZoneD,ZoneA,U119
T3101,Car15,2017-10-04 12:00:00.000,ZoneA,ZoneA,U102
T3102,Car06,2018-12-16 20:00:00.000,ZoneC,ZoneB,U075
T3103,Car21,2016-03-15 04:00:00.000,ZoneA,ZoneD,U107
T3104,Car17,2016-11-16 05:00:00.000,ZoneC,ZoneA,U155
T3105,Car24,2019-09-30 08:00:00.000,ZoneB,ZoneB,U087
T3106,Car18,2020-07-16 08:00:00.000,ZoneB,ZoneB,U103
T3107,Car03,2019-02-09 15:00:00.000,ZoneD,ZoneA,U130
T3108,Car02,2021-09-29 23:00:00.000,ZoneD,ZoneA,U017
T3109,Car16,2020-03-24 19:00:00.000,ZoneD,ZoneC,U027
T3110,Car24,2019-07-11 07:00:00.000,ZoneB,ZoneB,U027
T3111,Car16,2018-12-20 19:00:00.000,ZoneA,ZoneD,U057
T3112,Car02,2015-12-24 02:00:00.000,ZoneA,ZoneB,U017
T3113,Car03,2016-06-17 03:00:00.000,ZoneB,ZoneD,U029
T3114,Car30,2018-05-07 12:00:00.000,ZoneD,ZoneB,U031
T3115,Car21,2019-06-18 09:00:00.000,ZoneC,ZoneD,U036
T3116,Car24,2020-02-21 22:00:00.000,ZoneD,ZoneD,U085
T3117,Car24,2016-10-19 17:00:00.000,ZoneD,ZoneC,U086
T3118,Car25,2021-07-27 09:00:00.000,ZoneA,ZoneD,U151
T3120,Car06,2019-08-06 03:00:00.000,ZoneB,ZoneA,U116
T3121,Car05,2016-02-03 18:00:00.000,ZoneA,ZoneD,U013
T3122,Car13,2016-02-05 00:00:00.000,ZoneD,ZoneA,U082
T3123,Car03,2016-05-27 17:00:00.000,ZoneC,ZoneA,U132
T3124,Car13,2020-03-26 16:00:00.000,ZoneC,ZoneD,U107
T3125,Car28,2018-04-08 13:00:00.000,ZoneB,ZoneC,U058
T3126,Car03,2020-05-07 08:00:00.000,ZoneB,ZoneB,U082
T3127,Car23,2018-01-29 14:00:00.000,ZoneA,ZoneB,U119
T3128,Car30,2017-03-03 02:00:00.000,ZoneB,ZoneB,U135
T3129,Car14,2021-06-19 11:00:00.000,ZoneA,ZoneB,U114
T3130,Car06,2020-12-20 10:00:00.000,ZoneD,ZoneA,U011
T3131,Car29,2017-05-24 09:00:00.000,ZoneB,ZoneC,U159
T3132,Car02,2019-11-06 10:00:00.000,ZoneA,ZoneA,U156
T3133,Car25,2020-12-27 17:00:00.000,ZoneA,ZoneC,U084
T3134,Car05,2017-04-25 10:00:00.000,ZoneA,ZoneA,U135
T3135,Car29,2019-08-09 01:00:00.000,ZoneB,ZoneA,U129
T3136,Car07,2015-02-12 17:00:00.000,ZoneC,ZoneB,U035
T3137,Car15,2018-07-09 15:00:00.000,ZoneB,ZoneC,U112
T3138,Car17,2015-10-11 13:00:00.000,ZoneC,ZoneC,U021
T3139,Car12,2015-07-27 02:00:00.000,ZoneA,ZoneC,U129
T4188,Car01,2021-04-05 06:00:00.000,ZoneD,ZoneA,U133
T4189,Car12,2017-03-29 18:00:00.000,ZoneC,ZoneB,U071
T4190,Car23,2015-07-30 10:00:00.000,ZoneD,ZoneC,U145
T4191,Car30,2017-05-16 21:00:00.000,ZoneB,ZoneD,U160
T4192,Car05,2016-07-21 02:00:00.000,ZoneC,ZoneA,U148
T4193,Car15,2018-01-18 08:00:00.000,ZoneD,ZoneB,U153
T4194,Car29,2016-02-11 06:00:00.000,ZoneD,ZoneD,U159
T4195,Car10,2019-06-20 01:00:00.000,ZoneC,ZoneB,U100
T4196,Car21,2019-12-03 07:00:00.000,ZoneA,ZoneD,U036
T4197,Car01,2015-09-26 18:00:00.000,ZoneC,ZoneC,U058
T4198,Car19,2019-05-02 17:00:00.000,ZoneD,ZoneB,U121
T4199,Car30,2020-11-20 00:00:00.000,ZoneC,ZoneC,U064
T4200,Car18,2019-03-01 20:00:00.000,ZoneA,ZoneD,U067
T4201,Car25,2016-09-22 10:00:00.000,ZoneD,ZoneC,U065
T4202,Car18,2021-10-06 20:00:00.000,ZoneD,ZoneA,U144
T4203,Car28,2017-08-01 03:00:00.000,ZoneC,ZoneB,U078
T4204,Car11,2021-06-11 18:00:00.000,ZoneD,ZoneC,U039
T4205,Car11,2021-07-28 05:00:00.000,ZoneD,ZoneA,U029
T4206,Car09,2021-10-03 12:00:00.000,ZoneD,ZoneB,U111
T4207,Car01,2016-09-29 02:00:00.000,ZoneD,ZoneD,U120
T4208,Car06,2018-10-06 14:00:00.000,ZoneC,ZoneB,U046
T4209,Car06,2020-06-23 20:00:00.000,ZoneB,ZoneC,U129
T4210,Car18,2015-09-02 04:00:00.000,ZoneA,ZoneA,U095
T4211,Car09,2021-02-18 05:00:00.000,ZoneC,ZoneD,U085
T4212,Car08,2020-09-11 10:00:00.000,ZoneD,ZoneA,U116
T4213,Car29,2020-09-05 14:00:00.000,ZoneC,ZoneC,U018
T4214,Car14,2016-01-26 00:00:00.000,ZoneA,ZoneC,U067
T4215,Car28,2020-03-23 03:00:00.000,ZoneA,ZoneD,U115
T4216,Car15,2017-11-12 01:00:00.000,ZoneB,ZoneB,U143
T4217,Car06,2016-03-15 19:00:00.000,ZoneD,ZoneD,U083
T4218,Car04,2021-07-23 05:00:00.000,ZoneD,ZoneD,U014
T4219,Car02,2018-01-30 15:00:00.000,ZoneA,ZoneB,U017
T4220,Car25,2015-05-23 17:00:00.000,ZoneA,ZoneA,U043
T4221,Car26,2016-11-20 19:00:00.000,ZoneD,ZoneA,U112
T4222,Car26,2015-11-27 10:00:00.000,ZoneD,ZoneD,U116
T4223,Car09,2016-12-29 13:00:00.000,ZoneC,ZoneC,U134
T4224,Car25,2018-06-16 02:00:00.000,ZoneA,ZoneB,U139
T4225,Car09,2017-09-24 17:00:00.000,ZoneC,ZoneA,U122
T4226,Car13,2020-05-19 20:00:00.000,ZoneA,ZoneD,U118
T4227,Car16,2015-05-12 01:00:00.000,ZoneA,ZoneC,U145
T4228,Car25,2017-04-16 11:00:00.000,ZoneB,ZoneC,U129
T4229,Car18,2015-09-07 14:00:00.000,ZoneC,ZoneD,U136
T4230,Car09,2015-10-03 00:00:00.000,ZoneA,ZoneA,U059
T4231,Car13,2015-10-14 11:00:00.000,ZoneD,ZoneB,U106
T4232,Car18,2021-11-13 13:00:00.000,ZoneC,ZoneB,U010
T4233,Car07,2018-05-09 09:00:00.000,ZoneD,ZoneC,U026
T4234,Car03,2021-08-22 15:00:00.000,ZoneC,ZoneB,U073
T4235,Car16,2017-12-08 12:00:00.000,ZoneB,ZoneB,U069
T4236,Car05,2015-09-16 08:00:00.000,ZoneC,ZoneC,U088
T4237,Car26,2017-01-29 14:00:00.000,ZoneB,ZoneD,U137
T4238,Car02,2017-03-18 22:00:00.000,ZoneB,ZoneA,U079
T4239,Car29,2019-04-02 07:00:00.000,ZoneB,ZoneD,U081
T4240,Car15,2019-03-03 17:00:00.000,ZoneD,ZoneD,U129
T4241,Car05,2020-10-22 11:00:00.000,ZoneB,ZoneB,U094
T4242,Car28,2016-05-24 09:00:00.000,ZoneC,ZoneA,U082
T4243,Car30,2017-11-23 22:00:00.000,ZoneA,ZoneB,U075
T4244,Car08,2021-01-29 20:00:00.000,ZoneC,ZoneD,U029
T4245,Car13,2018-10-08 06:00:00.000,ZoneA,ZoneC,U138
T4246,Car20,2017-11-11 10:00:00.000,ZoneB,ZoneD,U100
T4247,Car07,2019-06-24 20:00:00.000,ZoneD,ZoneD,U074
T4248,Car03,2020-09-12 01:00:00.000,ZoneA,ZoneB,U073
T4249,Car05,2017-08-23 00:00:00.000,ZoneB,ZoneA,U140
T4250,Car07,2019-11-28 07:00:00.000,ZoneB,ZoneA,U024
T4251,Car23,2019-06-27 03:00:00.000,ZoneB,ZoneC,U090
T4252,Car04,2021-06-03 15:00:00.000,ZoneD,ZoneA,U162
T4253,Car22,2016-04-12 12:00:00.000,ZoneC,ZoneA,U149
T4254,Car03,2020-04-24 20:00:00.000,ZoneD,ZoneD,U041
T4255,Car29,2016-12-09 13:00:00.000,ZoneB,ZoneA,U159
T4256,Car22,2017-05-08 03:00:00.000,ZoneC,ZoneC,U089
T4257,Car24,2018-11-21 15:00:00.000,ZoneD,ZoneC,U100
T4258,Car01,2020-07-02 14:00:00.000,ZoneA,ZoneC,U019
T4259,Car18,2021-01-18 14:00:00.000,ZoneD,ZoneB,U126
T4260,Car10,2015-05-26 05:00:00.000,ZoneB,ZoneA,U017
T4261,Car24,2020-04-10 06:00:00.000,ZoneA,ZoneB,U080
T4262,Car24,2019-01-17 17:00:00.000,ZoneB,ZoneA,U064
T4263,Car06,2021-03-25 05:00:00.000,ZoneB,ZoneD,U150
T4264,Car16,2020-04-01 22:00:00.000,ZoneC,ZoneA,U010
T4265,Car29,2016-06-25 16:00:00.000,ZoneC,ZoneC,U113
T4266,Car29,2016-05-14 19:00:00.000,ZoneA,ZoneA,U065
T4267,Car28,2020-08-04 07:00:00.000,ZoneD,ZoneA,U156
T4268,Car10,2018-01-10 20:00:00.000,ZoneD,ZoneB,U141
T4269,Car14,2016-09-09 12:00:00.000,ZoneB,ZoneA,U032
T4270,Car19,2019-05-26 11:00:00.000,ZoneC,ZoneD,U160
T4271,Car27,2015-09-08 00:00:00.000,ZoneA,ZoneC,U060
T4272,Car30,2015-02-11 11:00:00.000,ZoneD,ZoneD,U014
T4273,Car20,2017-12-16 10:00:00.000,ZoneC,ZoneB,U028
T4274,Car11,2019-09-02 20:00:00.000,ZoneA,ZoneD,U089
T4275,Car25,2020-03-19 04:00:00.000,ZoneB,ZoneA,U115
T4276,Car23,2016-09-03 16:00:00.000,ZoneC,ZoneB,U054
T4277,Car18,2020-10-19 03:00:00.000,ZoneB,ZoneC,U161
T4278,Car17,2017-12-29 13:00:00.000,ZoneC,ZoneB,U125
T4279,Car17,2017-05-28 13:00:00.000,ZoneB,ZoneA,U042
T4280,Car16,2016-12-17 21:00:00.000,ZoneC,ZoneA,U039
T4281,Car21,2018-11-17 06:00:00.000,ZoneB,ZoneA,U143
T4282,Car12,2020-08-03 21:00:00.000,ZoneC,ZoneC,U048
T4283,Car21,2016-03-24 08:00:00.000,ZoneD,ZoneB,U119
T4284,Car08,2018-11-14 18:00:00.000,ZoneA,ZoneC,U014
T4285,Car02,2021-08-30 23:00:00.000,ZoneA,ZoneB,U023
T4286,Car02,2018-12-31 20:00:00.000,ZoneD,ZoneA,U064
T4287,Car05,2015-05-18 07:00:00.000,ZoneD,ZoneB,U081
T4288,Car02,2021-07-02 14:00:00.000,ZoneA,ZoneC,U130
T4289,Car11,2021-02-19 16:00:00.000,ZoneC,ZoneD,U041
T4290,Car24,2020-10-05 09:00:00.000,ZoneC,ZoneD,U143
T4291,Car28,2015-05-27 01:00:00.000,ZoneC,ZoneA,U083
T4292,Car30,2016-07-17 18:00:00.000,ZoneA,ZoneD,U057
T4293,Car10,2021-01-04 20:00:00.000,ZoneD,ZoneD,U045
T4294,Car05,2018-08-13 05:00:00.000,ZoneA,ZoneB,U062
T4295,Car27,2019-08-02 14:00:00.000,ZoneB,ZoneB,U077
T4296,Car16,2015-08-23 19:00:00.000,ZoneC,ZoneA,U148
T4297,Car19,2017-04-30 00:00:00.000,ZoneD,ZoneC,U115
T4298,Car01,2015-01-16 10:00:00.000,ZoneD,ZoneD,U046
T4299,Car26,2017-06-23 09:00:00.000,ZoneD,ZoneA,U096
T4300,Car07,2015-07-03 13:00:00.000,ZoneC,ZoneB,U073
T4301,Car11,2018-01-31 01:00:00.000,ZoneD,ZoneB,U126
T4302,Car27,2015-12-24 22:00:00.000,ZoneD,ZoneD,U037
T4303,Car01,2019-02-04 00:00:00.000,ZoneB,ZoneC,U016
T4304,Car04,2016-05-10 05:00:00.000,ZoneC,ZoneA,U025
T4305,Car23,2019-03-21 05:00:00.000,ZoneB,ZoneB,U101
T4306,Car27,2017-09-25 23:00:00.000,ZoneA,ZoneA,U162
T4307,Car10,2021-10-12 06:00:00.000,ZoneD,ZoneB,U027
T4308,Car13,2021-10-09 08:00:00.000,ZoneD,ZoneB,U013
T4309,Car03,2021-05-21 22:00:00.000,ZoneB,ZoneA,U090
T4310,Car12,2021-12-18 03:00:00.000,ZoneC,ZoneC,U041
T4311,Car16,2018-11-14 13:00:00.000,ZoneB,ZoneA,U013
T4312,Car28,2019-01-31 01:00:00.000,ZoneB,ZoneB,U157
T4313,Car11,2015-07-31 16:00:00.000,ZoneD,ZoneA,U086
T4314,Car10,2020-02-11 07:00:00.000,ZoneD,ZoneB,U150
T4315,Car21,2020-08-12 05:00:00.000,ZoneA,ZoneA,U157
T4316,Car01,2016-11-20 09:00:00.000,ZoneD,ZoneD,U097
T4317,Car07,2016-10-15 03:00:00.000,ZoneC,ZoneC,U011
T4318,Car12,2020-12-05 00:00:00.000,ZoneB,ZoneD,U011
T4319,Car18,2020-10-24 03:00:00.000,ZoneA,ZoneA,U019
T4320,Car23,2021-03-11 01:00:00.000,ZoneD,ZoneB,U034
T4321,Car18,2019-05-27 22:00:00.000,ZoneA,ZoneB,U103
T4322,Car06,2015-02-17 17:00:00.000,ZoneA,ZoneA,U086
T4323,Car03,2015-02-21 11:00:00.000,ZoneA,ZoneA,U034
T4324,Car18,2016-09-22 10:00:00.000,ZoneC,ZoneB,U049
T4325,Car03,2015-01-07 16:00:00.000,ZoneD,ZoneD,U124
T4326,Car11,2021-10-11 15:00:00.000,ZoneB,ZoneA,U048
T4327,Car07,2019-06-13 09:00:00.000,ZoneA,ZoneA,U160
T4328,Car23,2019-08-10 17:00:00.000,ZoneC,ZoneC,U152
T4329,Car23,2021-02-19 01:00:00.000,ZoneA,ZoneD,U114
T4330,Car07,2016-08-12 09:00:00.000,ZoneA,ZoneC,U129
T4331,Car18,2020-10-17 16:00:00.000,ZoneA,ZoneC,U049
T4332,Car22,2017-07-29 05:00:00.000,ZoneA,ZoneA,U043
T4333,Car03,2018-03-20 04:00:00.000,ZoneD,ZoneB,U162
T4334,Car27,2016-02-24 04:00:00.000,ZoneB,ZoneA,U026
T4335,Car11,2017-01-28 13:00:00.000,ZoneC,ZoneD,U068
T4336,Car27,2021-01-06 17:00:00.000,ZoneA,ZoneA,U124
T4337,Car26,2015-06-07 17:00:00.000,ZoneD,ZoneB,U109
T4338,Car11,2018-10-08 11:00:00.000,ZoneB,ZoneB,U071
T4339,Car26,2018-06-22 18:00:00.000,ZoneC,ZoneA,U141
T4340,Car29,2020-11-12 17:00:00.000,ZoneB,ZoneD,U094
T4341,Car30,2019-08-20 22:00:00.000,ZoneD,ZoneC,U126
T4342,Car17,2017-04-24 04:00:00.000,ZoneB,ZoneB,U115
T4343,Car08,2019-05-05 00:00:00.000,ZoneB,ZoneB,U036
T4344,Car14,2019-07-16 02:00:00.000,ZoneD,ZoneA,U085
T4345,Car09,2018-04-23 18:00:00.000,ZoneD,ZoneA,U101
T4346,Car13,2017-05-23 23:00:00.000,ZoneC,ZoneD,U030
T4347,Car04,2017-07-30 06:00:00.000,ZoneD,ZoneB,U020
T4348,Car03,2017-09-09 22:00:00.000,ZoneD,ZoneC,U064
T4349,Car25,2019-04-21 11:00:00.000,ZoneA,ZoneA,U054
T4350,Car28,2015-06-13 03:00:00.000,ZoneD,ZoneA,U129
T4351,Car10,2020-01-21 16:00:00.000,ZoneC,ZoneA,U114
T4352,Car01,2018-12-11 20:00:00.000,ZoneB,ZoneD,U046
T4353,Car05,2017-01-04 09:00:00.000,ZoneD,ZoneC,U064
T4354,Car29,2015-06-08 03:00:00.000,ZoneA,ZoneD,U016
T4355,Car12,2019-03-05 09:00:00.000,ZoneD,ZoneD,U147
T4356,Car21,2017-07-10 11:00:00.000,ZoneB,ZoneD,U122
T4357,Car13,2020-06-29 16:00:00.000,ZoneA,ZoneC,U081
T4358,Car03,2015-08-27 18:00:00.000,ZoneA,ZoneD,U057
T4359,Car28,2018-08-30 12:00:00.000,ZoneD,ZoneA,U022
T4360,Car26,2021-02-06 08:00:00.000,ZoneC,ZoneD,U138
T4361,Car05,2017-03-06 05:00:00.000,ZoneA,ZoneA,U135
T4362,Car07,2015-11-02 05:00:00.000,ZoneA,ZoneD,U022
T4363,Car05,2016-09-03 06:00:00.000,ZoneC,ZoneA,U086
T4364,Car09,2019-11-05 09:00:00.000,ZoneD,ZoneD,U096
T4365,Car12,2017-06-08 09:00:00.000,ZoneA,ZoneA,U038
T4366,Car16,2019-11-26 00:00:00.000,ZoneA,ZoneD,U033
T4367,Car08,2015-05-28 22:00:00.000,ZoneC,ZoneC,U145
T4368,Car19,2016-10-12 15:00:00.000,ZoneB,ZoneB,U070
T4369,Car25,2015-03-09 02:00:00.000,ZoneC,ZoneD,U142
T4370,Car20,2017-11-26 00:00:00.000,ZoneB,ZoneD,U016
T4371,Car07,2020-12-16 16:00:00.000,ZoneA,ZoneD,U038
T4372,Car19,2020-12-15 15:00:00.000,ZoneA,ZoneD,U030
T4373,Car16,2015-07-30 10:00:00.000,ZoneC,ZoneC,U040
T4374,Car10,2017-02-26 12:00:00.000,ZoneD,ZoneA,U083
T4375,Car09,2020-09-04 18:00:00.000,ZoneA,ZoneD,U131
T4376,Car27,2018-05-10 10:00:00.000,ZoneD,ZoneA,U134
T4377,Car27,2016-09-29 07:00:00.000,ZoneB,ZoneB,U125
T4378,Car11,2015-05-26 20:00:00.000,ZoneA,ZoneC,U066
T4379,Car09,2018-10-29 02:00:00.000,ZoneD,ZoneB,U101
T4380,Car12,2019-05-02 22:00:00.000,ZoneC,ZoneD,U100
T4381,Car21,2019-11-08 02:00:00.000,ZoneD,ZoneA,U036
T4382,Car29,2021-02-11 08:00:00.000,ZoneC,ZoneD,U137
T4383,Car03,2018-05-05 00:00:00.000,ZoneA,ZoneC,U117
T4384,Car19,2016-12-20 04:00:00.000,ZoneD,ZoneB,U127
T4385,Car24,2015-10-27 04:00:00.000,ZoneC,ZoneB,U025
T4386,Car26,2016-05-10 00:00:00.000,ZoneC,ZoneA,U113
T4387,Car17,2020-04-01 07:00:00.000,ZoneD,ZoneC,U131
T4388,Car24,2018-03-26 10:00:00.000,ZoneB,ZoneC,U152
T4389,Car28,2019-12-04 18:00:00.000,ZoneA,ZoneA,U088
T4390,Car25,2015-09-26 08:00:00.000,ZoneB,ZoneA,U137
T4391,Car01,2020-05-21 07:00:00.000,ZoneC,ZoneD,U115
T4392,Car03,2019-04-20 05:00:00.000,ZoneA,ZoneC,U102
T4393,Car02,2015-02-15 20:00:00.000,ZoneD,ZoneD,U091
T4394,Car09,2017-10-16 09:00:00.000,ZoneB,ZoneA,U112
T4395,Car13,2016-02-29 19:00:00.000,ZoneC,ZoneD,U092
T4396,Car09,2017-02-23 19:00:00.000,ZoneC,ZoneB,U023
T4397,Car12,2021-10-12 01:00:00.000,ZoneD,ZoneA,U147
T4398,Car19,2020-11-24 04:00:00.000,ZoneA,ZoneD,U114
T4399,Car27,2015-03-11 04:00:00.000,ZoneD,ZoneA,U027
T4400,Car18,2021-12-06 11:00:00.000,ZoneD,ZoneB,U127
T4401,Car22,2021-08-29 22:00:00.000,ZoneD,ZoneD,U059
T4402,Car13,2015-05-19 18:00:00.000,ZoneD,ZoneC,U155
T4403,Car27,2016-07-05 11:00:00.000,ZoneB,ZoneA,U127
T4404,Car07,2017-12-16 20:00:00.000,ZoneD,ZoneA,U119
T4405,Car11,2019-01-15 05:00:00.000,ZoneA,ZoneC,U134
T4406,Car04,2020-12-28 18:00:00.000,ZoneA,ZoneC,U115
T4407,Car19,2021-07-16 08:00:00.000,ZoneB,ZoneD,U091
T4408,Car11,2015-12-17 10:00:00.000,ZoneC,ZoneD,U155
T4409,Car19,2019-05-27 22:00:00.000,ZoneA,ZoneD,U050
T4410,Car16,2015-01-18 17:00:00.000,ZoneB,ZoneB,U017
T4411,Car04,2018-01-20 20:00:00.000,ZoneA,ZoneA,U080
T4412,Car28,2015-04-16 20:00:00.000,ZoneB,ZoneD,U120
T4413,Car01,2015-01-06 10:00:00.000,ZoneA,ZoneA,U085
T4414,Car07,2015-06-19 09:00:00.000,ZoneD,ZoneB,U085
T4415,Car08,2017-10-24 22:00:00.000,ZoneB,ZoneB,U064
T4416,Car15,2017-06-03 09:00:00.000,ZoneD,ZoneA,U117
T4417,Car03,2016-02-01 16:00:00.000,ZoneB,ZoneB,U031
T4418,Car12,2021-05-23 14:00:00.000,ZoneD,ZoneC,U042
T4419,Car15,2018-04-09 14:00:00.000,ZoneB,ZoneA,U090
T4420,Car17,2015-05-03 22:00:00.000,ZoneD,ZoneC,U125
T4421,Car05,2017-10-22 15:00:00.000,ZoneD,ZoneA,U071
T4422,Car10,2017-06-15 06:00:00.000,ZoneA,ZoneA,U017
T4423,Car25,2016-04-08 03:00:00.000,ZoneB,ZoneB,U062
T4424,Car15,2016-03-12 21:00:00.000,ZoneB,ZoneD,U076
T4425,Car21,2020-11-27 02:00:00.000,ZoneA,ZoneA,U048
T4426,Car17,2021-01-16 07:00:00.000,ZoneD,ZoneB,U095
T4427,Car09,2021-09-27 21:00:00.000,ZoneD,ZoneD,U066
T4428,Car27,2019-02-15 01:00:00.000,ZoneA,ZoneA,U140
T4429,Car01,2018-01-28 13:00:00.000,ZoneB,ZoneD,U086
T4430,Car16,2021-11-04 19:00:00.000,ZoneB,ZoneB,U139
T4431,Car16,2017-08-02 09:00:00.000,ZoneC,ZoneA,U109
T4432,Car06,2018-08-09 16:00:00.000,ZoneD,ZoneC,U080
T4433,Car04,2018-01-22 12:00:00.000,ZoneB,ZoneD,U161
T4434,Car08,2020-01-27 07:00:00.000,ZoneC,ZoneC,U139
T4435,Car17,2016-10-05 23:00:00.000,ZoneC,ZoneD,U121
T4436,Car15,2015-03-14 02:00:00.000,ZoneC,ZoneD,U073
T4437,Car17,2019-02-14 15:00:00.000,ZoneA,ZoneA,U143
T4438,Car07,2018-11-25 14:00:00.000,ZoneC,ZoneA,U025
T4439,Car11,2017-11-13 07:00:00.000,ZoneA,ZoneA,U074
T4440,Car15,2020-01-15 00:00:00.000,ZoneC,ZoneD,U022
T4441,Car02,2020-07-11 13:00:00.000,ZoneC,ZoneC,U059
T4442,Car21,2018-08-21 13:00:00.000,ZoneD,ZoneA,U147
T4443,Car21,2021-06-25 07:00:00.000,ZoneB,ZoneD,U134
T4444,Car26,2019-04-02 12:00:00.000,ZoneC,ZoneB,U115
T4445,Car30,2015-01-13 17:00:00.000,ZoneD,ZoneA,U078
T4446,Car28,2017-04-20 15:00:00.000,ZoneA,ZoneB,U086
T4447,Car26,2021-04-16 02:00:00.000,ZoneB,ZoneD,U133
T4448,Car04,2021-10-19 13:00:00.000,ZoneC,ZoneB,U038
T4449,Car18,2015-09-29 16:00:00.000,ZoneD,ZoneA,U014
T4450,Car13,2018-08-12 14:00:00.000,ZoneC,ZoneA,U106
T4451,Car13,2016-06-24 20:00:00.000,ZoneB,ZoneB,U143
T4452,Car15,2017-06-02 23:00:00.000,ZoneB,ZoneB,U097
T4453,Car20,2021-12-08 08:00:00.000,ZoneB,ZoneA,U078
T4454,Car06,2016-07-11 22:00:00.000,ZoneC,ZoneA,U156
T4455,Car14,2018-07-15 16:00:00.000,ZoneC,ZoneC,U101
T4456,Car25,2015-09-16 13:00:00.000,ZoneB,ZoneD,U118
T4457,Car01,2020-09-03 12:00:00.000,ZoneC,ZoneD,U042
T4458,Car19,2020-08-12 00:00:00.000,ZoneC,ZoneA,U156
T4459,Car27,2015-10-12 04:00:00.000,ZoneC,ZoneA,U151
T4460,Car01,2019-08-21 03:00:00.000,ZoneD,ZoneC,U099
T4461,Car23,2015-06-09 14:00:00.000,ZoneA,ZoneD,U123
T4462,Car02,2020-12-07 02:00:00.000,ZoneC,ZoneD,U022
T4463,Car24,2018-08-29 21:00:00.000,ZoneB,ZoneD,U146
T4465,Car29,2016-06-02 18:00:00.000,ZoneB,ZoneA,U051
T4466,Car12,2015-02-27 12:00:00.000,ZoneD,ZoneA,U098
T4467,Car03,2018-02-05 06:00:00.000,ZoneA,ZoneC,U148
T4468,Car25,2020-06-18 10:00:00.000,ZoneD,ZoneD,U075
T4469,Car29,2017-06-02 18:00:00.000,ZoneD,ZoneA,U156
T4470,Car23,2019-02-25 06:00:00.000,ZoneB,ZoneA,U047
T4471,Car19,2017-06-11 17:00:00.000,ZoneA,ZoneA,U141
T4472,Car26,2018-03-17 21:00:00.000,ZoneD,ZoneC,U029
T4473,Car14,2016-01-27 21:00:00.000,ZoneD,ZoneA,U026
T4474,Car17,2021-09-20 14:00:00.000,ZoneA,ZoneA,U027
T4475,Car07,2017-11-22 06:00:00.000,ZoneA,ZoneA,U090
T4476,Car03,2015-12-27 20:00:00.000,ZoneD,ZoneC,U153
T4477,Car20,2018-11-29 13:00:00.000,ZoneD,ZoneD,U135
T4478,Car09,2018-10-09 12:00:00.000,ZoneC,ZoneB,U125
T4479,Car06,2018-03-06 00:00:00.000,ZoneC,ZoneA,U037
T4480,Car17,2020-06-19 11:00:00.000,ZoneD,ZoneB,U055
T4481,Car18,2017-09-11 19:00:00.000,ZoneB,ZoneB,U139
T4482,Car19,2016-10-08 21:00:00.000,ZoneB,ZoneA,U150
T4483,Car19,2018-06-09 00:00:00.000,ZoneA,ZoneC,U134
T4484,Car18,2015-04-02 06:00:00.000,ZoneD,ZoneD,U105
T4485,Car01,2021-10-15 09:00:00.000,ZoneD,ZoneC,U109
T4486,Car27,2017-12-07 06:00:00.000,ZoneC,ZoneC,U093
T4487,Car17,2020-07-26 13:00:00.000,ZoneD,ZoneA,U052
T4488,Car27,2019-03-02 16:00:00.000,ZoneA,ZoneB,U036
T4489,Car08,2017-11-18 17:00:00.000,ZoneD,ZoneD,U113
T4490,Car09,2019-07-31 17:00:00.000,ZoneD,ZoneC,U087
T4491,Car10,2019-12-15 04:00:00.000,ZoneA,ZoneD,U080
T4492,Car07,2018-03-26 10:00:00.000,ZoneA,ZoneA,U041
T4493,Car22,2021-12-30 10:00:00.000,ZoneC,ZoneB,U069
T4494,Car28,2018-11-03 22:00:00.000,ZoneC,ZoneC,U148
T4495,Car06,2017-02-17 18:00:00.000,ZoneA,ZoneB,U130
T4496,Car15,2020-04-03 19:00:00.000,ZoneC,ZoneA,U043
T4497,Car28,2018-02-24 15:00:00.000,ZoneC,ZoneC,U130
T4498,Car28,2020-04-13 19:00:00.000,ZoneC,ZoneB,U047
T4499,Car05,2017-11-30 04:00:00.000,ZoneD,ZoneD,U015
T4500,Car09,2015-12-17 20:00:00.000,ZoneC,ZoneD,U127
T4501,Car14,2018-01-26 01:00:00.000,ZoneC,ZoneC,U149
T4502,Car21,2016-09-27 10:00:00.000,ZoneB,ZoneD,U025
T4503,Car28,2015-03-16 09:00:00.000,ZoneB,ZoneD,U115
T4504,Car21,2019-03-22 21:00:00.000,ZoneA,ZoneA,U132
T4505,Car28,2019-11-16 05:00:00.000,ZoneC,ZoneD,U105
T4506,Car03,2016-08-27 19:00:00.000,ZoneB,ZoneA,U050
T4507,Car25,2021-07-06 08:00:00.000,ZoneC,ZoneB,U046
T4508,Car25,2019-11-25 04:00:00.000,ZoneB,ZoneC,U031
T4509,Car09,2020-03-27 22:00:00.000,ZoneA,ZoneC,U135
T4510,Car16,2019-10-19 07:00:00.000,ZoneC,ZoneA,U050
T4511,Car18,2020-10-08 02:00:00.000,ZoneC,ZoneB,U074
T4512,Car19,2020-02-01 17:00:00.000,ZoneC,ZoneA,U065
T4514,Car21,2020-07-11 03:00:00.000,ZoneA,ZoneC,U122
T4515,Car29,2020-03-03 18:00:00.000,ZoneA,ZoneC,U112
T4516,Car27,2017-06-16 07:00:00.000,ZoneA,ZoneD,U078
T4517,Car29,2021-06-14 16:00:00.000,ZoneD,ZoneC,U136
T4518,Car27,2015-04-12 11:00:00.000,ZoneB,ZoneB,U096
T4519,Car04,2018-04-23 13:00:00.000,ZoneD,ZoneD,U144
T4520,Car12,2016-12-27 11:00:00.000,ZoneD,ZoneB,U153
T4521,Car08,2017-06-27 18:00:00.000,ZoneB,ZoneD,U048
T4522,Car10,2019-05-16 16:00:00.000,ZoneB,ZoneC,U064
T4523,Car29,2015-08-28 14:00:00.000,ZoneC,ZoneA,U141
T4524,Car25,2018-12-06 00:00:00.000,ZoneB,ZoneA,U030
T4525,Car15,2016-01-06 15:00:00.000,ZoneD,ZoneA,U103
T4526,Car08,2017-03-24 13:00:00.000,ZoneA,ZoneA,U075
T4527,Car14,2018-04-18 08:00:00.000,ZoneA,ZoneD,U134
T4528,Car12,2021-10-26 00:00:00.000,ZoneA,ZoneA,U032
T4529,Car17,2021-04-15 06:00:00.000,ZoneD,ZoneA,U080
T4530,Car12,2017-02-22 08:00:00.000,ZoneD,ZoneC,U097
T4531,Car11,2018-08-11 13:00:00.000,ZoneA,ZoneD,U051
T4532,Car03,2018-03-07 01:00:00.000,ZoneD,ZoneA,U036
T4533,Car19,2017-11-11 15:00:00.000,ZoneA,ZoneC,U145
T4534,Car11,2019-04-06 01:00:00.000,ZoneA,ZoneA,U086
T4535,Car24,2015-01-15 14:00:00.000,ZoneA,ZoneA,U080
T4536,Car12,2015-09-19 01:00:00.000,ZoneC,ZoneD,U143
T4537,Car29,2017-08-29 11:00:00.000,ZoneD,ZoneA,U070
T4538,Car11,2021-12-12 12:00:00.000,ZoneB,ZoneA,U102
T4539,Car25,2020-02-03 14:00:00.000,ZoneB,ZoneD,U074
T4540,Car15,2016-11-13 22:00:00.000,ZoneB,ZoneA,U020
T4541,Car11,2021-09-16 00:00:00.000,ZoneB,ZoneD,U032
T4542,Car16,2020-11-25 05:00:00.000,ZoneB,ZoneA,U144
T4543,Car25,2019-02-14 10:00:00.000,ZoneB,ZoneA,U069
T4544,Car17,2020-01-02 17:00:00.000,ZoneB,ZoneB,U092
T4545,Car11,2015-08-25 06:00:00.000,ZoneC,ZoneB,U134
T4546,Car30,2021-12-27 22:00:00.000,ZoneD,ZoneC,U061
T4547,Car18,2018-03-11 15:00:00.000,ZoneC,ZoneC,U037
T4548,Car17,2018-04-05 10:00:00.000,ZoneC,ZoneA,U101
T4549,Car08,2021-03-01 06:00:00.000,ZoneC,ZoneA,U042
T4550,Car25,2015-12-22 20:00:00.000,ZoneA,ZoneA,U145
T4551,Car15,2019-08-15 17:00:00.000,ZoneA,ZoneC,U123
T4552,Car01,2021-12-05 15:00:00.000,ZoneB,ZoneA,U025
T4553,Car06,2017-04-06 16:00:00.000,ZoneC,ZoneA,U158
T4554,Car15,2018-09-10 03:00:00.000,ZoneD,ZoneB,U119
T4555,Car17,2015-12-20 08:00:00.000,ZoneB,ZoneD,U041
T4556,Car17,2019-01-06 16:00:00.000,ZoneC,ZoneA,U113
T4557,Car05,2017-10-05 23:00:00.000,ZoneB,ZoneB,U087
T4558,Car17,2018-12-30 09:00:00.000,ZoneA,ZoneA,U109
T4559,Car24,2019-06-14 20:00:00.000,ZoneD,ZoneC,U112
T4560,Car01,2015-01-01 15:00:00.000,ZoneC,ZoneA,U140
T4561,Car14,2016-10-07 10:00:00.000,ZoneC,ZoneB,U022
T4562,Car20,2015-06-06 11:00:00.000,ZoneC,ZoneC,U132
T4563,Car16,2017-09-07 15:00:00.000,ZoneC,ZoneD,U018
T4564,Car14,2019-06-11 22:00:00.000,ZoneD,ZoneD,U055
T4565,Car24,2016-04-06 01:00:00.000,ZoneC,ZoneD,U066
T4566,Car02,2021-12-02 07:00:00.000,ZoneD,ZoneD,U010
T4567,Car08,2019-05-11 21:00:00.000,ZoneB,ZoneA,U040
T4568,Car06,2019-02-10 06:00:00.000,ZoneD,ZoneC,U063
T4569,Car12,2021-04-29 10:00:00.000,ZoneA,ZoneC,U161
T4570,Car21,2017-02-14 05:00:00.000,ZoneB,ZoneA,U154
T4571,Car19,2020-03-17 17:00:00.000,ZoneB,ZoneA,U046
T4572,Car19,2019-04-02 12:00:00.000,ZoneD,ZoneC,U103
T4573,Car01,2018-07-29 00:00:00.000,ZoneC,ZoneD,U160
T4574,Car23,2016-08-07 09:00:00.000,ZoneC,ZoneB,U056
T4575,Car19,2020-11-17 02:00:00.000,ZoneC,ZoneA,U147
T4576,Car06,2020-03-27 17:00:00.000,ZoneB,ZoneA,U093
T4577,Car26,2015-05-21 05:00:00.000,ZoneC,ZoneA,U029
T4578,Car20,2017-11-18 22:00:00.000,ZoneA,ZoneC,U159
T4579,Car12,2015-12-24 12:00:00.000,ZoneD,ZoneA,U128
T4580,Car28,2018-02-12 08:00:00.000,ZoneC,ZoneA,U014
T4581,Car14,2020-09-19 23:00:00.000,ZoneB,ZoneC,U095
T4582,Car21,2015-04-03 02:00:00.000,ZoneC,ZoneC,U126
T4583,Car13,2017-03-08 07:00:00.000,ZoneD,ZoneC,U062
T4584,Car04,2018-07-17 13:00:00.000,ZoneB,ZoneA,U067
T4585,Car28,2021-06-19 11:00:00.000,ZoneD,ZoneC,U116
T4586,Car25,2021-06-25 02:00:00.000,ZoneC,ZoneD,U079
T4588,Car18,2016-06-20 16:00:00.000,ZoneC,ZoneC,U124
T4589,Car17,2019-06-04 00:00:00.000,ZoneC,ZoneA,U041
T4590,Car04,2016-05-01 01:00:00.000,ZoneB,ZoneA,U024
T4591,Car08,2018-04-01 21:00:00.000,ZoneC,ZoneA,U096
T4592,Car23,2015-04-02 06:00:00.000,ZoneD,ZoneB,U120
T4593,Car23,2019-02-05 21:00:00.000,ZoneB,ZoneA,U108
T4594,Car05,2021-01-16 17:00:00.000,ZoneB,ZoneC,U083
T4595,Car28,2021-02-15 22:00:00.000,ZoneD,ZoneA,U129
T4596,Car24,2016-10-18 06:00:00.000,ZoneA,ZoneC,U055
T4597,Car16,2017-08-15 12:00:00.000,ZoneB,ZoneA,U113
T4598,Car17,2021-09-03 07:00:00.000,ZoneC,ZoneC,U088
T4599,Car08,2015-07-05 20:00:00.000,ZoneB,ZoneB,U106
T4600,Car04,2016-03-06 20:00:00.000,ZoneA,ZoneC,U099
T4601,Car16,2021-10-06 00:00:00.000,ZoneC,ZoneD,U100
T4602,Car17,2015-08-22 13:00:00.000,ZoneB,ZoneC,U036
T4603,Car21,2015-12-30 08:00:00.000,ZoneD,ZoneC,U052
T4604,Car23,2016-03-14 18:00:00.000,ZoneA,ZoneD,U102
T4605,Car17,2017-01-31 06:00:00.000,ZoneD,ZoneA,U020
T4606,Car18,2019-01-13 18:00:00.000,ZoneB,ZoneD,U071
T4607,Car27,2018-06-07 18:00:00.000,ZoneC,ZoneB,U061
T4608,Car04,2016-10-07 20:00:00.000,ZoneA,ZoneD,U114
T4609,Car17,2018-09-29 17:00:00.000,ZoneB,ZoneA,U159
T4610,Car24,2017-01-08 18:00:00.000,ZoneA,ZoneB,U135
T4611,Car15,2020-11-26 21:00:00.000,ZoneD,ZoneD,U135
T4612,Car18,2021-10-01 20:00:00.000,ZoneC,ZoneA,U025
T4613,Car24,2021-03-16 06:00:00.000,ZoneC,ZoneB,U079
T4614,Car14,2015-02-10 05:00:00.000,ZoneC,ZoneD,U148
T4615,Car03,2019-09-05 03:00:00.000,ZoneC,ZoneD,U022
T4616,Car16,2015-05-23 22:00:00.000,ZoneB,ZoneD,U046
T4617,Car26,2020-07-06 13:00:00.000,ZoneC,ZoneD,U152
T4618,Car07,2020-03-16 01:00:00.000,ZoneB,ZoneD,U139
T4619,Car25,2017-06-20 21:00:00.000,ZoneB,ZoneC,U091
T4620,Car02,2019-07-11 22:00:00.000,ZoneD,ZoneB,U044
T4621,Car30,2020-11-12 17:00:00.000,ZoneA,ZoneB,U116
T4622,Car10,2017-05-25 05:00:00.000,ZoneC,ZoneC,U158
T4623,Car30,2017-12-23 07:00:00.000,ZoneA,ZoneA,U092
T4624,Car17,2021-05-14 15:00:00.000,ZoneD,ZoneA,U071
T4625,Car09,2020-01-04 04:00:00.000,ZoneA,ZoneC,U076
T4626,Car05,2016-10-29 17:00:00.000,ZoneC,ZoneA,U150
T4627,Car25,2021-02-19 11:00:00.000,ZoneA,ZoneC,U104
T4628,Car10,2018-05-14 19:00:00.000,ZoneC,ZoneB,U158
T4629,Car12,2016-10-31 19:00:00.000,ZoneB,ZoneA,U151
T4630,Car01,2017-07-26 02:00:00.000,ZoneD,ZoneC,U043
T4631,Car14,2018-08-24 21:00:00.000,ZoneC,ZoneA,U086
T4632,Car29,2015-06-19 19:00:00.000,ZoneC,ZoneA,U012
T4633,Car09,2021-06-04 21:00:00.000,ZoneC,ZoneB,U017
T4634,Car06,2016-11-28 22:00:00.000,ZoneB,ZoneA,U025
T4635,Car03,2016-10-30 18:00:00.000,ZoneB,ZoneD,U126
T4636,Car08,2019-11-24 03:00:00.000,ZoneD,ZoneB,U142
T4637,Car21,2016-07-06 22:00:00.000,ZoneD,ZoneC,U147
T4638,Car16,2018-01-07 22:00:00.000,ZoneA,ZoneD,U056
T4639,Car18,2018-10-04 12:00:00.000,ZoneB,ZoneD,U066
T4640,Car14,2017-06-07 23:00:00.000,ZoneB,ZoneA,U022
T4641,Car01,2019-03-19 13:00:00.000,ZoneB,ZoneB,U160
T4642,Car06,2019-01-19 09:00:00.000,ZoneD,ZoneC,U027
T4643,Car03,2021-11-24 19:00:00.000,ZoneB,ZoneA,U045
T4645,Car20,2016-07-10 16:00:00.000,ZoneC,ZoneD,U138
T4646,Car06,2018-01-28 13:00:00.000,ZoneB,ZoneA,U140
T4647,Car03,2017-05-19 09:00:00.000,ZoneC,ZoneD,U073
T4648,Car19,2017-06-13 09:00:00.000,ZoneA,ZoneC,U064
T4649,Car13,2015-03-26 19:00:00.000,ZoneA,ZoneB,U161
T4650,Car24,2017-11-26 20:00:00.000,ZoneB,ZoneA,U069
T4651,Car04,2019-06-07 08:00:00.000,ZoneD,ZoneC,U079
T4652,Car12,2016-11-07 16:00:00.000,ZoneC,ZoneB,U038
T4653,Car25,2015-07-13 03:00:00.000,ZoneD,ZoneD,U090
T4654,Car15,2017-11-09 18:00:00.000,ZoneD,ZoneB,U059
T4655,Car17,2018-05-22 22:00:00.000,ZoneC,ZoneA,U022
T4656,Car18,2016-08-25 22:00:00.000,ZoneC,ZoneB,U043
T4657,Car02,2015-10-24 01:00:00.000,ZoneC,ZoneA,U062
T4658,Car01,2016-09-19 12:00:00.000,ZoneB,ZoneC,U082
T4659,Car28,2016-07-04 20:00:00.000,ZoneA,ZoneA,U045
T4660,Car04,2020-07-15 22:00:00.000,ZoneA,ZoneA,U147
T4661,Car27,2017-10-29 02:00:00.000,ZoneB,ZoneC,U058
T4662,Car18,2019-03-31 10:00:00.000,ZoneB,ZoneC,U101
T4663,Car15,2020-12-13 08:00:00.000,ZoneA,ZoneD,U039
T4665,Car10,2018-03-24 08:00:00.000,ZoneC,ZoneA,U014
T4666,Car02,2017-08-16 03:00:00.000,ZoneD,ZoneB,U032
T4667,Car04,2015-05-14 13:00:00.000,ZoneC,ZoneB,U015
T4668,Car15,2020-11-10 15:00:00.000,ZoneD,ZoneB,U028
T4669,Car10,2018-11-16 15:00:00.000,ZoneA,ZoneC,U129
T4670,Car15,2019-07-27 13:00:00.000,ZoneA,ZoneC,U127
T4671,Car26,2021-07-30 17:00:00.000,ZoneC,ZoneD,U067
T4672,Car05,2019-06-11 02:00:00.000,ZoneD,ZoneD,U032
T4673,Car21,2020-04-21 22:00:00.000,ZoneC,ZoneC,U162
T4674,Car20,2016-12-06 15:00:00.000,ZoneC,ZoneC,U072
T4675,Car25,2015-06-03 23:00:00.000,ZoneD,ZoneA,U060
T4676,Car15,2016-05-07 12:00:00.000,ZoneC,ZoneB,U162
T4677,Car21,2019-06-22 13:00:00.000,ZoneB,ZoneB,U142
T4678,Car01,2019-05-21 06:00:00.000,ZoneC,ZoneB,U016
T4679,Car21,2017-06-17 03:00:00.000,ZoneB,ZoneD,U075
T4680,Car17,2020-09-17 06:00:00.000,ZoneD,ZoneD,U087
T4681,Car25,2021-07-23 10:00:00.000,ZoneC,ZoneD,U033
T4682,Car11,2019-09-21 19:00:00.000,ZoneD,ZoneB,U147
T4683,Car13,2016-12-22 16:00:00.000,ZoneA,ZoneC,U138
T4684,Car05,2015-04-14 18:00:00.000,ZoneC,ZoneB,U018
T4685,Car21,2015-10-08 00:00:00.000,ZoneB,ZoneD,U135
T4686,Car11,2016-09-16 19:00:00.000,ZoneA,ZoneB,U159
T4687,Car14,2018-11-28 22:00:00.000,ZoneB,ZoneC,U090
T4688,Car18,2018-08-11 13:00:00.000,ZoneA,ZoneA,U149
T4689,Car05,2015-02-05 20:00:00.000,ZoneD,ZoneC,U158
T4690,Car21,2017-07-04 05:00:00.000,ZoneD,ZoneD,U158
T4691,Car10,2018-08-01 23:00:00.000,ZoneD,ZoneD,U051
T4692,Car29,2016-08-22 09:00:00.000,ZoneC,ZoneD,U059
T4693,Car17,2016-08-13 05:00:00.000,ZoneC,ZoneC,U024
T4695,Car16,2015-03-31 19:00:00.000,ZoneD,ZoneD,U126
T4696,Car20,2020-09-13 22:00:00.000,ZoneC,ZoneC,U127
T4697,Car26,2019-06-21 07:00:00.000,ZoneA,ZoneB,U118
T4698,Car19,2019-01-07 22:00:00.000,ZoneD,ZoneD,U152
T4699,Car09,2018-03-09 18:00:00.000,ZoneD,ZoneC,U157
T4700,Car13,2020-05-17 23:00:00.000,ZoneA,ZoneB,U110
T4701,Car17,2017-07-25 01:00:00.000,ZoneC,ZoneB,U095
T4702,Car30,2020-10-03 17:00:00.000,ZoneD,ZoneB,U136
T4703,Car02,2020-07-15 02:00:00.000,ZoneD,ZoneC,U093
T4704,Car07,2016-08-12 04:00:00.000,ZoneA,ZoneD,U156
T4705,Car19,2019-06-16 22:00:00.000,ZoneA,ZoneC,U023
T4706,Car23,2015-03-30 08:00:00.000,ZoneD,ZoneC,U040
T4707,Car17,2020-08-05 23:00:00.000,ZoneD,ZoneA,U123
T4708,Car12,2017-02-20 11:00:00.000,ZoneC,ZoneA,U080
T4709,Car04,2020-02-15 11:00:00.000,ZoneB,ZoneD,U120
T4710,Car30,2019-03-27 11:00:00.000,ZoneB,ZoneD,U082
T4711,Car04,2021-05-25 21:00:00.000,ZoneA,ZoneC,U073
T4712,Car10,2016-03-10 19:00:00.000,ZoneC,ZoneD,U162
T4713,Car28,2021-06-18 00:00:00.000,ZoneA,ZoneA,U136
T4714,Car04,2020-02-15 06:00:00.000,ZoneC,ZoneB,U150
T4715,Car03,2018-08-10 12:00:00.000,ZoneA,ZoneC,U084
T4716,Car11,2018-05-14 14:00:00.000,ZoneA,ZoneA,U154
T4717,Car27,2016-01-07 06:00:00.000,ZoneD,ZoneA,U019
T4718,Car26,2019-01-12 07:00:00.000,ZoneB,ZoneA,U066
T4719,Car14,2018-07-07 08:00:00.000,ZoneC,ZoneA,U052
T4720,Car30,2018-12-11 00:00:00.000,ZoneB,ZoneC,U118
T4721,Car09,2019-09-06 19:00:00.000,ZoneA,ZoneB,U107
T4722,Car04,2021-03-17 07:00:00.000,ZoneA,ZoneD,U112
T4723,Car08,2016-05-21 11:00:00.000,ZoneC,ZoneA,U054
T4724,Car24,2015-09-26 03:00:00.000,ZoneB,ZoneD,U116
T4725,Car30,2015-03-30 18:00:00.000,ZoneA,ZoneC,U056
T4726,Car07,2020-12-03 08:00:00.000,ZoneA,ZoneB,U056
T4727,Car29,2015-04-09 18:00:00.000,ZoneB,ZoneD,U090
T4728,Car29,2017-03-26 05:00:00.000,ZoneA,ZoneD,U072
T4729,Car04,2018-07-02 18:00:00.000,ZoneC,ZoneC,U045
T4730,Car24,2018-03-18 07:00:00.000,ZoneD,ZoneB,U092
T4731,Car01,2015-11-30 23:00:00.000,ZoneB,ZoneC,U114
T4732,Car14,2016-08-22 09:00:00.000,ZoneA,ZoneA,U064
T4733,Car22,2018-08-14 01:00:00.000,ZoneC,ZoneA,U089
T4734,Car18,2019-12-03 02:00:00.000,ZoneC,ZoneC,U102
T4735,Car01,2019-10-29 07:00:00.000,ZoneB,ZoneD,U086
T4736,Car23,2015-01-14 13:00:00.000,ZoneD,ZoneB,U089
T4737,Car11,2018-10-22 00:00:00.000,ZoneA,ZoneD,U158
T4738,Car12,2017-09-14 07:00:00.000,ZoneA,ZoneC,U122
T4739,Car04,2021-08-01 04:00:00.000,ZoneB,ZoneC,U121
T4740,Car24,2020-07-05 12:00:00.000,ZoneB,ZoneD,U084
T4741,Car26,2019-07-15 11:00:00.000,ZoneB,ZoneC,U041
T4742,Car20,2018-01-15 20:00:00.000,ZoneC,ZoneC,U043
T4743,Car07,2019-11-02 16:00:00.000,ZoneC,ZoneB,U103
T4744,Car23,2018-12-14 23:00:00.000,ZoneA,ZoneD,U116
T4745,Car03,2016-05-18 23:00:00.000,ZoneA,ZoneA,U039
T4746,Car28,2016-03-14 08:00:00.000,ZoneD,ZoneD,U010
T4747,Car05,2020-03-11 21:00:00.000,ZoneD,ZoneA,U068
T4748,Car11,2019-08-29 01:00:00.000,ZoneD,ZoneC,U109
T4749,Car26,2021-01-26 07:00:00.000,ZoneA,ZoneA,U011
T4750,Car08,2017-01-21 16:00:00.000,ZoneD,ZoneC,U137
T4751,Car28,2021-01-14 20:00:00.000,ZoneD,ZoneC,U083
T4752,Car30,2017-08-20 22:00:00.000,ZoneD,ZoneC,U049
T4753,Car12,2018-07-10 06:00:00.000,ZoneB,ZoneB,U059
T4754,Car22,2019-12-24 03:00:00.000,ZoneB,ZoneC,U045
T4755,Car02,2021-02-27 04:00:00.000,ZoneB,ZoneD,U155
T4756,Car26,2016-02-11 11:00:00.000,ZoneD,ZoneC,U151
T4757,Car24,2016-05-24 14:00:00.000,ZoneA,ZoneD,U062
T4758,Car24,2015-06-21 21:00:00.000,ZoneB,ZoneC,U061
T4759,Car21,2015-12-27 00:00:00.000,ZoneD,ZoneD,U084
T4760,Car18,2019-06-07 13:00:00.000,ZoneB,ZoneD,U122
T4761,Car25,2019-07-22 23:00:00.000,ZoneC,ZoneC,U074
T4762,Car22,2015-12-08 21:00:00.000,ZoneA,ZoneD,U123
T4763,Car16,2017-03-25 19:00:00.000,ZoneB,ZoneD,U014
T4764,Car11,2015-03-04 17:00:00.000,ZoneA,ZoneB,U075
T4765,Car13,2018-09-04 07:00:00.000,ZoneB,ZoneC,U110
T4766,Car12,2021-11-10 20:00:00.000,ZoneA,ZoneA,U054
T4767,Car07,2018-02-10 01:00:00.000,ZoneC,ZoneC,U153
T4768,Car08,2021-08-22 10:00:00.000,ZoneB,ZoneC,U011
T4771,Car05,2018-10-10 08:00:00.000,ZoneA,ZoneD,U105
T4772,Car15,2016-11-02 06:00:00.000,ZoneB,ZoneC,U136
T4773,Car14,2017-08-28 15:00:00.000,ZoneC,ZoneC,U137
T4774,Car19,2020-04-20 01:00:00.000,ZoneA,ZoneC,U092
T4775,Car05,2017-11-06 00:00:00.000,ZoneB,ZoneB,U101
T4776,Car05,2019-03-12 01:00:00.000,ZoneD,ZoneB,U013
T4777,Car05,2017-11-15 04:00:00.000,ZoneB,ZoneD,U161
T4778,Car01,2017-02-15 21:00:00.000,ZoneC,ZoneB,U146
T4779,Car06,2016-02-29 09:00:00.000,ZoneD,ZoneB,U066
T4780,Car10,2017-06-06 07:00:00.000,ZoneB,ZoneC,U111
T4781,Car20,2021-09-10 19:00:00.000,ZoneC,ZoneA,U076
T4782,Car30,2021-02-28 15:00:00.000,ZoneA,ZoneA,U039
T4783,Car17,2021-11-03 13:00:00.000,ZoneA,ZoneB,U077
T4784,Car06,2017-04-07 02:00:00.000,ZoneD,ZoneA,U075
T4785,Car25,2017-04-19 14:00:00.000,ZoneB,ZoneD,U018
T4786,Car12,2017-08-25 07:00:00.000,ZoneC,ZoneC,U019
T4787,Car21,2016-02-05 10:00:00.000,ZoneA,ZoneA,U115
T4788,Car17,2015-02-13 23:00:00.000,ZoneC,ZoneC,U061
T4789,Car05,2015-04-13 12:00:00.000,ZoneD,ZoneC,U153
T4790,Car10,2015-07-08 23:00:00.000,ZoneA,ZoneB,U087
T4791,Car13,2019-11-05 14:00:00.000,ZoneC,ZoneD,U050
T4792,Car17,2021-02-14 21:00:00.000,ZoneA,ZoneC,U117
T4793,Car01,2015-07-07 17:00:00.000,ZoneD,ZoneB,U067
T4794,Car11,2017-07-31 17:00:00.000,ZoneD,ZoneB,U149
T4796,Car05,2020-02-07 08:00:00.000,ZoneB,ZoneC,U155
T4797,Car11,2015-03-09 02:00:00.000,ZoneD,ZoneD,U118
T4798,Car09,2021-10-13 07:00:00.000,ZoneD,ZoneD,U153
T4799,Car25,2020-08-29 07:00:00.000,ZoneD,ZoneD,U056
T4800,Car19,2019-08-18 00:00:00.000,ZoneB,ZoneB,U059
T4801,Car07,2015-05-25 09:00:00.000,ZoneA,ZoneD,U071
T4802,Car08,2019-10-07 10:00:00.000,ZoneC,ZoneA,U064
T4803,Car25,2020-02-01 22:00:00.000,ZoneA,ZoneC,U149
T4804,Car08,2021-03-12 22:00:00.000,ZoneB,ZoneD,U096
T4805,Car02,2019-04-19 04:00:00.000,ZoneA,ZoneC,U029
T4806,Car14,2019-10-04 12:00:00.000,ZoneC,ZoneA,U105
T4807,Car21,2021-05-13 04:00:00.000,ZoneD,ZoneC,U065
T4808,Car14,2021-05-03 09:00:00.000,ZoneD,ZoneC,U160
T4809,Car22,2017-02-04 15:00:00.000,ZoneD,ZoneC,U154
T4810,Car04,2018-10-03 01:00:00.000,ZoneD,ZoneC,U102
T4811,Car01,2019-09-17 20:00:00.000,ZoneB,ZoneC,U095
T4812,Car21,2018-06-16 07:00:00.000,ZoneD,ZoneC,U096
T4813,Car18,2020-06-29 01:00:00.000,ZoneA,ZoneA,U072
T4814,Car16,2021-01-04 15:00:00.000,ZoneD,ZoneA,U113
T4815,Car29,2016-12-06 10:00:00.000,ZoneB,ZoneA,U088
T4816,Car15,2016-09-23 06:00:00.000,ZoneC,ZoneB,U143
T4817,Car18,2019-06-24 05:00:00.000,ZoneC,ZoneD,U068
T4818,Car21,2015-03-03 11:00:00.000,ZoneC,ZoneC,U058
T4819,Car30,2019-01-01 16:00:00.000,ZoneB,ZoneC,U078
T4820,Car25,2017-12-29 23:00:00.000,ZoneA,ZoneB,U011
T4821,Car05,2015-07-04 14:00:00.000,ZoneC,ZoneC,U130
T4822,Car30,2020-01-26 06:00:00.000,ZoneA,ZoneB,U064
T4823,Car14,2021-12-07 07:00:00.000,ZoneD,ZoneB,U089
T4824,Car28,2021-09-19 13:00:00.000,ZoneC,ZoneC,U033
T4825,Car01,2019-01-11 06:00:00.000,ZoneB,ZoneD,U071
T4826,Car04,2018-06-15 06:00:00.000,ZoneA,ZoneC,U010
T4827,Car10,2017-06-19 05:00:00.000,ZoneD,ZoneD,U159
T4828,Car28,2021-12-15 15:00:00.000,ZoneD,ZoneB,U130
T4829,Car04,2017-07-01 02:00:00.000,ZoneB,ZoneD,U139
T4830,Car15,2016-06-07 08:00:00.000,ZoneA,ZoneC,U068
T4831,Car05,2016-07-03 09:00:00.000,ZoneB,ZoneC,U125
T4832,Car21,2015-10-12 14:00:00.000,ZoneD,ZoneD,U018
T4833,Car18,2017-10-15 13:00:00.000,ZoneC,ZoneD,U118
T4834,Car29,2019-02-11 02:00:00.000,ZoneB,ZoneA,U043
T4835,Car05,2019-12-15 04:00:00.000,ZoneB,ZoneD,U075
T4836,Car19,2020-08-18 01:00:00.000,ZoneB,ZoneD,U154
T4837,Car20,2016-01-20 19:00:00.000,ZoneA,ZoneD,U158
T4838,Car30,2020-08-29 02:00:00.000,ZoneC,ZoneD,U059
T4839,Car17,2017-03-24 18:00:00.000,ZoneD,ZoneA,U155
T4840,Car02,2020-09-19 08:00:00.000,ZoneD,ZoneD,U026
T4841,Car10,2020-05-31 02:00:00.000,ZoneC,ZoneC,U150
T4842,Car09,2016-04-16 11:00:00.000,ZoneD,ZoneA,U055
T4843,Car10,2016-02-15 00:00:00.000,ZoneD,ZoneB,U073
T4844,Car21,2019-11-11 10:00:00.000,ZoneC,ZoneB,U017
T4845,Car28,2015-08-08 14:00:00.000,ZoneC,ZoneC,U097
T4846,Car12,2018-05-15 15:00:00.000,ZoneD,ZoneA,U017
T4847,Car26,2021-07-28 00:00:00.000,ZoneB,ZoneC,U028
T4848,Car26,2020-01-15 00:00:00.000,ZoneB,ZoneD,U139
T4849,Car11,2015-02-13 18:00:00.000,ZoneB,ZoneB,U150
T4850,Car03,2019-09-11 19:00:00.000,ZoneA,ZoneA,U118
T4851,Car28,2020-03-23 18:00:00.000,ZoneA,ZoneC,U018
T4852,Car20,2015-02-14 14:00:00.000,ZoneD,ZoneC,U060
T4853,Car30,2017-04-09 19:00:00.000,ZoneD,ZoneA,U088
T4854,Car06,2015-08-24 00:00:00.000,ZoneD,ZoneC,U130
T4855,Car28,2016-09-19 22:00:00.000,ZoneD,ZoneA,U060
T4856,Car15,2019-11-10 09:00:00.000,ZoneB,ZoneD,U070
T4857,Car09,2021-07-14 01:00:00.000,ZoneB,ZoneD,U130
T4858,Car23,2020-02-20 01:00:00.000,ZoneB,ZoneD,U086
T4859,Car29,2018-05-13 08:00:00.000,ZoneC,ZoneD,U140
T4860,Car01,2021-10-29 03:00:00.000,ZoneD,ZoneB,U046
T4861,Car06,2018-07-12 03:00:00.000,ZoneB,ZoneC,U138
T4862,Car13,2016-02-02 17:00:00.000,ZoneA,ZoneB,U072
T4863,Car11,2019-04-29 19:00:00.000,ZoneA,ZoneA,U047
T4864,Car06,2020-02-03 04:00:00.000,ZoneC,ZoneA,U099
T4865,Car20,2019-05-26 21:00:00.000,ZoneA,ZoneA,U106
T4866,Car29,2016-07-13 19:00:00.000,ZoneB,ZoneD,U162
T4867,Car23,2019-11-26 10:00:00.000,ZoneD,ZoneB,U025
T4868,Car22,2021-03-12 22:00:00.000,ZoneC,ZoneA,U083
T4869,Car17,2019-04-05 05:00:00.000,ZoneA,ZoneC,U050
T4870,Car03,2017-09-04 07:00:00.000,ZoneC,ZoneA,U100
T4871,Car10,2021-03-16 16:00:00.000,ZoneC,ZoneD,U138
T4872,Car28,2015-05-06 05:00:00.000,ZoneB,ZoneC,U073
T4873,Car10,2017-10-09 17:00:00.000,ZoneB,ZoneB,U157
T4874,Car22,2017-11-15 09:00:00.000,ZoneC,ZoneC,U051
T4875,Car12,2019-08-05 17:00:00.000,ZoneD,ZoneC,U067
T4876,Car21,2017-11-18 22:00:00.000,ZoneA,ZoneD,U160
T4877,Car22,2021-12-13 18:00:00.000,ZoneD,ZoneA,U128
T4878,Car10,2018-12-24 23:00:00.000,ZoneC,ZoneA,U150
T4879,Car24,2018-08-14 21:00:00.000,ZoneC,ZoneA,U143
T4880,Car16,2016-01-10 09:00:00.000,ZoneD,ZoneA,U113
T4881,Car23,2015-01-15 09:00:00.000,ZoneA,ZoneA,U126
T4882,Car15,2016-07-16 02:00:00.000,ZoneA,ZoneC,U156
T4883,Car25,2017-01-16 01:00:00.000,ZoneD,ZoneA,U151
T4884,Car26,2017-04-10 20:00:00.000,ZoneD,ZoneA,U150
T3488,Car16,2020-11-28 08:00:00.000,ZoneD,ZoneB,U036
T3489,Car02,2017-11-21 10:00:00.000,ZoneD,ZoneA,U157
T3490,Car13,2016-12-28 07:00:00.000,ZoneD,ZoneC,U044
T3491,Car11,2016-01-18 17:00:00.000,ZoneB,ZoneB,U050
T3493,Car21,2016-02-13 13:00:00.000,ZoneD,ZoneB,U078
T3494,Car10,2019-08-08 20:00:00.000,ZoneA,ZoneC,U055
T3495,Car11,2019-06-30 01:00:00.000,ZoneB,ZoneA,U052
T3496,Car21,2015-05-18 22:00:00.000,ZoneA,ZoneC,U082
T3497,Car17,2017-06-03 14:00:00.000,ZoneD,ZoneA,U023
T3498,Car30,2017-06-23 09:00:00.000,ZoneA,ZoneA,U011
T3499,Car10,2018-12-15 04:00:00.000,ZoneC,ZoneC,U092
T3500,Car26,2021-09-28 17:00:00.000,ZoneD,ZoneD,U046
T3501,Car27,2019-11-23 07:00:00.000,ZoneA,ZoneB,U110
T3502,Car08,2019-02-23 09:00:00.000,ZoneB,ZoneB,U091
T3503,Car09,2015-07-15 10:00:00.000,ZoneA,ZoneB,U026
T3504,Car01,2019-05-23 13:00:00.000,ZoneD,ZoneD,U118
T3505,Car28,2018-11-27 06:00:00.000,ZoneC,ZoneB,U014
T3506,Car14,2018-08-11 18:00:00.000,ZoneA,ZoneA,U061
T3507,Car03,2018-07-11 17:00:00.000,ZoneA,ZoneB,U140
T3508,Car17,2020-12-27 17:00:00.000,ZoneD,ZoneC,U079
T3510,Car14,2018-05-30 20:00:00.000,ZoneB,ZoneA,U155
T3511,Car18,2018-12-24 03:00:00.000,ZoneD,ZoneB,U125
T3512,Car25,2020-06-10 12:00:00.000,ZoneA,ZoneD,U048
T3513,Car06,2018-03-10 14:00:00.000,ZoneC,ZoneA,U157
T3514,Car22,2018-07-16 02:00:00.000,ZoneC,ZoneA,U134
T3515,Car14,2019-01-04 19:00:00.000,ZoneB,ZoneD,U061
T3516,Car30,2020-01-13 03:00:00.000,ZoneD,ZoneA,U017
T3517,Car01,2019-07-06 22:00:00.000,ZoneC,ZoneA,U018
T3518,Car12,2015-02-14 09:00:00.000,ZoneC,ZoneC,U029
T3519,Car09,2020-02-22 23:00:00.000,ZoneA,ZoneC,U042
T3520,Car12,2019-06-11 17:00:00.000,ZoneA,ZoneC,U158
T3521,Car26,2018-02-16 22:00:00.000,ZoneD,ZoneA,U134
T3522,Car26,2016-05-06 16:00:00.000,ZoneA,ZoneA,U027
T3523,Car07,2016-08-02 09:00:00.000,ZoneD,ZoneA,U027
T3524,Car13,2019-11-12 16:00:00.000,ZoneA,ZoneA,U085
T3525,Car19,2020-12-29 09:00:00.000,ZoneB,ZoneB,U094
T3526,Car04,2016-06-08 04:00:00.000,ZoneB,ZoneB,U058
T3527,Car08,2016-02-16 16:00:00.000,ZoneD,ZoneC,U103
T3528,Car10,2016-08-15 22:00:00.000,ZoneA,ZoneC,U161
T3529,Car25,2018-12-25 09:00:00.000,ZoneB,ZoneA,U109
T3531,Car10,2015-10-20 22:00:00.000,ZoneC,ZoneC,U111
T3532,Car21,2019-11-26 05:00:00.000,ZoneA,ZoneB,U046
T3533,Car20,2018-01-30 05:00:00.000,ZoneD,ZoneB,U091
T3534,Car01,2016-05-02 02:00:00.000,ZoneA,ZoneC,U112
T3535,Car06,2017-12-01 05:00:00.000,ZoneC,ZoneD,U081
T3536,Car27,2017-09-20 18:00:00.000,ZoneD,ZoneC,U081
T3537,Car07,2021-11-15 10:00:00.000,ZoneB,ZoneB,U148
T3538,Car30,2019-04-23 23:00:00.000,ZoneB,ZoneD,U075
T3539,Car26,2016-09-12 00:00:00.000,ZoneB,ZoneD,U147
T3540,Car29,2018-05-14 14:00:00.000,ZoneC,ZoneD,U115
T3541,Car02,2019-11-17 11:00:00.000,ZoneA,ZoneA,U133
T3542,Car29,2018-06-08 04:00:00.000,ZoneA,ZoneC,U133
T3543,Car30,2018-09-13 16:00:00.000,ZoneD,ZoneC,U016
T3544,Car21,2018-03-28 17:00:00.000,ZoneB,ZoneD,U134
T3545,Car04,2015-02-06 06:00:00.000,ZoneB,ZoneC,U104
T3546,Car20,2015-03-30 18:00:00.000,ZoneA,ZoneA,U138
T3547,Car11,2017-12-04 03:00:00.000,ZoneD,ZoneA,U052
T3548,Car10,2016-05-01 16:00:00.000,ZoneD,ZoneD,U157
T3549,Car18,2020-05-22 13:00:00.000,ZoneA,ZoneB,U037
T3550,Car26,2015-09-19 21:00:00.000,ZoneB,ZoneA,U035
T3551,Car29,2021-10-06 10:00:00.000,ZoneA,ZoneC,U086
T3552,Car19,2021-04-22 23:00:00.000,ZoneB,ZoneA,U139
T3553,Car29,2016-07-23 09:00:00.000,ZoneB,ZoneD,U119
T3554,Car26,2016-10-17 20:00:00.000,ZoneD,ZoneC,U086
T3555,Car29,2021-02-23 15:00:00.000,ZoneB,ZoneA,U015
T3556,Car13,2015-12-24 07:00:00.000,ZoneD,ZoneA,U143
T3557,Car21,2017-06-26 22:00:00.000,ZoneC,ZoneA,U160
T3558,Car09,2015-04-03 22:00:00.000,ZoneB,ZoneB,U091
T3559,Car09,2015-11-03 01:00:00.000,ZoneD,ZoneB,U070
T3560,Car25,2017-07-26 07:00:00.000,ZoneC,ZoneB,U123
T3561,Car22,2018-01-18 03:00:00.000,ZoneD,ZoneC,U091
T3562,Car03,2019-03-27 06:00:00.000,ZoneA,ZoneC,U055
T3563,Car04,2015-07-09 14:00:00.000,ZoneB,ZoneC,U041
T3564,Car30,2019-09-13 01:00:00.000,ZoneD,ZoneC,U037
T3565,Car02,2016-07-15 16:00:00.000,ZoneD,ZoneC,U033
T3566,Car29,2020-08-03 06:00:00.000,ZoneA,ZoneD,U019
T3568,Car08,2015-05-29 18:00:00.000,ZoneA,ZoneC,U115
T3569,Car25,2015-12-15 23:00:00.000,ZoneA,ZoneD,U054
T3570,Car09,2021-05-10 11:00:00.000,ZoneC,ZoneB,U080
T3571,Car09,2020-11-24 14:00:00.000,ZoneD,ZoneB,U091
T3572,Car18,2019-04-25 15:00:00.000,ZoneB,ZoneD,U122
T3573,Car14,2020-07-13 05:00:00.000,ZoneD,ZoneD,U034
T3574,Car08,2016-06-23 19:00:00.000,ZoneC,ZoneD,U017
T3575,Car16,2021-09-22 16:00:00.000,ZoneB,ZoneD,U115
T3576,Car02,2016-06-29 15:00:00.000,ZoneB,ZoneC,U093
T3577,Car03,2018-07-22 18:00:00.000,ZoneA,ZoneA,U018
T3578,Car11,2015-04-29 13:00:00.000,ZoneB,ZoneB,U087
T3579,Car21,2018-08-20 22:00:00.000,ZoneA,ZoneD,U140
T3580,Car12,2021-01-15 11:00:00.000,ZoneC,ZoneA,U099
T3581,Car07,2018-05-21 11:00:00.000,ZoneD,ZoneD,U144
T3582,Car30,2016-12-27 01:00:00.000,ZoneC,ZoneC,U081
T3583,Car15,2018-10-24 07:00:00.000,ZoneA,ZoneD,U070
T3584,Car02,2021-02-06 08:00:00.000,ZoneD,ZoneB,U041
T3585,Car05,2020-10-22 06:00:00.000,ZoneC,ZoneB,U032
T3586,Car29,2020-06-01 23:00:00.000,ZoneA,ZoneA,U063
T3587,Car24,2021-07-23 15:00:00.000,ZoneD,ZoneC,U089
T3588,Car06,2021-05-07 23:00:00.000,ZoneC,ZoneD,U078
T3589,Car08,2017-08-13 20:00:00.000,ZoneC,ZoneB,U019
T3590,Car14,2021-12-18 08:00:00.000,ZoneD,ZoneA,U042
T3591,Car03,2021-12-19 14:00:00.000,ZoneC,ZoneC,U026
T3592,Car21,2015-10-22 14:00:00.000,ZoneB,ZoneD,U124
T3593,Car23,2019-06-15 21:00:00.000,ZoneD,ZoneD,U132
T3594,Car20,2020-05-06 22:00:00.000,ZoneD,ZoneB,U137
T3595,Car11,2019-07-27 08:00:00.000,ZoneC,ZoneB,U107
T3596,Car27,2018-06-17 18:00:00.000,ZoneC,ZoneD,U131
T3597,Car28,2018-01-18 08:00:00.000,ZoneC,ZoneC,U100
T3598,Car07,2016-10-31 04:00:00.000,ZoneB,ZoneD,U127
T3599,Car06,2019-06-29 05:00:00.000,ZoneC,ZoneD,U073
T3600,Car21,2018-10-27 00:00:00.000,ZoneD,ZoneD,U155
T3601,Car27,2018-02-27 23:00:00.000,ZoneD,ZoneB,U133
T3602,Car18,2016-06-29 20:00:00.000,ZoneD,ZoneD,U050
T3603,Car08,2017-05-06 11:00:00.000,ZoneD,ZoneC,U078
T3604,Car11,2020-10-19 03:00:00.000,ZoneA,ZoneB,U016
T3605,Car03,2017-09-28 06:00:00.000,ZoneB,ZoneD,U075
T3606,Car08,2017-10-14 12:00:00.000,ZoneC,ZoneC,U051
T3607,Car02,2019-11-01 20:00:00.000,ZoneC,ZoneB,U108
T3608,Car12,2018-06-29 00:00:00.000,ZoneC,ZoneC,U161
T3609,Car24,2016-08-22 19:00:00.000,ZoneD,ZoneC,U153
T3610,Car28,2018-07-13 19:00:00.000,ZoneB,ZoneB,U014
T3611,Car30,2017-01-06 21:00:00.000,ZoneA,ZoneB,U063
T3612,Car11,2020-03-09 09:00:00.000,ZoneB,ZoneD,U048
T3613,Car27,2016-04-17 02:00:00.000,ZoneD,ZoneD,U111
T3614,Car05,2015-04-20 04:00:00.000,ZoneD,ZoneC,U033
T3615,Car20,2019-11-24 13:00:00.000,ZoneA,ZoneD,U121
T3616,Car01,2016-12-12 06:00:00.000,ZoneA,ZoneA,U090
T3617,Car21,2017-09-25 13:00:00.000,ZoneD,ZoneA,U041
T3618,Car11,2020-09-27 11:00:00.000,ZoneB,ZoneC,U036
T3619,Car17,2015-08-04 00:00:00.000,ZoneA,ZoneD,U043
T3620,Car08,2015-06-15 20:00:00.000,ZoneC,ZoneD,U122
T3621,Car30,2018-08-30 07:00:00.000,ZoneA,ZoneD,U037
T3622,Car27,2015-12-17 20:00:00.000,ZoneA,ZoneC,U020
T3623,Car10,2016-12-23 17:00:00.000,ZoneB,ZoneC,U034
T3624,Car12,2021-09-29 23:00:00.000,ZoneA,ZoneD,U134
T3625,Car28,2019-06-22 18:00:00.000,ZoneD,ZoneA,U031
T3626,Car06,2016-02-05 10:00:00.000,ZoneB,ZoneB,U058
T3627,Car23,2016-12-29 03:00:00.000,ZoneB,ZoneC,U158
T3628,Car09,2020-03-23 03:00:00.000,ZoneC,ZoneA,U023
T3629,Car06,2018-07-30 01:00:00.000,ZoneC,ZoneB,U140
T3630,Car24,2020-03-25 15:00:00.000,ZoneD,ZoneC,U155
T3631,Car10,2018-11-04 23:00:00.000,ZoneD,ZoneC,U051
T3632,Car10,2017-10-20 13:00:00.000,ZoneD,ZoneD,U064
T3633,Car24,2015-04-11 05:00:00.000,ZoneD,ZoneB,U103
T3634,Car05,2019-12-19 03:00:00.000,ZoneA,ZoneC,U121
T3635,Car19,2018-03-30 19:00:00.000,ZoneB,ZoneB,U131
T3636,Car27,2015-09-18 10:00:00.000,ZoneD,ZoneC,U069
T3637,Car29,2019-03-12 11:00:00.000,ZoneA,ZoneC,U024
T3638,Car12,2020-03-11 21:00:00.000,ZoneD,ZoneC,U073
T3639,Car13,2021-12-04 14:00:00.000,ZoneD,ZoneB,U047
T3640,Car23,2016-10-23 06:00:00.000,ZoneC,ZoneC,U138
T3641,Car13,2017-08-23 00:00:00.000,ZoneB,ZoneA,U093
T3642,Car24,2016-02-15 15:00:00.000,ZoneC,ZoneD,U115
T3643,Car17,2017-10-18 16:00:00.000,ZoneD,ZoneC,U098
T3644,Car02,2019-03-26 05:00:00.000,ZoneA,ZoneD,U046
T3645,Car15,2019-11-30 14:00:00.000,ZoneD,ZoneD,U151
T3646,Car20,2018-05-16 06:00:00.000,ZoneD,ZoneC,U111
T3647,Car10,2018-03-23 17:00:00.000,ZoneB,ZoneA,U028
T3648,Car28,2020-06-25 02:00:00.000,ZoneD,ZoneD,U152
T3649,Car30,2016-09-21 09:00:00.000,ZoneA,ZoneC,U110
T3650,Car13,2017-11-09 18:00:00.000,ZoneB,ZoneC,U138
T3651,Car09,2017-11-09 03:00:00.000,ZoneD,ZoneB,U037
T3652,Car13,2016-02-09 19:00:00.000,ZoneA,ZoneC,U084
T3653,Car23,2020-07-09 01:00:00.000,ZoneA,ZoneC,U082
T3654,Car18,2021-07-26 08:00:00.000,ZoneD,ZoneC,U133
T3655,Car10,2016-09-27 10:00:00.000,ZoneB,ZoneA,U148
T3656,Car24,2020-03-12 22:00:00.000,ZoneA,ZoneC,U127
T3657,Car06,2016-02-12 12:00:00.000,ZoneB,ZoneB,U043
T3658,Car19,2020-07-26 23:00:00.000,ZoneD,ZoneC,U081
T3659,Car26,2020-02-22 18:00:00.000,ZoneC,ZoneC,U119
T3660,Car06,2020-06-11 23:00:00.000,ZoneA,ZoneB,U069
T3661,Car18,2017-07-07 13:00:00.000,ZoneC,ZoneA,U092
T3662,Car13,2016-04-05 20:00:00.000,ZoneA,ZoneD,U154
T3663,Car16,2017-09-04 07:00:00.000,ZoneD,ZoneA,U033
T3664,Car07,2021-07-01 13:00:00.000,ZoneC,ZoneC,U076
T3665,Car23,2020-11-02 17:00:00.000,ZoneA,ZoneA,U011
T3666,Car29,2020-10-30 14:00:00.000,ZoneA,ZoneA,U125
T3667,Car27,2016-01-22 06:00:00.000,ZoneB,ZoneB,U027
T3668,Car28,2019-02-25 21:00:00.000,ZoneA,ZoneD,U064
T3669,Car25,2018-02-13 04:00:00.000,ZoneB,ZoneA,U016
T3670,Car15,2015-08-17 03:00:00.000,ZoneB,ZoneB,U158
T3671,Car25,2019-05-25 20:00:00.000,ZoneD,ZoneB,U079
T3672,Car18,2019-11-28 12:00:00.000,ZoneC,ZoneA,U137
T3673,Car16,2017-12-16 00:00:00.000,ZoneA,ZoneA,U146
T3674,Car28,2018-01-01 16:00:00.000,ZoneD,ZoneC,U056
T3675,Car25,2021-05-21 17:00:00.000,ZoneC,ZoneC,U039
T3676,Car30,2020-01-14 04:00:00.000,ZoneD,ZoneC,U010
T3677,Car28,2015-03-04 07:00:00.000,ZoneB,ZoneC,U026
T3678,Car06,2018-01-24 09:00:00.000,ZoneB,ZoneD,U107
T3679,Car30,2018-05-03 03:00:00.000,ZoneD,ZoneA,U126
T3680,Car29,2017-02-17 18:00:00.000,ZoneA,ZoneA,U117
T3681,Car30,2019-08-13 00:00:00.000,ZoneD,ZoneD,U049
T3682,Car21,2017-05-09 09:00:00.000,ZoneA,ZoneC,U048
T3683,Car02,2015-11-10 13:00:00.000,ZoneC,ZoneB,U087
T3684,Car20,2017-06-02 18:00:00.000,ZoneC,ZoneC,U070
T3685,Car09,2021-11-29 09:00:00.000,ZoneC,ZoneB,U093
T3686,Car03,2017-11-29 13:00:00.000,ZoneB,ZoneD,U109
T3687,Car23,2019-11-21 05:00:00.000,ZoneA,ZoneA,U158
T3688,Car26,2018-11-27 21:00:00.000,ZoneC,ZoneB,U082
T3689,Car13,2017-11-18 17:00:00.000,ZoneC,ZoneB,U154
T3690,Car07,2016-04-29 14:00:00.000,ZoneC,ZoneA,U041
T3691,Car07,2017-12-15 14:00:00.000,ZoneD,ZoneD,U072
T3692,Car27,2019-10-14 07:00:00.000,ZoneC,ZoneC,U111
T3693,Car19,2021-11-01 11:00:00.000,ZoneD,ZoneD,U015
T3694,Car17,2015-04-12 01:00:00.000,ZoneA,ZoneB,U143
T3695,Car16,2020-02-29 05:00:00.000,ZoneD,ZoneD,U042
T3696,Car08,2016-01-03 22:00:00.000,ZoneB,ZoneA,U039
T3697,Car06,2021-06-19 16:00:00.000,ZoneC,ZoneC,U146
T3698,Car09,2017-08-14 21:00:00.000,ZoneB,ZoneA,U050
T3699,Car15,2017-11-17 01:00:00.000,ZoneC,ZoneD,U040
T3700,Car02,2016-06-22 13:00:00.000,ZoneA,ZoneA,U031
T3701,Car03,2016-08-22 09:00:00.000,ZoneC,ZoneD,U129
T3702,Car21,2020-04-11 22:00:00.000,ZoneB,ZoneB,U071
T3703,Car21,2021-01-13 19:00:00.000,ZoneD,ZoneC,U148
T3704,Car06,2015-06-09 19:00:00.000,ZoneD,ZoneC,U064
T3705,Car21,2017-07-17 08:00:00.000,ZoneB,ZoneB,U083
T3706,Car04,2019-03-26 20:00:00.000,ZoneB,ZoneC,U067
T3707,Car21,2019-04-08 03:00:00.000,ZoneA,ZoneC,U131
T3708,Car09,2015-04-19 18:00:00.000,ZoneA,ZoneC,U127
T3709,Car24,2015-05-22 06:00:00.000,ZoneD,ZoneC,U043
T3710,Car10,2019-11-21 10:00:00.000,ZoneC,ZoneC,U088
T3711,Car19,2019-03-17 11:00:00.000,ZoneC,ZoneB,U036
T3712,Car05,2017-07-01 02:00:00.000,ZoneB,ZoneD,U013
T3713,Car14,2017-04-29 04:00:00.000,ZoneC,ZoneB,U024
T3714,Car05,2021-01-14 05:00:00.000,ZoneA,ZoneC,U011
T3715,Car29,2021-06-07 14:00:00.000,ZoneB,ZoneA,U060
T3716,Car20,2015-07-12 17:00:00.000,ZoneD,ZoneB,U028
T3717,Car11,2021-02-26 23:00:00.000,ZoneD,ZoneD,U109
T3718,Car26,2016-08-18 15:00:00.000,ZoneB,ZoneB,U082
T3719,Car05,2016-04-20 00:00:00.000,ZoneA,ZoneA,U080
T3720,Car20,2020-02-04 00:00:00.000,ZoneD,ZoneC,U057
T3721,Car13,2018-03-10 14:00:00.000,ZoneB,ZoneC,U151
T3722,Car30,2018-01-20 10:00:00.000,ZoneA,ZoneA,U137
T3724,Car13,2015-10-28 20:00:00.000,ZoneB,ZoneA,U037
T3725,Car06,2015-04-22 16:00:00.000,ZoneA,ZoneB,U117
T3726,Car10,2018-05-04 14:00:00.000,ZoneA,ZoneB,U127
T3727,Car16,2016-12-20 04:00:00.000,ZoneA,ZoneD,U011
T3728,Car08,2015-11-18 06:00:00.000,ZoneA,ZoneB,U019
T3729,Car30,2018-11-01 05:00:00.000,ZoneC,ZoneD,U034
T3730,Car18,2020-07-26 18:00:00.000,ZoneD,ZoneC,U037
T3731,Car11,2016-06-30 21:00:00.000,ZoneC,ZoneB,U155
T3732,Car06,2016-02-11 01:00:00.000,ZoneC,ZoneA,U114
T3733,Car27,2019-09-29 17:00:00.000,ZoneD,ZoneB,U084
T3734,Car17,2019-07-28 19:00:00.000,ZoneB,ZoneD,U022
T3735,Car25,2016-09-12 10:00:00.000,ZoneA,ZoneB,U117
T3736,Car30,2019-05-30 05:00:00.000,ZoneB,ZoneD,U150
T3737,Car06,2021-05-02 08:00:00.000,ZoneB,ZoneB,U093
T3738,Car26,2015-05-17 11:00:00.000,ZoneC,ZoneB,U132
T3739,Car25,2020-03-15 20:00:00.000,ZoneC,ZoneD,U044
T3740,Car13,2017-11-16 20:00:00.000,ZoneD,ZoneD,U086
T3741,Car14,2019-08-16 03:00:00.000,ZoneD,ZoneD,U101
T3742,Car11,2018-07-05 11:00:00.000,ZoneA,ZoneD,U079
T3743,Car04,2021-09-08 12:00:00.000,ZoneB,ZoneA,U072
T3744,Car25,2016-10-15 08:00:00.000,ZoneD,ZoneD,U035
T3745,Car06,2016-04-12 12:00:00.000,ZoneD,ZoneD,U027
T3746,Car03,2018-02-02 18:00:00.000,ZoneA,ZoneA,U150
T3747,Car30,2021-04-03 14:00:00.000,ZoneB,ZoneA,U053
T3748,Car10,2019-07-29 10:00:00.000,ZoneC,ZoneA,U042
T3749,Car22,2016-03-26 20:00:00.000,ZoneC,ZoneD,U155
T3750,Car20,2016-08-10 22:00:00.000,ZoneD,ZoneC,U112
T3751,Car22,2017-06-20 16:00:00.000,ZoneC,ZoneC,U019
T3752,Car14,2020-08-16 09:00:00.000,ZoneC,ZoneC,U112
T3753,Car15,2020-01-21 01:00:00.000,ZoneC,ZoneC,U012
T3754,Car16,2020-06-22 19:00:00.000,ZoneB,ZoneB,U041
T3755,Car19,2020-03-21 01:00:00.000,ZoneB,ZoneC,U145
T3756,Car03,2019-02-11 02:00:00.000,ZoneC,ZoneA,U109
T3757,Car25,2016-03-31 00:00:00.000,ZoneB,ZoneA,U090
T3758,Car16,2015-07-21 11:00:00.000,ZoneA,ZoneA,U108
T3759,Car14,2019-07-26 07:00:00.000,ZoneC,ZoneC,U063
T3760,Car26,2020-03-07 12:00:00.000,ZoneD,ZoneD,U019
T3761,Car22,2018-07-14 05:00:00.000,ZoneC,ZoneA,U043
T3762,Car22,2020-10-27 16:00:00.000,ZoneB,ZoneA,U103
T3763,Car06,2020-05-07 18:00:00.000,ZoneA,ZoneC,U122
T3764,Car08,2019-01-11 21:00:00.000,ZoneD,ZoneD,U090
T3765,Car22,2021-04-05 16:00:00.000,ZoneC,ZoneB,U115
T3766,Car24,2016-01-14 13:00:00.000,ZoneD,ZoneD,U010
T3767,Car15,2018-01-13 08:00:00.000,ZoneD,ZoneD,U142
T3769,Car20,2019-06-02 18:00:00.000,ZoneD,ZoneB,U133
T3770,Car22,2019-07-13 19:00:00.000,ZoneA,ZoneB,U020
T3771,Car20,2015-04-27 06:00:00.000,ZoneB,ZoneA,U097
T3772,Car23,2015-05-23 02:00:00.000,ZoneB,ZoneA,U151
T3773,Car26,2021-03-12 12:00:00.000,ZoneC,ZoneB,U067
T3774,Car04,2020-07-28 15:00:00.000,ZoneC,ZoneA,U094
T3775,Car10,2017-12-29 03:00:00.000,ZoneD,ZoneC,U081
T3776,Car26,2021-11-24 19:00:00.000,ZoneC,ZoneD,U115
T3777,Car24,2018-02-03 04:00:00.000,ZoneD,ZoneA,U045
T3778,Car03,2021-06-30 17:00:00.000,ZoneD,ZoneC,U022
T3779,Car25,2019-07-30 01:00:00.000,ZoneC,ZoneD,U033
T3780,Car05,2020-02-21 07:00:00.000,ZoneB,ZoneD,U091
T3781,Car28,2015-12-25 08:00:00.000,ZoneC,ZoneB,U065
T3782,Car10,2016-07-14 15:00:00.000,ZoneD,ZoneC,U053
T3783,Car30,2021-09-18 02:00:00.000,ZoneA,ZoneA,U069
T3784,Car09,2016-01-09 18:00:00.000,ZoneB,ZoneD,U139
T3785,Car21,2016-12-23 07:00:00.000,ZoneD,ZoneB,U066
T3786,Car19,2015-03-01 19:00:00.000,ZoneA,ZoneA,U085
T3787,Car12,2016-06-02 18:00:00.000,ZoneC,ZoneA,U111
T3788,Car13,2018-12-31 00:00:00.000,ZoneC,ZoneB,U044
T3789,Car08,2020-12-17 12:00:00.000,ZoneD,ZoneB,U122
T3790,Car12,2015-05-22 21:00:00.000,ZoneB,ZoneA,U030
T3791,Car27,2017-08-14 16:00:00.000,ZoneC,ZoneC,U067
T3792,Car24,2018-08-03 00:00:00.000,ZoneB,ZoneC,U022
T3793,Car03,2019-11-09 18:00:00.000,ZoneD,ZoneD,U099
T3794,Car05,2015-02-12 07:00:00.000,ZoneD,ZoneD,U103
T3795,Car08,2018-12-26 15:00:00.000,ZoneD,ZoneD,U031
T3796,Car13,2016-03-13 02:00:00.000,ZoneB,ZoneA,U025
T3797,Car21,2020-11-25 05:00:00.000,ZoneB,ZoneC,U126
T3798,Car13,2021-08-24 12:00:00.000,ZoneA,ZoneB,U114
T3799,Car13,2019-03-15 09:00:00.000,ZoneD,ZoneD,U143
T3800,Car03,2021-08-12 10:00:00.000,ZoneB,ZoneA,U089
T3801,Car15,2018-02-13 14:00:00.000,ZoneC,ZoneD,U147
T3802,Car24,2018-02-01 12:00:00.000,ZoneC,ZoneC,U085
T3803,Car20,2015-02-17 22:00:00.000,ZoneB,ZoneA,U017
T3804,Car18,2016-04-22 12:00:00.000,ZoneC,ZoneA,U027
T3805,Car11,2020-06-24 11:00:00.000,ZoneB,ZoneA,U139
T3806,Car19,2015-12-17 10:00:00.000,ZoneD,ZoneB,U116
T3807,Car22,2018-03-03 07:00:00.000,ZoneB,ZoneD,U144
T3808,Car14,2018-09-07 20:00:00.000,ZoneC,ZoneB,U108
T3809,Car06,2017-01-06 11:00:00.000,ZoneB,ZoneC,U120
T3810,Car15,2018-04-19 09:00:00.000,ZoneA,ZoneA,U137
T3811,Car28,2018-02-18 14:00:00.000,ZoneA,ZoneA,U077
T3812,Car18,2016-12-06 10:00:00.000,ZoneB,ZoneC,U149
T3813,Car14,2016-10-20 08:00:00.000,ZoneA,ZoneD,U028
T3814,Car23,2021-11-27 17:00:00.000,ZoneD,ZoneC,U114
T3815,Car15,2020-12-13 18:00:00.000,ZoneA,ZoneD,U031
T3816,Car25,2021-02-26 13:00:00.000,ZoneC,ZoneB,U046
T3817,Car17,2019-02-06 07:00:00.000,ZoneA,ZoneB,U156
T3818,Car25,2018-09-24 17:00:00.000,ZoneC,ZoneC,U150
T3819,Car11,2017-07-10 06:00:00.000,ZoneC,ZoneC,U093
T3820,Car29,2015-10-05 07:00:00.000,ZoneB,ZoneA,U138
T3822,Car28,2015-08-29 00:00:00.000,ZoneD,ZoneD,U105
T3823,Car22,2018-05-26 11:00:00.000,ZoneC,ZoneC,U045
T3824,Car20,2015-03-17 20:00:00.000,ZoneD,ZoneD,U038
T3825,Car01,2018-06-30 01:00:00.000,ZoneC,ZoneA,U138
T3826,Car06,2019-10-29 07:00:00.000,ZoneD,ZoneC,U083
T3827,Car13,2015-10-01 03:00:00.000,ZoneD,ZoneD,U061
T3828,Car12,2019-03-16 20:00:00.000,ZoneB,ZoneC,U094
T3829,Car07,2018-10-24 22:00:00.000,ZoneC,ZoneC,U085
T3830,Car21,2019-09-13 16:00:00.000,ZoneC,ZoneB,U157
T3831,Car04,2016-09-15 23:00:00.000,ZoneB,ZoneD,U044
T3832,Car19,2020-06-16 08:00:00.000,ZoneD,ZoneB,U135
T3833,Car11,2017-03-13 17:00:00.000,ZoneC,ZoneD,U020
T3834,Car17,2016-01-19 03:00:00.000,ZoneA,ZoneB,U053
T3835,Car30,2020-05-12 13:00:00.000,ZoneD,ZoneD,U020
T3836,Car11,2021-11-06 21:00:00.000,ZoneC,ZoneB,U147
T3837,Car18,2015-10-24 01:00:00.000,ZoneC,ZoneA,U014
T3838,Car25,2017-07-18 19:00:00.000,ZoneA,ZoneA,U135
T3839,Car27,2019-09-04 07:00:00.000,ZoneA,ZoneC,U123
T3840,Car27,2021-02-05 07:00:00.000,ZoneA,ZoneB,U107
T3841,Car01,2018-06-14 00:00:00.000,ZoneB,ZoneC,U070
T3842,Car25,2021-01-05 11:00:00.000,ZoneD,ZoneC,U115
T3843,Car12,2015-03-24 07:00:00.000,ZoneC,ZoneD,U135
T3844,Car30,2017-06-30 21:00:00.000,ZoneB,ZoneA,U024
T3845,Car29,2018-03-17 21:00:00.000,ZoneD,ZoneD,U109
T3846,Car12,2016-04-20 10:00:00.000,ZoneD,ZoneB,U109
T3847,Car17,2019-06-24 05:00:00.000,ZoneA,ZoneA,U055
T3848,Car11,2015-09-20 12:00:00.000,ZoneA,ZoneC,U030
T3849,Car01,2016-04-30 05:00:00.000,ZoneA,ZoneA,U076
T3850,Car10,2021-01-23 14:00:00.000,ZoneB,ZoneC,U059
T3851,Car17,2018-02-23 04:00:00.000,ZoneC,ZoneD,U160
T3852,Car19,2017-09-25 18:00:00.000,ZoneA,ZoneA,U138
T3853,Car29,2021-03-27 02:00:00.000,ZoneB,ZoneC,U147
T3854,Car26,2019-07-12 03:00:00.000,ZoneD,ZoneB,U116
T3855,Car18,2017-03-18 22:00:00.000,ZoneB,ZoneB,U132
T3856,Car09,2017-01-01 06:00:00.000,ZoneB,ZoneB,U066
T3857,Car23,2018-02-25 16:00:00.000,ZoneD,ZoneD,U053
T3858,Car20,2017-05-13 03:00:00.000,ZoneB,ZoneB,U078
T3859,Car26,2019-03-03 12:00:00.000,ZoneC,ZoneA,U130
T3860,Car24,2017-12-18 22:00:00.000,ZoneA,ZoneB,U115
T3861,Car14,2015-03-04 12:00:00.000,ZoneB,ZoneD,U156
T3862,Car03,2020-03-01 11:00:00.000,ZoneC,ZoneD,U068
T3863,Car19,2015-08-17 08:00:00.000,ZoneB,ZoneA,U134
T3864,Car20,2017-05-05 00:00:00.000,ZoneC,ZoneA,U146
T3865,Car12,2015-12-27 20:00:00.000,ZoneD,ZoneB,U137
T3866,Car24,2016-10-27 00:00:00.000,ZoneD,ZoneD,U110
T3867,Car29,2020-07-03 20:00:00.000,ZoneB,ZoneC,U027
T3868,Car08,2019-01-28 13:00:00.000,ZoneD,ZoneD,U140
T3869,Car12,2016-09-19 17:00:00.000,ZoneA,ZoneC,U149
T3870,Car23,2017-12-03 02:00:00.000,ZoneB,ZoneC,U011
T3871,Car15,2017-08-28 15:00:00.000,ZoneD,ZoneA,U056
T3872,Car09,2018-04-07 07:00:00.000,ZoneB,ZoneC,U112
T3873,Car30,2020-06-27 19:00:00.000,ZoneA,ZoneD,U093
T3874,Car15,2021-04-05 21:00:00.000,ZoneC,ZoneC,U093
T3875,Car09,2016-12-20 04:00:00.000,ZoneA,ZoneD,U075
T3876,Car19,2019-12-15 14:00:00.000,ZoneA,ZoneC,U044
T3877,Car23,2015-06-29 14:00:00.000,ZoneC,ZoneB,U044
T3878,Car10,2016-10-10 13:00:00.000,ZoneB,ZoneB,U092
T3879,Car16,2020-05-31 22:00:00.000,ZoneD,ZoneA,U139
T3880,Car02,2016-08-08 00:00:00.000,ZoneC,ZoneD,U140
T3881,Car17,2018-09-29 22:00:00.000,ZoneC,ZoneB,U024
T3882,Car03,2020-11-18 13:00:00.000,ZoneB,ZoneC,U062
T3883,Car02,2021-03-08 03:00:00.000,ZoneC,ZoneB,U150
T3884,Car03,2021-11-11 16:00:00.000,ZoneC,ZoneB,U133
T3885,Car08,2021-07-24 06:00:00.000,ZoneA,ZoneB,U097
T3886,Car14,2016-02-04 14:00:00.000,ZoneC,ZoneA,U089
T3887,Car03,2019-08-30 07:00:00.000,ZoneB,ZoneA,U096
T3888,Car19,2017-11-21 00:00:00.000,ZoneC,ZoneC,U153
T3889,Car18,2021-11-20 15:00:00.000,ZoneA,ZoneC,U070
T3890,Car27,2020-05-29 20:00:00.000,ZoneA,ZoneB,U057
T3891,Car13,2018-01-16 01:00:00.000,ZoneC,ZoneA,U088
T3892,Car12,2016-06-02 03:00:00.000,ZoneA,ZoneD,U035
T3893,Car13,2021-09-26 00:00:00.000,ZoneA,ZoneD,U076
T3894,Car16,2017-09-03 01:00:00.000,ZoneB,ZoneC,U065
T3895,Car03,2021-03-06 16:00:00.000,ZoneA,ZoneB,U026
T3896,Car15,2017-11-30 14:00:00.000,ZoneA,ZoneD,U144
T3897,Car19,2018-08-10 02:00:00.000,ZoneA,ZoneA,U136
T3898,Car15,2021-03-23 03:00:00.000,ZoneD,ZoneD,U126
T3899,Car07,2019-09-10 18:00:00.000,ZoneB,ZoneB,U086
T3900,Car17,2017-01-06 06:00:00.000,ZoneD,ZoneA,U044
T3901,Car14,2021-09-03 12:00:00.000,ZoneA,ZoneB,U045
T3902,Car02,2015-08-31 22:00:00.000,ZoneA,ZoneA,U098
T3903,Car05,2015-03-01 19:00:00.000,ZoneD,ZoneD,U073
T3904,Car15,2018-09-11 19:00:00.000,ZoneC,ZoneC,U037
T3905,Car30,2020-08-23 11:00:00.000,ZoneD,ZoneD,U047
T3906,Car06,2019-10-19 02:00:00.000,ZoneC,ZoneD,U044
T3907,Car02,2019-12-03 07:00:00.000,ZoneD,ZoneA,U062
T3908,Car06,2018-07-14 05:00:00.000,ZoneD,ZoneA,U030
T3909,Car02,2021-05-04 00:00:00.000,ZoneD,ZoneA,U099
T3910,Car11,2017-08-23 15:00:00.000,ZoneD,ZoneC,U083
T3911,Car07,2019-10-06 14:00:00.000,ZoneA,ZoneB,U057
T3912,Car11,2015-04-03 22:00:00.000,ZoneD,ZoneD,U022
T3913,Car20,2021-04-11 07:00:00.000,ZoneA,ZoneB,U029
T3914,Car18,2021-12-24 09:00:00.000,ZoneB,ZoneB,U145
T3915,Car21,2018-12-17 16:00:00.000,ZoneB,ZoneD,U145
T3916,Car26,2019-04-25 10:00:00.000,ZoneC,ZoneA,U101
T3917,Car04,2021-08-09 12:00:00.000,ZoneA,ZoneB,U066
T3918,Car11,2017-01-16 06:00:00.000,ZoneD,ZoneC,U130
T3919,Car18,2017-09-05 08:00:00.000,ZoneA,ZoneB,U086
T3920,Car09,2021-09-16 15:00:00.000,ZoneC,ZoneC,U142
T3921,Car11,2020-10-09 18:00:00.000,ZoneA,ZoneB,U079
T3922,Car14,2017-08-08 05:00:00.000,ZoneB,ZoneD,U090
T3923,Car12,2016-07-01 22:00:00.000,ZoneB,ZoneC,U084
T3924,Car30,2017-03-21 05:00:00.000,ZoneC,ZoneC,U132
T3925,Car05,2018-01-22 22:00:00.000,ZoneD,ZoneB,U069
T3926,Car12,2021-05-15 16:00:00.000,ZoneB,ZoneD,U147
T3927,Car11,2019-10-25 23:00:00.000,ZoneA,ZoneD,U080
T3928,Car29,2019-05-27 22:00:00.000,ZoneB,ZoneA,U155
T3929,Car17,2018-10-26 14:00:00.000,ZoneA,ZoneD,U153
T3930,Car12,2021-11-12 22:00:00.000,ZoneD,ZoneD,U020
T3931,Car21,2016-07-26 02:00:00.000,ZoneC,ZoneD,U145
T3932,Car29,2016-12-22 21:00:00.000,ZoneA,ZoneB,U023
T3933,Car23,2017-02-03 19:00:00.000,ZoneB,ZoneD,U054
T3934,Car11,2019-03-09 08:00:00.000,ZoneA,ZoneB,U033
T3935,Car02,2021-03-14 19:00:00.000,ZoneA,ZoneD,U045
T3936,Car22,2016-11-25 04:00:00.000,ZoneC,ZoneB,U153
T3937,Car19,2016-07-28 04:00:00.000,ZoneB,ZoneC,U050
T3938,Car01,2018-10-28 21:00:00.000,ZoneB,ZoneB,U015
T3939,Car30,2018-05-11 06:00:00.000,ZoneA,ZoneB,U146
T3940,Car14,2017-02-01 02:00:00.000,ZoneC,ZoneD,U055
T3941,Car24,2017-09-23 01:00:00.000,ZoneD,ZoneA,U136
T3942,Car26,2020-08-25 18:00:00.000,ZoneA,ZoneC,U156
T3943,Car21,2017-09-09 17:00:00.000,ZoneD,ZoneD,U067
T3944,Car08,2018-11-17 06:00:00.000,ZoneA,ZoneD,U049
T3945,Car30,2019-02-19 20:00:00.000,ZoneB,ZoneD,U149
T3946,Car07,2016-07-30 01:00:00.000,ZoneB,ZoneA,U023
T3947,Car20,2017-05-14 04:00:00.000,ZoneA,ZoneD,U093
T3948,Car22,2019-12-20 14:00:00.000,ZoneC,ZoneD,U029
T3949,Car21,2016-07-12 08:00:00.000,ZoneC,ZoneA,U040
T3950,Car11,2021-12-07 07:00:00.000,ZoneA,ZoneD,U114
T3951,Car15,2019-02-21 17:00:00.000,ZoneB,ZoneA,U139
T3952,Car14,2019-03-23 07:00:00.000,ZoneB,ZoneB,U075
T3953,Car09,2018-10-01 14:00:00.000,ZoneB,ZoneC,U143
T3954,Car09,2017-08-10 22:00:00.000,ZoneA,ZoneD,U024
T3955,Car25,2015-08-24 05:00:00.000,ZoneC,ZoneD,U137
T3956,Car17,2017-07-21 17:00:00.000,ZoneA,ZoneD,U154
T3957,Car24,2020-06-23 05:00:00.000,ZoneB,ZoneA,U021
T3958,Car22,2018-09-09 22:00:00.000,ZoneC,ZoneB,U073
T3959,Car23,2015-04-12 01:00:00.000,ZoneD,ZoneD,U057
T3960,Car04,2018-10-24 07:00:00.000,ZoneD,ZoneB,U025
T3961,Car27,2016-12-06 00:00:00.000,ZoneA,ZoneC,U035
T3962,Car24,2015-09-24 01:00:00.000,ZoneD,ZoneD,U019
T3963,Car17,2015-09-29 11:00:00.000,ZoneB,ZoneC,U019
T3964,Car28,2018-05-13 23:00:00.000,ZoneC,ZoneD,U027
T3965,Car20,2018-01-26 01:00:00.000,ZoneA,ZoneC,U073
T3966,Car08,2016-04-07 07:00:00.000,ZoneC,ZoneC,U060
T3967,Car06,2019-03-01 00:00:00.000,ZoneB,ZoneA,U138
T3968,Car06,2015-01-06 15:00:00.000,ZoneC,ZoneD,U123
T3969,Car13,2019-03-25 14:00:00.000,ZoneC,ZoneA,U120
T3970,Car09,2015-01-24 23:00:00.000,ZoneD,ZoneB,U117
T3971,Car24,2021-09-29 18:00:00.000,ZoneB,ZoneC,U046
T3972,Car21,2020-03-11 06:00:00.000,ZoneA,ZoneD,U142
T3973,Car28,2021-04-04 10:00:00.000,ZoneC,ZoneA,U029
T3974,Car07,2019-11-13 02:00:00.000,ZoneC,ZoneB,U099
T3975,Car02,2021-04-21 17:00:00.000,ZoneA,ZoneD,U073
T3976,Car10,2018-09-29 02:00:00.000,ZoneC,ZoneD,U154
T3977,Car08,2020-03-05 15:00:00.000,ZoneC,ZoneC,U090
T3978,Car07,2016-10-28 21:00:00.000,ZoneD,ZoneB,U028
T3979,Car05,2018-07-17 18:00:00.000,ZoneA,ZoneA,U030
T3980,Car08,2021-10-20 09:00:00.000,ZoneD,ZoneB,U045
T3981,Car05,2017-09-12 10:00:00.000,ZoneB,ZoneD,U115
T3982,Car29,2017-08-23 15:00:00.000,ZoneB,ZoneC,U162
T3983,Car12,2021-09-18 02:00:00.000,ZoneB,ZoneD,U105
T3984,Car09,2021-04-30 21:00:00.000,ZoneB,ZoneB,U020
T3985,Car20,2016-11-08 22:00:00.000,ZoneC,ZoneB,U131
T3986,Car23,2020-07-06 08:00:00.000,ZoneC,ZoneB,U096
T3987,Car04,2018-06-27 23:00:00.000,ZoneC,ZoneB,U142
T3988,Car23,2020-09-22 06:00:00.000,ZoneD,ZoneB,U028
T3989,Car13,2015-05-09 13:00:00.000,ZoneD,ZoneB,U094
T3990,Car12,2018-01-28 18:00:00.000,ZoneA,ZoneA,U133
T3991,Car02,2020-02-15 16:00:00.000,ZoneC,ZoneB,U118
T3992,Car16,2017-09-17 10:00:00.000,ZoneD,ZoneB,U040
T3993,Car28,2018-05-22 02:00:00.000,ZoneC,ZoneB,U118
T3994,Car18,2021-10-18 07:00:00.000,ZoneB,ZoneB,U027
T3995,Car27,2018-07-22 08:00:00.000,ZoneA,ZoneB,U018
T3996,Car24,2017-07-10 01:00:00.000,ZoneD,ZoneD,U064
T3997,Car03,2016-06-06 12:00:00.000,ZoneD,ZoneD,U099
T3998,Car15,2016-07-19 10:00:00.000,ZoneD,ZoneC,U141
T3999,Car14,2018-11-28 07:00:00.000,ZoneB,ZoneD,U066
T4000,Car11,2020-06-15 17:00:00.000,ZoneB,ZoneD,U027
T4001,Car06,2017-03-23 12:00:00.000,ZoneB,ZoneB,U122
T4002,Car09,2019-04-05 00:00:00.000,ZoneB,ZoneC,U154
T4003,Car05,2015-12-02 00:00:00.000,ZoneB,ZoneA,U121
T4004,Car05,2020-10-09 03:00:00.000,ZoneD,ZoneD,U086
T4005,Car18,2016-05-20 15:00:00.000,ZoneC,ZoneA,U025
T4006,Car10,2016-01-10 04:00:00.000,ZoneC,ZoneC,U044
T4007,Car12,2017-12-16 05:00:00.000,ZoneD,ZoneA,U145
T4008,Car13,2017-09-29 17:00:00.000,ZoneB,ZoneC,U060
T4009,Car21,2020-09-04 08:00:00.000,ZoneD,ZoneA,U066
T4010,Car21,2015-12-13 21:00:00.000,ZoneB,ZoneB,U093
T4011,Car21,2017-10-16 19:00:00.000,ZoneC,ZoneC,U060
T4013,Car03,2015-12-11 09:00:00.000,ZoneC,ZoneC,U159
T4014,Car18,2016-01-29 13:00:00.000,ZoneD,ZoneB,U130
T4015,Car29,2020-10-20 09:00:00.000,ZoneC,ZoneB,U133
T4016,Car12,2017-10-07 15:00:00.000,ZoneC,ZoneC,U029
T4017,Car06,2015-04-20 09:00:00.000,ZoneC,ZoneB,U091
T4018,Car03,2020-02-07 18:00:00.000,ZoneC,ZoneD,U101
T4019,Car14,2019-06-21 02:00:00.000,ZoneB,ZoneC,U153
T4020,Car03,2018-02-08 04:00:00.000,ZoneA,ZoneB,U101
T4021,Car14,2020-03-13 13:00:00.000,ZoneB,ZoneB,U014
T4022,Car06,2017-09-07 00:00:00.000,ZoneD,ZoneD,U159
T4023,Car01,2019-04-13 13:00:00.000,ZoneD,ZoneA,U018
T4024,Car23,2016-08-01 23:00:00.000,ZoneC,ZoneC,U057
T4025,Car10,2021-02-10 12:00:00.000,ZoneC,ZoneD,U018
T4026,Car16,2020-10-08 07:00:00.000,ZoneD,ZoneA,U151
T4027,Car27,2021-06-09 16:00:00.000,ZoneC,ZoneA,U116
T4028,Car22,2019-11-15 04:00:00.000,ZoneD,ZoneA,U027
T4029,Car13,2015-10-01 13:00:00.000,ZoneB,ZoneD,U106
T4030,Car20,2015-12-30 13:00:00.000,ZoneA,ZoneB,U045
T4031,Car08,2018-11-09 03:00:00.000,ZoneD,ZoneC,U071
T4033,Car26,2021-03-01 06:00:00.000,ZoneD,ZoneA,U148
T4034,Car14,2015-07-09 09:00:00.000,ZoneA,ZoneA,U120
T4035,Car01,2015-09-25 12:00:00.000,ZoneA,ZoneC,U138
T4036,Car28,2015-04-28 07:00:00.000,ZoneC,ZoneC,U160
T4037,Car18,2017-06-14 20:00:00.000,ZoneB,ZoneA,U135
T4038,Car05,2017-01-27 17:00:00.000,ZoneB,ZoneA,U132
T4039,Car19,2018-03-03 12:00:00.000,ZoneC,ZoneA,U154
T4040,Car04,2020-12-16 16:00:00.000,ZoneC,ZoneC,U154
T4041,Car21,2020-08-05 18:00:00.000,ZoneD,ZoneA,U132
T4042,Car07,2021-12-06 21:00:00.000,ZoneC,ZoneD,U157
T4043,Car04,2016-05-21 16:00:00.000,ZoneB,ZoneB,U087
T4044,Car09,2016-02-27 17:00:00.000,ZoneA,ZoneA,U095
T4045,Car12,2020-01-04 09:00:00.000,ZoneB,ZoneB,U134
T4046,Car02,2015-02-27 12:00:00.000,ZoneA,ZoneD,U017
T4047,Car15,2016-11-03 07:00:00.000,ZoneD,ZoneB,U070
T4048,Car04,2018-09-24 02:00:00.000,ZoneB,ZoneB,U028
T4049,Car19,2017-08-12 14:00:00.000,ZoneD,ZoneA,U073
T4050,Car19,2015-07-13 03:00:00.000,ZoneA,ZoneC,U019
T4051,Car07,2016-01-06 00:00:00.000,ZoneD,ZoneB,U130
T4052,Car10,2015-05-19 03:00:00.000,ZoneA,ZoneB,U160
T4053,Car18,2020-03-04 09:00:00.000,ZoneA,ZoneD,U150
T4054,Car10,2020-09-13 02:00:00.000,ZoneC,ZoneD,U068
T4055,Car05,2019-07-27 18:00:00.000,ZoneA,ZoneB,U083
T4056,Car24,2020-07-30 22:00:00.000,ZoneC,ZoneA,U146
T4057,Car18,2021-10-24 23:00:00.000,ZoneC,ZoneD,U101
T4058,Car20,2017-07-17 13:00:00.000,ZoneA,ZoneC,U069
T4059,Car07,2021-01-31 22:00:00.000,ZoneB,ZoneD,U011
T4060,Car26,2015-07-07 02:00:00.000,ZoneC,ZoneB,U068
T4061,Car27,2016-04-09 09:00:00.000,ZoneD,ZoneC,U127
T4062,Car27,2016-10-17 15:00:00.000,ZoneC,ZoneD,U090
T4063,Car06,2021-06-26 18:00:00.000,ZoneD,ZoneC,U070
T4064,Car25,2016-09-18 21:00:00.000,ZoneD,ZoneB,U035
T4065,Car30,2018-07-01 22:00:00.000,ZoneD,ZoneB,U086
T4066,Car03,2015-02-18 23:00:00.000,ZoneC,ZoneC,U041
T4067,Car21,2018-09-19 02:00:00.000,ZoneC,ZoneC,U144
T4068,Car05,2021-01-03 09:00:00.000,ZoneC,ZoneC,U096
T4070,Car25,2020-05-28 04:00:00.000,ZoneD,ZoneD,U079
T4071,Car27,2020-07-13 20:00:00.000,ZoneA,ZoneB,U011
T4072,Car23,2017-12-29 03:00:00.000,ZoneC,ZoneC,U115
T4073,Car13,2021-08-07 05:00:00.000,ZoneC,ZoneB,U046
T4074,Car05,2015-10-27 04:00:00.000,ZoneB,ZoneD,U011
T4075,Car22,2020-12-26 16:00:00.000,ZoneA,ZoneB,U100
T4076,Car01,2015-06-11 16:00:00.000,ZoneA,ZoneD,U114
T4077,Car01,2017-12-20 14:00:00.000,ZoneC,ZoneA,U027
T4078,Car05,2017-06-02 08:00:00.000,ZoneC,ZoneB,U029
T4079,Car03,2017-04-07 12:00:00.000,ZoneD,ZoneA,U027
T4080,Car02,2021-09-26 15:00:00.000,ZoneA,ZoneA,U100
T4081,Car17,2015-02-01 21:00:00.000,ZoneC,ZoneA,U023
T4082,Car21,2019-01-06 16:00:00.000,ZoneB,ZoneC,U040
T4083,Car28,2015-01-16 20:00:00.000,ZoneA,ZoneD,U042
T4084,Car09,2021-07-11 18:00:00.000,ZoneB,ZoneC,U147
T4085,Car18,2021-05-05 11:00:00.000,ZoneB,ZoneB,U136
T4086,Car17,2021-11-27 02:00:00.000,ZoneC,ZoneB,U055
T4087,Car04,2021-06-28 20:00:00.000,ZoneD,ZoneB,U037
T4088,Car06,2015-11-07 15:00:00.000,ZoneB,ZoneD,U047
T4089,Car13,2019-04-19 04:00:00.000,ZoneC,ZoneA,U053
T4090,Car14,2020-11-10 15:00:00.000,ZoneA,ZoneA,U014
T4091,Car29,2018-04-01 11:00:00.000,ZoneC,ZoneD,U092
T4092,Car01,2019-12-20 04:00:00.000,ZoneA,ZoneB,U050
T4093,Car02,2018-02-16 02:00:00.000,ZoneC,ZoneB,U148
T4094,Car25,2019-06-06 07:00:00.000,ZoneD,ZoneB,U067
T4095,Car17,2020-10-21 00:00:00.000,ZoneA,ZoneC,U098
T4096,Car21,2020-03-25 00:00:00.000,ZoneA,ZoneD,U151
T4097,Car13,2020-10-01 00:00:00.000,ZoneA,ZoneC,U069
T4098,Car26,2015-08-05 21:00:00.000,ZoneC,ZoneB,U107
T4099,Car22,2015-04-14 18:00:00.000,ZoneD,ZoneD,U157
T4100,Car03,2020-05-14 15:00:00.000,ZoneD,ZoneA,U033
T4101,Car12,2020-07-08 00:00:00.000,ZoneC,ZoneA,U125
T4102,Car09,2016-09-12 00:00:00.000,ZoneC,ZoneC,U045
T4103,Car06,2015-06-12 02:00:00.000,ZoneC,ZoneC,U049
T4104,Car13,2015-11-15 23:00:00.000,ZoneC,ZoneC,U050
T4105,Car13,2016-10-26 09:00:00.000,ZoneD,ZoneA,U010
T4106,Car30,2017-11-20 19:00:00.000,ZoneA,ZoneA,U033
T4107,Car25,2017-12-07 01:00:00.000,ZoneB,ZoneB,U099
T4108,Car09,2016-04-14 04:00:00.000,ZoneA,ZoneB,U152
T4109,Car14,2017-07-07 08:00:00.000,ZoneA,ZoneB,U129
T4110,Car26,2018-09-27 05:00:00.000,ZoneD,ZoneB,U050
T4112,Car22,2015-03-22 10:00:00.000,ZoneC,ZoneB,U093
T4113,Car12,2019-12-01 20:00:00.000,ZoneC,ZoneA,U152
T4114,Car05,2019-11-30 14:00:00.000,ZoneA,ZoneC,U072
T4115,Car09,2019-06-11 17:00:00.000,ZoneC,ZoneC,U056
T4116,Car21,2015-05-17 11:00:00.000,ZoneA,ZoneC,U108
T4117,Car04,2020-03-16 21:00:00.000,ZoneB,ZoneC,U024
T4118,Car16,2020-03-17 12:00:00.000,ZoneC,ZoneD,U087
T4119,Car12,2021-11-03 13:00:00.000,ZoneC,ZoneC,U065
T4120,Car06,2020-12-26 01:00:00.000,ZoneB,ZoneA,U162
T4121,Car06,2017-12-13 02:00:00.000,ZoneA,ZoneD,U134
T4122,Car03,2016-05-25 10:00:00.000,ZoneC,ZoneC,U069
T4123,Car05,2021-07-23 15:00:00.000,ZoneB,ZoneA,U127
T4124,Car23,2017-02-04 15:00:00.000,ZoneB,ZoneC,U026
T4125,Car03,2018-10-24 12:00:00.000,ZoneA,ZoneB,U113
T4126,Car03,2015-12-21 09:00:00.000,ZoneB,ZoneA,U149
T4127,Car05,2021-05-25 06:00:00.000,ZoneD,ZoneA,U028
T4128,Car10,2018-07-11 17:00:00.000,ZoneC,ZoneD,U045
T4129,Car07,2019-02-24 10:00:00.000,ZoneB,ZoneB,U076
T4130,Car28,2018-12-06 10:00:00.000,ZoneC,ZoneD,U159
T4131,Car04,2015-10-31 13:00:00.000,ZoneD,ZoneB,U030
T4132,Car26,2015-11-20 23:00:00.000,ZoneB,ZoneC,U119
T4133,Car23,2020-07-19 11:00:00.000,ZoneA,ZoneD,U026
T4134,Car03,2021-11-28 23:00:00.000,ZoneB,ZoneD,U120
T4135,Car09,2021-01-06 02:00:00.000,ZoneB,ZoneD,U130
T4136,Car22,2019-07-30 21:00:00.000,ZoneC,ZoneB,U014
T4137,Car30,2019-06-09 20:00:00.000,ZoneB,ZoneA,U094
T4138,Car18,2015-04-09 18:00:00.000,ZoneA,ZoneD,U109
T4139,Car01,2016-05-28 03:00:00.000,ZoneD,ZoneB,U064
T4140,Car28,2019-08-28 10:00:00.000,ZoneA,ZoneC,U100
T4141,Car05,2016-06-12 23:00:00.000,ZoneC,ZoneC,U070
T4142,Car16,2021-06-08 00:00:00.000,ZoneC,ZoneD,U047
T4143,Car20,2019-09-09 02:00:00.000,ZoneC,ZoneB,U148
T4144,Car18,2016-01-09 03:00:00.000,ZoneD,ZoneB,U131
T4145,Car23,2020-07-16 13:00:00.000,ZoneA,ZoneD,U038
T4146,Car23,2015-06-20 10:00:00.000,ZoneD,ZoneD,U046
T4147,Car27,2019-01-26 01:00:00.000,ZoneB,ZoneB,U114
T4148,Car12,2015-09-23 00:00:00.000,ZoneA,ZoneA,U047
T4149,Car23,2015-06-05 05:00:00.000,ZoneD,ZoneB,U148
T4150,Car19,2019-07-28 09:00:00.000,ZoneB,ZoneC,U105
T4151,Car01,2017-02-02 03:00:00.000,ZoneB,ZoneD,U116
T4152,Car04,2015-09-08 15:00:00.000,ZoneC,ZoneC,U147
T4153,Car08,2021-05-12 23:00:00.000,ZoneD,ZoneC,U050
T4154,Car14,2017-07-26 12:00:00.000,ZoneB,ZoneD,U061
T4155,Car22,2021-08-28 11:00:00.000,ZoneD,ZoneD,U097
T4156,Car15,2021-03-13 08:00:00.000,ZoneA,ZoneA,U159
T4157,Car24,2015-03-20 18:00:00.000,ZoneC,ZoneC,U135
T4158,Car10,2019-08-27 19:00:00.000,ZoneC,ZoneD,U031
T4159,Car02,2019-03-31 00:00:00.000,ZoneD,ZoneC,U121
T4160,Car22,2018-05-19 19:00:00.000,ZoneA,ZoneB,U141
T4161,Car04,2020-04-03 09:00:00.000,ZoneC,ZoneD,U043
T4162,Car23,2019-03-22 11:00:00.000,ZoneA,ZoneB,U137
T4163,Car07,2019-04-27 12:00:00.000,ZoneD,ZoneB,U157
T4164,Car28,2018-07-26 02:00:00.000,ZoneA,ZoneD,U132
T4165,Car09,2019-03-09 13:00:00.000,ZoneC,ZoneD,U042
T4167,Car29,2016-01-14 08:00:00.000,ZoneB,ZoneB,U073
T4168,Car19,2018-08-08 00:00:00.000,ZoneB,ZoneD,U017
T4169,Car07,2019-09-15 13:00:00.000,ZoneA,ZoneC,U121
T4170,Car08,2016-01-19 13:00:00.000,ZoneB,ZoneC,U139
T4171,Car22,2021-05-03 19:00:00.000,ZoneC,ZoneB,U056
T4172,Car18,2017-06-22 23:00:00.000,ZoneB,ZoneA,U161
T4173,Car01,2019-02-26 07:00:00.000,ZoneC,ZoneA,U071
T4174,Car22,2021-07-11 03:00:00.000,ZoneC,ZoneD,U034
T4175,Car24,2015-04-24 03:00:00.000,ZoneD,ZoneC,U106
T4176,Car15,2020-08-14 02:00:00.000,ZoneC,ZoneD,U106
T4177,Car04,2018-04-06 11:00:00.000,ZoneC,ZoneB,U063
T4178,Car09,2020-08-06 09:00:00.000,ZoneC,ZoneD,U047
T4179,Car07,2016-02-16 01:00:00.000,ZoneC,ZoneB,U024
T4180,Car16,2019-05-13 13:00:00.000,ZoneD,ZoneB,U081
T4181,Car17,2018-09-13 06:00:00.000,ZoneC,ZoneD,U136
T4182,Car25,2018-12-28 12:00:00.000,ZoneA,ZoneD,U133
T4183,Car28,2017-02-24 15:00:00.000,ZoneA,ZoneB,U021
T4184,Car22,2021-07-10 07:00:00.000,ZoneB,ZoneD,U118
T4185,Car09,2016-08-26 13:00:00.000,ZoneD,ZoneB,U097
T4186,Car13,2018-09-23 01:00:00.000,ZoneA,ZoneB,U067
T4187,Car21,2019-11-26 20:00:00.000,ZoneB,ZoneD,U147
T5762,Car25,2021-05-06 12:00:00.000,ZoneB,ZoneC,U131
T5763,Car09,2015-05-24 08:00:00.000,ZoneD,ZoneA,U113
T5764,Car11,2018-09-10 08:00:00.000,ZoneB,ZoneA,U089
T5765,Car26,2017-09-10 18:00:00.000,ZoneA,ZoneD,U102
T5766,Car04,2016-08-15 17:00:00.000,ZoneB,ZoneB,U045
T5767,Car29,2018-09-19 22:00:00.000,ZoneD,ZoneD,U047
T5768,Car23,2017-10-10 18:00:00.000,ZoneC,ZoneA,U060
T5769,Car10,2016-04-16 06:00:00.000,ZoneC,ZoneB,U080
T5770,Car15,2015-01-17 11:00:00.000,ZoneC,ZoneB,U125
T5771,Car30,2015-01-29 08:00:00.000,ZoneD,ZoneB,U076
T5772,Car04,2016-06-12 08:00:00.000,ZoneB,ZoneC,U154
T5773,Car23,2015-10-27 19:00:00.000,ZoneC,ZoneA,U012
T5774,Car15,2015-04-07 21:00:00.000,ZoneA,ZoneB,U106
T5775,Car18,2019-10-01 04:00:00.000,ZoneC,ZoneC,U031
T5776,Car13,2017-08-29 21:00:00.000,ZoneC,ZoneA,U095
T5777,Car19,2021-06-22 14:00:00.000,ZoneA,ZoneB,U043
T5778,Car11,2016-05-15 05:00:00.000,ZoneB,ZoneB,U134
T5779,Car25,2019-11-30 14:00:00.000,ZoneC,ZoneD,U128
T5780,Car26,2015-01-19 13:00:00.000,ZoneB,ZoneD,U033
T5781,Car07,2019-01-08 13:00:00.000,ZoneA,ZoneA,U077
T5782,Car03,2016-12-29 08:00:00.000,ZoneD,ZoneB,U141
T5783,Car21,2019-08-10 12:00:00.000,ZoneB,ZoneA,U059
T5784,Car17,2021-01-12 08:00:00.000,ZoneD,ZoneD,U111
T5785,Car07,2021-05-14 00:00:00.000,ZoneC,ZoneA,U059
T5786,Car26,2016-10-20 23:00:00.000,ZoneB,ZoneB,U089
T5787,Car27,2017-04-28 23:00:00.000,ZoneB,ZoneA,U026
T5788,Car20,2019-08-10 17:00:00.000,ZoneD,ZoneD,U133
T5789,Car12,2020-05-15 16:00:00.000,ZoneD,ZoneB,U011
T5790,Car05,2021-09-16 10:00:00.000,ZoneB,ZoneA,U110
T5791,Car22,2017-12-22 06:00:00.000,ZoneA,ZoneB,U075
T5792,Car08,2015-10-06 08:00:00.000,ZoneD,ZoneB,U157
T5793,Car29,2016-10-09 22:00:00.000,ZoneA,ZoneD,U085
T5794,Car27,2019-05-01 16:00:00.000,ZoneD,ZoneC,U107
T5795,Car01,2017-02-24 15:00:00.000,ZoneB,ZoneB,U147
T5796,Car08,2021-01-05 01:00:00.000,ZoneD,ZoneA,U068
T5797,Car13,2021-11-07 12:00:00.000,ZoneB,ZoneB,U136
T5798,Car20,2020-03-19 19:00:00.000,ZoneB,ZoneC,U150
T5799,Car03,2020-04-21 17:00:00.000,ZoneA,ZoneB,U039
T5800,Car03,2020-08-02 10:00:00.000,ZoneA,ZoneD,U074
T5801,Car19,2016-06-03 09:00:00.000,ZoneA,ZoneD,U080
T5802,Car18,2019-02-13 19:00:00.000,ZoneC,ZoneB,U104
T5803,Car29,2021-02-12 04:00:00.000,ZoneB,ZoneC,U122
T5804,Car02,2021-12-15 05:00:00.000,ZoneB,ZoneB,U119
T5805,Car20,2016-09-19 17:00:00.000,ZoneB,ZoneC,U051
T5806,Car19,2015-11-16 19:00:00.000,ZoneC,ZoneC,U135
T5807,Car07,2020-12-09 14:00:00.000,ZoneD,ZoneC,U140
T5808,Car30,2016-04-01 11:00:00.000,ZoneB,ZoneC,U025
T5809,Car09,2018-03-04 03:00:00.000,ZoneB,ZoneA,U068
T5810,Car15,2020-11-05 15:00:00.000,ZoneB,ZoneA,U100
T5811,Car16,2017-10-29 07:00:00.000,ZoneB,ZoneA,U111
T5812,Car06,2017-01-19 14:00:00.000,ZoneB,ZoneC,U057
T5813,Car16,2016-02-06 21:00:00.000,ZoneD,ZoneB,U095
T5814,Car09,2018-12-09 18:00:00.000,ZoneD,ZoneD,U049
T5815,Car01,2018-03-16 10:00:00.000,ZoneD,ZoneD,U014
T5816,Car20,2020-09-10 04:00:00.000,ZoneD,ZoneB,U110
T5817,Car13,2019-02-23 04:00:00.000,ZoneC,ZoneD,U140
T5818,Car26,2016-07-03 14:00:00.000,ZoneB,ZoneD,U077
T5819,Car29,2020-03-10 15:00:00.000,ZoneD,ZoneA,U105
T5820,Car16,2016-04-06 06:00:00.000,ZoneB,ZoneB,U069
T5821,Car06,2020-05-19 05:00:00.000,ZoneA,ZoneC,U121
T5822,Car07,2021-09-20 04:00:00.000,ZoneB,ZoneB,U146
T5823,Car20,2018-02-18 09:00:00.000,ZoneB,ZoneA,U069
T5824,Car01,2018-09-07 00:00:00.000,ZoneD,ZoneA,U090
T5825,Car05,2021-04-20 01:00:00.000,ZoneB,ZoneD,U126
T5826,Car07,2021-06-12 04:00:00.000,ZoneC,ZoneA,U144
T5827,Car17,2018-04-30 20:00:00.000,ZoneA,ZoneB,U137
T5828,Car01,2020-08-05 13:00:00.000,ZoneB,ZoneC,U138
T5829,Car14,2019-08-09 01:00:00.000,ZoneD,ZoneB,U160
T5830,Car19,2021-02-03 20:00:00.000,ZoneB,ZoneC,U071
T5831,Car17,2017-01-25 00:00:00.000,ZoneC,ZoneC,U101
T5832,Car10,2020-08-25 08:00:00.000,ZoneA,ZoneB,U156
T5833,Car13,2021-11-06 01:00:00.000,ZoneB,ZoneC,U089
T5834,Car29,2016-12-07 16:00:00.000,ZoneD,ZoneC,U036
T5835,Car07,2017-02-21 12:00:00.000,ZoneB,ZoneA,U143
T5836,Car10,2015-09-25 02:00:00.000,ZoneA,ZoneB,U066
T5837,Car19,2016-09-01 14:00:00.000,ZoneA,ZoneA,U159
T5838,Car27,2018-04-22 07:00:00.000,ZoneA,ZoneB,U021
T5839,Car10,2019-03-02 11:00:00.000,ZoneD,ZoneB,U123
T5840,Car25,2021-05-28 04:00:00.000,ZoneA,ZoneC,U157
T5841,Car22,2019-03-16 20:00:00.000,ZoneC,ZoneB,U133
T5842,Car03,2021-04-17 03:00:00.000,ZoneC,ZoneC,U142
T5843,Car03,2020-11-18 03:00:00.000,ZoneB,ZoneA,U012
T5844,Car14,2015-10-13 05:00:00.000,ZoneC,ZoneD,U104
T5845,Car18,2015-08-21 22:00:00.000,ZoneA,ZoneA,U142
T5846,Car16,2021-03-01 06:00:00.000,ZoneA,ZoneA,U043
T5847,Car09,2016-11-15 04:00:00.000,ZoneA,ZoneD,U072
T5848,Car10,2020-08-01 09:00:00.000,ZoneD,ZoneA,U036
T5850,Car02,2015-05-27 01:00:00.000,ZoneA,ZoneB,U051
T5851,Car25,2015-08-26 17:00:00.000,ZoneB,ZoneB,U148
T5852,Car15,2017-11-30 09:00:00.000,ZoneC,ZoneD,U022
T5853,Car27,2017-05-15 05:00:00.000,ZoneB,ZoneD,U162
T5854,Car15,2016-08-24 11:00:00.000,ZoneD,ZoneA,U062
T5855,Car13,2019-05-22 02:00:00.000,ZoneD,ZoneA,U161
T5856,Car23,2021-12-02 17:00:00.000,ZoneA,ZoneC,U011
T5857,Car04,2015-09-02 04:00:00.000,ZoneD,ZoneD,U042
T5858,Car05,2017-06-17 13:00:00.000,ZoneB,ZoneC,U095
T5859,Car16,2016-09-26 19:00:00.000,ZoneD,ZoneD,U110
T5860,Car21,2019-08-25 22:00:00.000,ZoneA,ZoneA,U019
T5861,Car24,2017-07-26 02:00:00.000,ZoneD,ZoneC,U134
T5862,Car19,2020-12-02 17:00:00.000,ZoneB,ZoneC,U072
T5863,Car11,2019-05-31 16:00:00.000,ZoneA,ZoneC,U129
T5864,Car23,2019-01-28 03:00:00.000,ZoneC,ZoneA,U043
T5865,Car03,2016-10-18 01:00:00.000,ZoneB,ZoneA,U068
T5866,Car20,2020-06-05 07:00:00.000,ZoneA,ZoneD,U146
T5867,Car19,2018-01-26 16:00:00.000,ZoneB,ZoneA,U057
T5868,Car16,2017-03-04 13:00:00.000,ZoneC,ZoneA,U030
T5869,Car19,2018-11-19 13:00:00.000,ZoneC,ZoneB,U099
T5870,Car27,2021-06-11 03:00:00.000,ZoneA,ZoneB,U130
T5871,Car27,2018-08-25 07:00:00.000,ZoneA,ZoneD,U108
T5872,Car09,2020-07-23 15:00:00.000,ZoneC,ZoneB,U041
T5873,Car17,2015-12-20 23:00:00.000,ZoneA,ZoneA,U085
T5874,Car25,2021-10-04 03:00:00.000,ZoneD,ZoneC,U099
T5875,Car07,2020-05-17 23:00:00.000,ZoneA,ZoneC,U047
T5876,Car25,2017-01-18 03:00:00.000,ZoneD,ZoneB,U157
T5877,Car20,2020-11-18 08:00:00.000,ZoneC,ZoneD,U010
T5878,Car09,2020-03-08 03:00:00.000,ZoneC,ZoneB,U095
T5879,Car13,2018-06-07 13:00:00.000,ZoneB,ZoneC,U054
T5880,Car03,2019-03-21 15:00:00.000,ZoneC,ZoneB,U066
T5881,Car07,2017-07-13 09:00:00.000,ZoneA,ZoneC,U102
T5883,Car19,2015-03-20 08:00:00.000,ZoneB,ZoneA,U065
T5884,Car29,2019-06-17 08:00:00.000,ZoneC,ZoneC,U105
T5885,Car30,2019-11-05 09:00:00.000,ZoneB,ZoneA,U157
T5886,Car03,2020-07-14 01:00:00.000,ZoneD,ZoneD,U027
T5887,Car17,2018-10-01 14:00:00.000,ZoneD,ZoneA,U084
T5888,Car04,2019-11-21 15:00:00.000,ZoneD,ZoneC,U148
T5889,Car11,2016-06-20 06:00:00.000,ZoneB,ZoneC,U039
T5890,Car16,2020-06-04 21:00:00.000,ZoneC,ZoneC,U012
T5891,Car14,2020-09-17 16:00:00.000,ZoneA,ZoneB,U118
T5892,Car06,2015-07-13 23:00:00.000,ZoneB,ZoneB,U117
T5893,Car17,2017-12-21 15:00:00.000,ZoneB,ZoneC,U039
T5894,Car19,2018-05-05 15:00:00.000,ZoneC,ZoneA,U109
T5895,Car29,2021-05-15 16:00:00.000,ZoneA,ZoneD,U039
T5896,Car25,2020-05-22 08:00:00.000,ZoneB,ZoneB,U140
T5897,Car06,2019-11-18 12:00:00.000,ZoneC,ZoneD,U014
T5898,Car16,2020-08-20 03:00:00.000,ZoneC,ZoneB,U139
T5899,Car02,2015-01-20 19:00:00.000,ZoneD,ZoneD,U137
T5900,Car19,2017-06-21 02:00:00.000,ZoneC,ZoneC,U083
T5901,Car26,2016-04-14 04:00:00.000,ZoneA,ZoneB,U065
T5902,Car07,2018-01-15 05:00:00.000,ZoneB,ZoneA,U138
T5903,Car09,2018-12-07 21:00:00.000,ZoneC,ZoneB,U142
T5904,Car05,2018-12-08 22:00:00.000,ZoneC,ZoneB,U153
T5905,Car24,2016-12-09 23:00:00.000,ZoneB,ZoneD,U061
T5906,Car21,2017-11-23 07:00:00.000,ZoneB,ZoneC,U145
T5907,Car21,2016-06-02 23:00:00.000,ZoneB,ZoneB,U115
T5908,Car21,2019-11-25 14:00:00.000,ZoneC,ZoneC,U110
T5909,Car24,2016-02-07 02:00:00.000,ZoneC,ZoneD,U035
T5910,Car10,2020-05-01 12:00:00.000,ZoneC,ZoneA,U139
T5911,Car06,2015-12-19 02:00:00.000,ZoneA,ZoneC,U052
T5912,Car19,2019-12-25 09:00:00.000,ZoneB,ZoneA,U112
T5913,Car27,2020-06-13 20:00:00.000,ZoneB,ZoneC,U153
T5914,Car14,2019-06-21 12:00:00.000,ZoneD,ZoneD,U048
T5915,Car16,2015-06-22 17:00:00.000,ZoneC,ZoneB,U077
T5916,Car03,2020-01-06 01:00:00.000,ZoneB,ZoneA,U066
T5917,Car21,2016-06-28 09:00:00.000,ZoneC,ZoneD,U156
T5918,Car29,2019-09-03 11:00:00.000,ZoneC,ZoneD,U010
T5919,Car12,2016-06-24 20:00:00.000,ZoneB,ZoneA,U034
T5920,Car06,2020-11-29 14:00:00.000,ZoneC,ZoneB,U073
T5921,Car25,2015-04-21 20:00:00.000,ZoneD,ZoneD,U119
T5922,Car15,2018-06-16 22:00:00.000,ZoneA,ZoneA,U037
T5923,Car20,2015-03-18 16:00:00.000,ZoneB,ZoneA,U017
T5924,Car09,2021-11-02 07:00:00.000,ZoneB,ZoneB,U034
T5925,Car09,2021-05-16 17:00:00.000,ZoneC,ZoneB,U019
T5926,Car07,2017-10-05 03:00:00.000,ZoneC,ZoneD,U144
T5927,Car03,2021-05-06 22:00:00.000,ZoneA,ZoneA,U054
T5928,Car23,2015-10-14 16:00:00.000,ZoneB,ZoneA,U118
T5929,Car13,2017-12-09 03:00:00.000,ZoneD,ZoneC,U055
T5930,Car07,2020-12-18 08:00:00.000,ZoneD,ZoneA,U021
T5931,Car08,2020-06-20 02:00:00.000,ZoneD,ZoneD,U099
T5932,Car26,2020-01-10 05:00:00.000,ZoneC,ZoneC,U081
T5933,Car06,2020-03-16 11:00:00.000,ZoneA,ZoneB,U077
T5934,Car12,2020-02-22 23:00:00.000,ZoneC,ZoneA,U037
T5935,Car11,2016-07-18 09:00:00.000,ZoneD,ZoneA,U043
T5936,Car12,2020-10-21 10:00:00.000,ZoneA,ZoneC,U085
T5937,Car17,2015-03-20 13:00:00.000,ZoneA,ZoneB,U059
T5938,Car17,2018-05-06 16:00:00.000,ZoneA,ZoneA,U059
T5939,Car30,2017-12-12 01:00:00.000,ZoneD,ZoneC,U083
T5940,Car10,2018-12-24 18:00:00.000,ZoneC,ZoneA,U018
T5941,Car20,2017-10-31 19:00:00.000,ZoneC,ZoneA,U149
T5942,Car22,2017-12-19 03:00:00.000,ZoneB,ZoneC,U120
T5943,Car14,2019-11-24 03:00:00.000,ZoneD,ZoneB,U128
T5944,Car18,2017-12-13 02:00:00.000,ZoneC,ZoneD,U102
T5945,Car09,2020-11-28 08:00:00.000,ZoneC,ZoneA,U064
T5946,Car26,2015-04-07 01:00:00.000,ZoneB,ZoneB,U125
T5947,Car12,2021-07-22 09:00:00.000,ZoneA,ZoneD,U099
T5948,Car22,2020-10-10 09:00:00.000,ZoneC,ZoneB,U075
T5949,Car07,2019-08-27 04:00:00.000,ZoneC,ZoneD,U012
T5950,Car22,2021-03-10 00:00:00.000,ZoneC,ZoneC,U162
T5951,Car15,2021-08-25 08:00:00.000,ZoneC,ZoneD,U050
T5952,Car05,2021-08-21 09:00:00.000,ZoneD,ZoneA,U106
T5953,Car19,2021-05-25 06:00:00.000,ZoneC,ZoneA,U095
T5954,Car26,2020-12-11 16:00:00.000,ZoneB,ZoneD,U018
T5955,Car30,2021-06-10 17:00:00.000,ZoneD,ZoneB,U134
T5956,Car21,2019-12-21 00:00:00.000,ZoneB,ZoneB,U012
T5957,Car19,2018-03-05 19:00:00.000,ZoneB,ZoneD,U087
T5958,Car26,2020-06-27 19:00:00.000,ZoneB,ZoneB,U086
T5959,Car24,2015-09-04 16:00:00.000,ZoneD,ZoneA,U022
T5960,Car15,2015-05-12 01:00:00.000,ZoneB,ZoneA,U096
T5961,Car08,2015-12-22 20:00:00.000,ZoneB,ZoneD,U022
T5962,Car21,2021-11-24 19:00:00.000,ZoneB,ZoneD,U139
T5963,Car26,2018-08-04 11:00:00.000,ZoneB,ZoneC,U120
T5964,Car02,2017-04-21 21:00:00.000,ZoneA,ZoneD,U106
T5965,Car05,2018-04-02 02:00:00.000,ZoneD,ZoneB,U015
T5966,Car11,2020-04-08 14:00:00.000,ZoneA,ZoneA,U020
T5967,Car20,2016-07-07 23:00:00.000,ZoneB,ZoneB,U014
T5968,Car04,2020-02-23 19:00:00.000,ZoneC,ZoneC,U035
T5969,Car23,2021-05-16 12:00:00.000,ZoneA,ZoneD,U127
T5970,Car16,2015-12-07 10:00:00.000,ZoneD,ZoneD,U145
T5971,Car10,2016-02-11 21:00:00.000,ZoneC,ZoneC,U076
T5972,Car01,2015-10-31 18:00:00.000,ZoneC,ZoneB,U136
T5973,Car21,2019-09-10 13:00:00.000,ZoneA,ZoneD,U158
T5974,Car13,2020-05-06 22:00:00.000,ZoneC,ZoneC,U029
T5975,Car09,2021-12-28 13:00:00.000,ZoneB,ZoneB,U058
T5976,Car11,2021-05-05 06:00:00.000,ZoneB,ZoneC,U128
T5977,Car08,2017-08-04 21:00:00.000,ZoneA,ZoneD,U127
T5978,Car23,2018-09-17 10:00:00.000,ZoneC,ZoneD,U048
T5979,Car10,2021-03-10 00:00:00.000,ZoneC,ZoneB,U125
T5980,Car10,2019-03-09 03:00:00.000,ZoneB,ZoneD,U017
T5981,Car17,2017-08-16 13:00:00.000,ZoneD,ZoneD,U074
T5982,Car04,2021-10-01 00:00:00.000,ZoneD,ZoneA,U098
T5983,Car07,2016-08-15 17:00:00.000,ZoneA,ZoneB,U092
T5984,Car12,2020-09-21 20:00:00.000,ZoneD,ZoneD,U149
T5985,Car11,2017-12-02 16:00:00.000,ZoneC,ZoneA,U033
T5986,Car30,2020-05-16 22:00:00.000,ZoneD,ZoneA,U096
T5987,Car03,2018-11-08 02:00:00.000,ZoneB,ZoneA,U078
T5988,Car04,2020-01-01 06:00:00.000,ZoneC,ZoneB,U157
T5989,Car22,2017-07-19 20:00:00.000,ZoneA,ZoneB,U140
T5990,Car10,2018-08-08 05:00:00.000,ZoneB,ZoneD,U063
T5991,Car28,2019-08-21 18:00:00.000,ZoneD,ZoneC,U034
T5992,Car29,2021-01-19 20:00:00.000,ZoneC,ZoneD,U136
T5993,Car15,2021-12-25 05:00:00.000,ZoneD,ZoneB,U082
T5994,Car07,2021-07-31 03:00:00.000,ZoneA,ZoneD,U157
T5995,Car22,2015-05-18 02:00:00.000,ZoneC,ZoneA,U034
T5996,Car20,2018-08-14 06:00:00.000,ZoneB,ZoneC,U089
T5997,Car11,2015-04-10 04:00:00.000,ZoneD,ZoneC,U161
T5998,Car26,2015-07-29 09:00:00.000,ZoneC,ZoneC,U037
T5999,Car25,2016-06-18 19:00:00.000,ZoneC,ZoneA,U120
T6000,Car12,2016-10-08 01:00:00.000,ZoneD,ZoneB,U060
T6001,Car30,2017-09-06 09:00:00.000,ZoneC,ZoneD,U162
T6002,Car09,2017-08-13 00:00:00.000,ZoneB,ZoneB,U125
T6003,Car03,2020-09-17 16:00:00.000,ZoneD,ZoneC,U124
T6004,Car02,2016-08-27 09:00:00.000,ZoneC,ZoneD,U012
T6005,Car25,2018-07-05 11:00:00.000,ZoneD,ZoneB,U140
T6006,Car27,2020-01-17 17:00:00.000,ZoneA,ZoneB,U026
T6007,Car29,2020-01-06 16:00:00.000,ZoneA,ZoneC,U016
T6008,Car10,2020-02-14 10:00:00.000,ZoneD,ZoneA,U073
T6009,Car20,2017-10-19 17:00:00.000,ZoneB,ZoneB,U094
T6010,Car14,2018-04-14 04:00:00.000,ZoneD,ZoneA,U101
T6011,Car30,2015-08-22 13:00:00.000,ZoneC,ZoneB,U078
T6012,Car29,2017-08-17 14:00:00.000,ZoneA,ZoneC,U031
T6013,Car07,2017-06-05 16:00:00.000,ZoneA,ZoneB,U080
T6014,Car28,2020-03-07 07:00:00.000,ZoneD,ZoneC,U095
T6015,Car30,2015-01-27 16:00:00.000,ZoneD,ZoneA,U137
T6016,Car10,2019-03-19 18:00:00.000,ZoneB,ZoneA,U033
T6017,Car28,2016-12-02 06:00:00.000,ZoneB,ZoneB,U134
T6018,Car19,2021-05-04 20:00:00.000,ZoneC,ZoneD,U123
T6019,Car18,2017-01-09 14:00:00.000,ZoneB,ZoneB,U020
T6020,Car27,2016-01-11 15:00:00.000,ZoneD,ZoneD,U134
T6021,Car13,2015-09-24 06:00:00.000,ZoneD,ZoneB,U104
T6022,Car15,2016-02-03 18:00:00.000,ZoneB,ZoneC,U091
T6023,Car06,2016-09-26 09:00:00.000,ZoneD,ZoneC,U116
T6024,Car20,2018-05-20 10:00:00.000,ZoneC,ZoneD,U062
T6025,Car23,2018-01-07 17:00:00.000,ZoneD,ZoneC,U014
T6026,Car17,2016-12-18 02:00:00.000,ZoneA,ZoneA,U026
T6027,Car22,2021-06-05 12:00:00.000,ZoneD,ZoneD,U051
T6028,Car20,2015-10-09 06:00:00.000,ZoneD,ZoneD,U133
T6029,Car09,2020-10-04 18:00:00.000,ZoneD,ZoneC,U117
T6030,Car16,2016-06-24 10:00:00.000,ZoneD,ZoneA,U069
T6031,Car29,2018-01-13 08:00:00.000,ZoneC,ZoneD,U076
T6032,Car05,2019-10-19 12:00:00.000,ZoneB,ZoneB,U094
T6033,Car12,2015-01-06 10:00:00.000,ZoneB,ZoneA,U035
T6034,Car19,2017-08-30 07:00:00.000,ZoneC,ZoneD,U049
T6035,Car05,2021-02-15 12:00:00.000,ZoneB,ZoneC,U023
T6036,Car21,2019-10-12 20:00:00.000,ZoneA,ZoneD,U079
T6037,Car27,2021-05-19 15:00:00.000,ZoneC,ZoneB,U125
T6038,Car17,2020-08-13 11:00:00.000,ZoneA,ZoneC,U081
T6039,Car06,2020-06-08 20:00:00.000,ZoneD,ZoneD,U140
T6040,Car24,2018-07-07 18:00:00.000,ZoneA,ZoneA,U115
T6041,Car12,2021-08-30 03:00:00.000,ZoneC,ZoneD,U069
T6042,Car15,2020-11-13 03:00:00.000,ZoneB,ZoneB,U050
T6043,Car26,2018-01-21 21:00:00.000,ZoneC,ZoneB,U131
T6044,Car10,2021-01-14 05:00:00.000,ZoneC,ZoneA,U095
T6045,Car22,2017-05-10 15:00:00.000,ZoneC,ZoneC,U022
T6046,Car29,2016-04-30 00:00:00.000,ZoneB,ZoneD,U058
T6047,Car23,2017-02-25 21:00:00.000,ZoneB,ZoneC,U064
T6048,Car01,2016-05-12 07:00:00.000,ZoneC,ZoneD,U080
T6049,Car13,2015-10-12 19:00:00.000,ZoneD,ZoneA,U120
T6050,Car23,2020-12-05 05:00:00.000,ZoneB,ZoneB,U101
T6051,Car22,2016-02-23 23:00:00.000,ZoneA,ZoneB,U151
T6052,Car22,2020-10-22 21:00:00.000,ZoneA,ZoneA,U018
T6053,Car03,2020-11-07 02:00:00.000,ZoneC,ZoneB,U072
T6054,Car29,2019-10-29 12:00:00.000,ZoneA,ZoneA,U068
T6055,Car29,2016-12-03 07:00:00.000,ZoneB,ZoneC,U045
T6056,Car06,2019-06-04 05:00:00.000,ZoneB,ZoneA,U091
T6057,Car01,2019-08-05 07:00:00.000,ZoneB,ZoneB,U032
T6058,Car15,2020-06-14 01:00:00.000,ZoneD,ZoneC,U088
T6059,Car02,2018-10-22 00:00:00.000,ZoneD,ZoneB,U152
T6060,Car04,2018-02-18 19:00:00.000,ZoneC,ZoneD,U102
T6061,Car21,2016-07-13 09:00:00.000,ZoneA,ZoneB,U097
T6062,Car11,2016-06-13 09:00:00.000,ZoneB,ZoneD,U049
T6063,Car05,2018-09-25 23:00:00.000,ZoneA,ZoneA,U112
T6064,Car14,2020-01-10 15:00:00.000,ZoneA,ZoneD,U013
T6065,Car30,2021-07-10 12:00:00.000,ZoneB,ZoneA,U087
T6066,Car08,2017-12-21 20:00:00.000,ZoneC,ZoneC,U051
T6067,Car26,2020-11-12 02:00:00.000,ZoneD,ZoneA,U086
T6068,Car15,2016-12-17 21:00:00.000,ZoneD,ZoneD,U141
T6069,Car03,2019-10-19 22:00:00.000,ZoneB,ZoneA,U056
T6070,Car07,2018-11-20 04:00:00.000,ZoneA,ZoneC,U123
T6071,Car19,2021-08-15 08:00:00.000,ZoneA,ZoneD,U083
T6072,Car18,2019-02-02 03:00:00.000,ZoneA,ZoneB,U142
T6073,Car24,2015-04-23 02:00:00.000,ZoneA,ZoneA,U068
T6074,Car16,2021-06-06 13:00:00.000,ZoneC,ZoneC,U052
T6075,Car21,2020-11-07 22:00:00.000,ZoneD,ZoneD,U104
T6076,Car22,2017-01-08 13:00:00.000,ZoneB,ZoneB,U081
T6077,Car29,2018-09-25 08:00:00.000,ZoneD,ZoneA,U071
T6078,Car25,2018-06-06 02:00:00.000,ZoneB,ZoneD,U076
T6079,Car20,2019-02-09 05:00:00.000,ZoneA,ZoneA,U088
T6080,Car24,2019-01-07 12:00:00.000,ZoneC,ZoneC,U162
T6081,Car13,2018-10-29 17:00:00.000,ZoneB,ZoneC,U074
T6082,Car09,2016-06-28 14:00:00.000,ZoneA,ZoneD,U037
T6083,Car05,2021-10-07 01:00:00.000,ZoneD,ZoneC,U152
T6084,Car30,2018-01-13 03:00:00.000,ZoneB,ZoneA,U141
T6085,Car18,2016-08-07 09:00:00.000,ZoneC,ZoneB,U041
T6086,Car02,2020-01-21 11:00:00.000,ZoneB,ZoneC,U046
T6087,Car18,2019-11-07 06:00:00.000,ZoneD,ZoneA,U064
T6088,Car27,2017-05-31 21:00:00.000,ZoneC,ZoneA,U068
T6089,Car05,2015-07-15 20:00:00.000,ZoneA,ZoneD,U132
T6090,Car21,2021-12-26 11:00:00.000,ZoneC,ZoneD,U160
T6091,Car18,2015-05-25 04:00:00.000,ZoneD,ZoneC,U056
T6092,Car22,2019-06-26 02:00:00.000,ZoneC,ZoneD,U102
T6093,Car19,2017-09-22 15:00:00.000,ZoneC,ZoneC,U074
T6094,Car21,2018-10-08 21:00:00.000,ZoneC,ZoneA,U031
T6095,Car08,2018-08-08 15:00:00.000,ZoneB,ZoneD,U074
T6096,Car01,2017-06-03 09:00:00.000,ZoneD,ZoneB,U126
T6097,Car24,2017-07-04 20:00:00.000,ZoneC,ZoneC,U057
T6098,Car13,2021-07-28 20:00:00.000,ZoneD,ZoneB,U106
T6099,Car07,2016-01-02 11:00:00.000,ZoneB,ZoneD,U082
T6101,Car04,2019-05-25 20:00:00.000,ZoneC,ZoneD,U041
T6102,Car01,2021-06-10 17:00:00.000,ZoneD,ZoneC,U055
T6103,Car07,2017-08-01 23:00:00.000,ZoneD,ZoneC,U137
T6104,Car16,2020-05-05 01:00:00.000,ZoneC,ZoneC,U037
T6105,Car14,2015-10-02 04:00:00.000,ZoneB,ZoneA,U029
T6106,Car02,2016-08-02 14:00:00.000,ZoneA,ZoneC,U129
T6107,Car12,2018-08-24 01:00:00.000,ZoneD,ZoneD,U129
T6108,Car24,2021-08-16 09:00:00.000,ZoneC,ZoneC,U149
T4885,Car17,2020-03-14 19:00:00.000,ZoneA,ZoneC,U029
T4886,Car15,2021-08-03 16:00:00.000,ZoneA,ZoneA,U066
T4887,Car16,2015-06-16 01:00:00.000,ZoneD,ZoneD,U132
T4888,Car16,2021-10-30 04:00:00.000,ZoneB,ZoneB,U040
T4889,Car02,2017-04-12 07:00:00.000,ZoneC,ZoneD,U031
T4890,Car24,2017-05-15 00:00:00.000,ZoneA,ZoneA,U147
T4891,Car30,2018-08-28 05:00:00.000,ZoneB,ZoneB,U132
T4892,Car21,2021-02-21 13:00:00.000,ZoneC,ZoneD,U056
T4893,Car23,2015-07-04 09:00:00.000,ZoneD,ZoneA,U061
T4894,Car29,2016-12-05 14:00:00.000,ZoneD,ZoneA,U014
T4895,Car25,2016-11-07 16:00:00.000,ZoneD,ZoneD,U052
T4896,Car05,2020-10-01 10:00:00.000,ZoneD,ZoneC,U060
T4897,Car04,2019-04-28 08:00:00.000,ZoneD,ZoneC,U126
T4898,Car25,2019-09-30 23:00:00.000,ZoneD,ZoneD,U035
T4899,Car28,2021-03-08 18:00:00.000,ZoneC,ZoneA,U159
T4900,Car07,2015-05-19 23:00:00.000,ZoneD,ZoneA,U048
T4901,Car20,2020-06-17 19:00:00.000,ZoneA,ZoneB,U057
T4902,Car29,2019-07-16 07:00:00.000,ZoneD,ZoneD,U155
T4903,Car09,2019-04-12 02:00:00.000,ZoneB,ZoneB,U031
T4904,Car05,2019-01-12 02:00:00.000,ZoneB,ZoneB,U053
T4905,Car17,2019-11-06 15:00:00.000,ZoneA,ZoneB,U162
T4906,Car25,2018-10-05 18:00:00.000,ZoneC,ZoneA,U062
T4907,Car08,2015-07-07 02:00:00.000,ZoneB,ZoneA,U096
T4908,Car14,2017-05-28 13:00:00.000,ZoneB,ZoneC,U139
T4909,Car21,2016-08-23 20:00:00.000,ZoneA,ZoneC,U126
T4910,Car19,2015-12-28 21:00:00.000,ZoneB,ZoneC,U044
T4911,Car24,2016-03-21 10:00:00.000,ZoneC,ZoneC,U152
T4912,Car20,2015-09-15 12:00:00.000,ZoneB,ZoneA,U025
T4913,Car04,2021-02-01 13:00:00.000,ZoneD,ZoneD,U140
T4914,Car14,2019-07-31 02:00:00.000,ZoneB,ZoneB,U039
T4915,Car13,2016-06-06 12:00:00.000,ZoneB,ZoneB,U103
T4916,Car25,2019-09-10 08:00:00.000,ZoneC,ZoneA,U020
T4917,Car22,2020-01-22 17:00:00.000,ZoneD,ZoneB,U109
T4918,Car09,2018-11-06 20:00:00.000,ZoneD,ZoneB,U108
T4919,Car20,2019-07-23 14:00:00.000,ZoneD,ZoneA,U114
T4920,Car10,2021-12-11 21:00:00.000,ZoneC,ZoneC,U032
T4921,Car29,2020-11-01 16:00:00.000,ZoneD,ZoneC,U023
T4922,Car18,2016-01-14 03:00:00.000,ZoneC,ZoneB,U082
T4923,Car12,2017-07-12 13:00:00.000,ZoneB,ZoneA,U105
T4924,Car04,2016-06-12 18:00:00.000,ZoneB,ZoneB,U117
T4925,Car14,2015-08-24 10:00:00.000,ZoneC,ZoneC,U086
T4926,Car04,2020-06-24 06:00:00.000,ZoneC,ZoneB,U152
T4927,Car23,2018-04-27 12:00:00.000,ZoneD,ZoneB,U080
T4928,Car17,2018-01-11 01:00:00.000,ZoneB,ZoneD,U105
T4929,Car30,2018-05-20 00:00:00.000,ZoneD,ZoneC,U107
T4930,Car07,2021-11-06 01:00:00.000,ZoneB,ZoneA,U104
T4931,Car14,2017-09-14 22:00:00.000,ZoneB,ZoneC,U086
T4932,Car17,2015-03-12 05:00:00.000,ZoneB,ZoneD,U112
T4933,Car22,2020-10-08 17:00:00.000,ZoneA,ZoneD,U159
T4934,Car04,2019-10-07 05:00:00.000,ZoneA,ZoneB,U033
T4935,Car12,2021-04-06 07:00:00.000,ZoneA,ZoneA,U039
T4936,Car01,2018-05-26 11:00:00.000,ZoneA,ZoneB,U139
T4937,Car25,2018-06-21 07:00:00.000,ZoneD,ZoneA,U145
T4938,Car05,2017-03-19 13:00:00.000,ZoneA,ZoneA,U082
T4939,Car15,2016-12-19 18:00:00.000,ZoneB,ZoneD,U027
T4940,Car15,2015-07-31 11:00:00.000,ZoneD,ZoneA,U123
T4941,Car13,2021-07-22 14:00:00.000,ZoneB,ZoneD,U133
T4942,Car03,2020-03-23 08:00:00.000,ZoneC,ZoneD,U103
T4943,Car29,2015-06-11 01:00:00.000,ZoneB,ZoneB,U041
T4944,Car11,2016-03-18 17:00:00.000,ZoneD,ZoneA,U012
T4946,Car03,2021-09-02 06:00:00.000,ZoneC,ZoneD,U092
T4948,Car19,2019-07-24 00:00:00.000,ZoneA,ZoneD,U015
T4949,Car11,2017-09-27 10:00:00.000,ZoneB,ZoneA,U050
T4950,Car08,2019-12-28 17:00:00.000,ZoneC,ZoneA,U063
T4951,Car09,2015-01-18 02:00:00.000,ZoneA,ZoneA,U018
T4952,Car15,2015-11-06 14:00:00.000,ZoneA,ZoneD,U075
T4953,Car05,2015-12-12 20:00:00.000,ZoneB,ZoneD,U078
T4954,Car25,2017-05-04 19:00:00.000,ZoneC,ZoneD,U156
T4955,Car27,2016-03-31 05:00:00.000,ZoneA,ZoneB,U138
T4956,Car03,2018-07-22 03:00:00.000,ZoneA,ZoneA,U115
T4957,Car01,2017-11-01 20:00:00.000,ZoneD,ZoneB,U040
T4958,Car04,2015-10-07 04:00:00.000,ZoneD,ZoneC,U155
T4959,Car16,2019-11-02 01:00:00.000,ZoneB,ZoneA,U144
T4960,Car06,2018-11-25 09:00:00.000,ZoneD,ZoneB,U077
T4961,Car13,2018-03-08 22:00:00.000,ZoneC,ZoneB,U039
T4962,Car30,2017-02-26 02:00:00.000,ZoneB,ZoneA,U039
T4964,Car02,2015-05-03 07:00:00.000,ZoneC,ZoneB,U108
T4965,Car14,2017-04-05 00:00:00.000,ZoneC,ZoneA,U148
T4966,Car10,2019-01-15 10:00:00.000,ZoneA,ZoneC,U033
T4967,Car15,2019-12-07 11:00:00.000,ZoneC,ZoneD,U074
T4968,Car15,2020-07-31 23:00:00.000,ZoneB,ZoneA,U081
T4969,Car22,2015-01-24 18:00:00.000,ZoneD,ZoneD,U137
T4970,Car07,2021-12-04 19:00:00.000,ZoneB,ZoneB,U104
T4971,Car21,2017-12-30 09:00:00.000,ZoneC,ZoneC,U052
T4972,Car10,2016-02-06 16:00:00.000,ZoneC,ZoneD,U094
T4973,Car25,2020-05-16 02:00:00.000,ZoneB,ZoneA,U117
T4974,Car25,2017-02-12 23:00:00.000,ZoneD,ZoneA,U078
T4975,Car01,2021-07-19 16:00:00.000,ZoneD,ZoneC,U041
T4976,Car24,2015-09-07 09:00:00.000,ZoneC,ZoneD,U062
T4977,Car17,2020-05-08 14:00:00.000,ZoneB,ZoneA,U100
T4978,Car28,2021-07-26 03:00:00.000,ZoneD,ZoneC,U055
T4979,Car23,2017-03-24 08:00:00.000,ZoneA,ZoneD,U069
T4980,Car27,2016-09-04 07:00:00.000,ZoneD,ZoneB,U062
T4981,Car10,2018-11-14 03:00:00.000,ZoneB,ZoneD,U116
T4982,Car14,2021-06-16 23:00:00.000,ZoneB,ZoneB,U043
T4983,Car11,2020-12-13 08:00:00.000,ZoneB,ZoneA,U048
T4984,Car16,2015-06-13 13:00:00.000,ZoneA,ZoneB,U062
T4985,Car24,2019-07-15 01:00:00.000,ZoneB,ZoneC,U023
T4986,Car19,2016-12-02 01:00:00.000,ZoneD,ZoneC,U019
T4987,Car24,2018-07-16 02:00:00.000,ZoneA,ZoneC,U100
T4988,Car10,2015-03-08 06:00:00.000,ZoneA,ZoneD,U072
T4989,Car16,2021-12-11 01:00:00.000,ZoneC,ZoneB,U157
T4990,Car04,2017-11-10 14:00:00.000,ZoneC,ZoneA,U054
T4991,Car26,2018-08-23 20:00:00.000,ZoneC,ZoneD,U095
T4992,Car28,2021-07-17 14:00:00.000,ZoneD,ZoneA,U123
T4993,Car19,2017-10-19 12:00:00.000,ZoneA,ZoneC,U017
T4994,Car24,2020-10-14 08:00:00.000,ZoneD,ZoneC,U104
T4996,Car07,2015-04-11 20:00:00.000,ZoneA,ZoneA,U136
T4997,Car17,2021-03-07 07:00:00.000,ZoneA,ZoneD,U110
T4998,Car26,2021-12-13 23:00:00.000,ZoneA,ZoneA,U014
T4999,Car10,2021-08-09 22:00:00.000,ZoneD,ZoneA,U159
T5000,Car20,2015-04-02 21:00:00.000,ZoneA,ZoneD,U075
T5001,Car12,2017-12-08 12:00:00.000,ZoneA,ZoneA,U129
T5002,Car20,2017-10-24 12:00:00.000,ZoneD,ZoneB,U149
T5003,Car27,2019-11-24 18:00:00.000,ZoneD,ZoneA,U014
T5004,Car02,2017-11-03 12:00:00.000,ZoneC,ZoneD,U106
T5005,Car07,2017-04-28 13:00:00.000,ZoneB,ZoneB,U157
T5006,Car20,2021-10-06 20:00:00.000,ZoneC,ZoneB,U084
T5007,Car26,2017-10-15 03:00:00.000,ZoneA,ZoneC,U089
T5008,Car19,2016-08-24 16:00:00.000,ZoneC,ZoneC,U073
T5009,Car01,2016-08-13 10:00:00.000,ZoneB,ZoneA,U029
T5010,Car06,2021-11-16 16:00:00.000,ZoneD,ZoneB,U039
T5011,Car22,2016-08-21 13:00:00.000,ZoneC,ZoneD,U011
T5012,Car25,2017-06-11 07:00:00.000,ZoneA,ZoneB,U010
T5013,Car03,2018-08-25 07:00:00.000,ZoneA,ZoneA,U130
T5014,Car12,2016-05-07 12:00:00.000,ZoneA,ZoneD,U117
T5015,Car16,2017-11-29 13:00:00.000,ZoneD,ZoneC,U155
T5016,Car02,2015-05-15 19:00:00.000,ZoneC,ZoneC,U123
T5017,Car20,2015-11-04 02:00:00.000,ZoneA,ZoneC,U110
T5018,Car12,2016-03-12 06:00:00.000,ZoneD,ZoneC,U055
T5019,Car16,2018-04-13 23:00:00.000,ZoneA,ZoneA,U104
T5020,Car25,2017-12-27 21:00:00.000,ZoneB,ZoneA,U125
T5021,Car13,2018-12-23 22:00:00.000,ZoneC,ZoneC,U128
T5022,Car20,2016-10-23 21:00:00.000,ZoneB,ZoneA,U067
T5023,Car12,2020-04-18 14:00:00.000,ZoneA,ZoneC,U155
T5024,Car19,2016-07-31 22:00:00.000,ZoneA,ZoneD,U015
T5025,Car04,2018-09-06 09:00:00.000,ZoneB,ZoneA,U128
T5026,Car03,2016-08-07 14:00:00.000,ZoneA,ZoneA,U028
T5027,Car25,2016-09-25 13:00:00.000,ZoneD,ZoneA,U161
T5028,Car23,2015-01-26 20:00:00.000,ZoneA,ZoneB,U105
T5029,Car14,2015-11-25 08:00:00.000,ZoneB,ZoneD,U076
T5030,Car04,2020-08-18 01:00:00.000,ZoneB,ZoneD,U085
T5031,Car28,2015-09-05 22:00:00.000,ZoneC,ZoneC,U104
T5032,Car07,2016-03-27 16:00:00.000,ZoneA,ZoneC,U141
T5033,Car10,2021-10-19 08:00:00.000,ZoneA,ZoneD,U028
T5034,Car09,2021-09-08 22:00:00.000,ZoneA,ZoneD,U053
T5035,Car04,2021-03-30 20:00:00.000,ZoneD,ZoneC,U135
T5036,Car27,2016-03-25 09:00:00.000,ZoneA,ZoneD,U139
T5037,Car30,2018-12-08 17:00:00.000,ZoneC,ZoneA,U042
T5038,Car01,2017-09-03 21:00:00.000,ZoneB,ZoneB,U054
T5039,Car20,2020-03-20 00:00:00.000,ZoneA,ZoneC,U139
T5040,Car29,2018-11-11 10:00:00.000,ZoneA,ZoneD,U038
T5041,Car14,2017-05-20 00:00:00.000,ZoneA,ZoneD,U136
T5042,Car23,2019-07-06 17:00:00.000,ZoneB,ZoneB,U102
T5043,Car04,2021-08-05 18:00:00.000,ZoneA,ZoneC,U087
T5044,Car28,2016-02-25 20:00:00.000,ZoneB,ZoneB,U126
T5045,Car30,2017-10-29 02:00:00.000,ZoneB,ZoneB,U055
T5046,Car19,2020-11-07 02:00:00.000,ZoneA,ZoneB,U136
T5047,Car27,2020-08-22 15:00:00.000,ZoneA,ZoneD,U039
T5048,Car12,2015-12-20 08:00:00.000,ZoneC,ZoneD,U161
T5049,Car12,2015-08-22 03:00:00.000,ZoneB,ZoneD,U087
T5050,Car06,2018-04-15 10:00:00.000,ZoneC,ZoneC,U030
T5051,Car07,2017-05-19 04:00:00.000,ZoneA,ZoneB,U153
T5052,Car13,2021-07-27 19:00:00.000,ZoneA,ZoneD,U024
T5053,Car17,2018-05-25 15:00:00.000,ZoneD,ZoneA,U151
T5054,Car07,2019-08-01 23:00:00.000,ZoneA,ZoneC,U143
T5055,Car17,2016-09-30 03:00:00.000,ZoneB,ZoneD,U047
T5056,Car15,2018-02-15 16:00:00.000,ZoneB,ZoneB,U135
T5057,Car25,2017-05-06 01:00:00.000,ZoneB,ZoneC,U139
T5058,Car06,2019-05-23 13:00:00.000,ZoneA,ZoneA,U081
T5059,Car08,2018-04-05 10:00:00.000,ZoneA,ZoneD,U129
T5060,Car17,2018-10-22 10:00:00.000,ZoneC,ZoneB,U016
T5061,Car19,2018-05-29 19:00:00.000,ZoneA,ZoneC,U051
T5062,Car02,2015-05-11 15:00:00.000,ZoneB,ZoneC,U113
T5063,Car17,2021-11-02 07:00:00.000,ZoneB,ZoneA,U129
T5064,Car12,2020-07-28 00:00:00.000,ZoneB,ZoneC,U151
T5065,Car08,2019-05-23 08:00:00.000,ZoneA,ZoneA,U050
T5066,Car29,2017-11-12 21:00:00.000,ZoneA,ZoneC,U082
T5067,Car01,2015-07-12 22:00:00.000,ZoneB,ZoneB,U094
T5068,Car25,2015-08-24 20:00:00.000,ZoneD,ZoneC,U036
T5069,Car18,2017-10-23 21:00:00.000,ZoneD,ZoneD,U018
T5070,Car25,2021-09-23 12:00:00.000,ZoneA,ZoneC,U011
T5071,Car14,2018-08-08 15:00:00.000,ZoneB,ZoneA,U081
T5072,Car16,2021-09-16 05:00:00.000,ZoneD,ZoneC,U050
T5073,Car13,2018-07-02 18:00:00.000,ZoneD,ZoneC,U082
T5074,Car19,2018-05-10 00:00:00.000,ZoneD,ZoneB,U066
T5075,Car09,2019-11-13 17:00:00.000,ZoneC,ZoneB,U062
T5076,Car09,2019-09-22 10:00:00.000,ZoneB,ZoneB,U050
T5077,Car16,2018-10-22 10:00:00.000,ZoneD,ZoneD,U086
T5078,Car12,2017-07-29 15:00:00.000,ZoneC,ZoneC,U066
T5079,Car28,2017-08-31 13:00:00.000,ZoneC,ZoneD,U013
T5080,Car14,2017-11-03 17:00:00.000,ZoneA,ZoneA,U119
T5081,Car11,2018-12-19 23:00:00.000,ZoneC,ZoneB,U057
T5082,Car01,2018-09-22 20:00:00.000,ZoneB,ZoneC,U124
T5083,Car04,2016-05-27 17:00:00.000,ZoneD,ZoneD,U067
T5084,Car04,2017-06-05 06:00:00.000,ZoneC,ZoneB,U115
T5085,Car10,2017-06-19 20:00:00.000,ZoneA,ZoneC,U020
T5086,Car26,2019-07-11 12:00:00.000,ZoneB,ZoneD,U159
T5087,Car28,2020-10-03 12:00:00.000,ZoneD,ZoneB,U026
T5088,Car10,2015-07-16 11:00:00.000,ZoneD,ZoneC,U128
T5089,Car07,2021-11-14 19:00:00.000,ZoneB,ZoneB,U058
T5090,Car02,2017-10-21 09:00:00.000,ZoneB,ZoneA,U122
T5091,Car29,2019-05-01 01:00:00.000,ZoneC,ZoneD,U112
T5092,Car24,2020-10-16 10:00:00.000,ZoneA,ZoneB,U139
T5093,Car18,2021-06-29 01:00:00.000,ZoneC,ZoneD,U021
T5094,Car23,2018-06-24 15:00:00.000,ZoneA,ZoneA,U042
T5095,Car21,2015-09-16 03:00:00.000,ZoneC,ZoneB,U032
T5096,Car04,2020-05-15 21:00:00.000,ZoneA,ZoneB,U121
T5098,Car06,2020-06-12 19:00:00.000,ZoneB,ZoneC,U105
T5099,Car15,2021-05-12 08:00:00.000,ZoneB,ZoneA,U114
T5100,Car26,2016-04-13 08:00:00.000,ZoneB,ZoneC,U039
T5101,Car18,2016-08-27 09:00:00.000,ZoneC,ZoneD,U119
T5102,Car12,2015-09-11 13:00:00.000,ZoneC,ZoneD,U131
T5103,Car20,2018-03-25 14:00:00.000,ZoneD,ZoneD,U044
T5104,Car29,2020-08-13 01:00:00.000,ZoneC,ZoneC,U148
T5106,Car30,2021-03-11 11:00:00.000,ZoneB,ZoneB,U139
T5107,Car27,2015-12-28 06:00:00.000,ZoneC,ZoneC,U143
T5108,Car13,2020-11-16 21:00:00.000,ZoneB,ZoneD,U059
T5109,Car01,2018-05-17 22:00:00.000,ZoneB,ZoneD,U107
T5110,Car08,2016-11-16 10:00:00.000,ZoneA,ZoneC,U012
T5111,Car01,2021-06-23 00:00:00.000,ZoneB,ZoneD,U010
T5112,Car17,2020-03-10 05:00:00.000,ZoneD,ZoneD,U017
T5113,Car27,2021-04-19 15:00:00.000,ZoneD,ZoneB,U047
T5114,Car26,2016-02-22 12:00:00.000,ZoneC,ZoneA,U048
T5115,Car05,2017-09-17 00:00:00.000,ZoneB,ZoneD,U124
T5116,Car22,2018-08-04 16:00:00.000,ZoneB,ZoneD,U028
T5117,Car27,2018-03-13 22:00:00.000,ZoneA,ZoneA,U063
T5118,Car17,2016-06-03 04:00:00.000,ZoneB,ZoneA,U088
T5119,Car04,2018-06-18 09:00:00.000,ZoneD,ZoneD,U064
T5120,Car24,2019-05-25 20:00:00.000,ZoneB,ZoneD,U039
T5121,Car02,2020-11-03 13:00:00.000,ZoneB,ZoneB,U139
T5122,Car16,2015-12-09 22:00:00.000,ZoneB,ZoneB,U096
T5123,Car07,2019-05-05 20:00:00.000,ZoneC,ZoneB,U038
T5124,Car09,2019-09-26 19:00:00.000,ZoneA,ZoneA,U034
T5125,Car06,2015-04-26 00:00:00.000,ZoneB,ZoneC,U150
T5126,Car25,2016-01-09 13:00:00.000,ZoneB,ZoneA,U152
T5127,Car10,2016-02-11 16:00:00.000,ZoneD,ZoneD,U033
T5128,Car03,2017-07-10 06:00:00.000,ZoneB,ZoneD,U038
T5129,Car27,2020-05-19 00:00:00.000,ZoneC,ZoneA,U130
T5130,Car17,2021-06-24 21:00:00.000,ZoneC,ZoneB,U064
T5131,Car18,2021-12-04 14:00:00.000,ZoneD,ZoneB,U147
T5132,Car25,2017-05-03 08:00:00.000,ZoneC,ZoneB,U144
T5133,Car15,2018-03-19 03:00:00.000,ZoneD,ZoneD,U155
T5134,Car27,2021-03-01 11:00:00.000,ZoneB,ZoneC,U083
T5135,Car22,2019-09-24 12:00:00.000,ZoneB,ZoneC,U070
T5136,Car15,2018-07-15 06:00:00.000,ZoneA,ZoneC,U145
T5137,Car21,2016-12-03 07:00:00.000,ZoneB,ZoneA,U135
T5138,Car19,2021-01-24 05:00:00.000,ZoneA,ZoneC,U144
T5139,Car20,2021-12-06 06:00:00.000,ZoneB,ZoneD,U054
T5140,Car05,2019-08-13 10:00:00.000,ZoneB,ZoneB,U045
T5141,Car12,2017-05-18 08:00:00.000,ZoneA,ZoneC,U154
T5142,Car10,2018-04-19 14:00:00.000,ZoneB,ZoneD,U016
T5143,Car22,2018-02-11 17:00:00.000,ZoneD,ZoneB,U095
T5144,Car05,2019-04-22 02:00:00.000,ZoneA,ZoneA,U068
T5145,Car21,2021-02-25 17:00:00.000,ZoneD,ZoneB,U083
T5146,Car03,2016-02-27 07:00:00.000,ZoneC,ZoneC,U062
T5147,Car25,2015-07-31 21:00:00.000,ZoneA,ZoneB,U044
T5148,Car26,2017-12-08 07:00:00.000,ZoneD,ZoneB,U112
T5149,Car10,2017-01-07 12:00:00.000,ZoneD,ZoneB,U083
T5150,Car13,2020-11-24 19:00:00.000,ZoneC,ZoneA,U098
T5151,Car20,2020-08-29 22:00:00.000,ZoneB,ZoneC,U096
T5153,Car30,2019-09-16 14:00:00.000,ZoneA,ZoneB,U043
T5154,Car13,2019-05-15 05:00:00.000,ZoneC,ZoneA,U071
T5155,Car11,2021-02-17 19:00:00.000,ZoneD,ZoneB,U041
T5156,Car27,2017-07-05 11:00:00.000,ZoneC,ZoneC,U087
T5157,Car09,2016-12-22 16:00:00.000,ZoneA,ZoneB,U095
T5158,Car05,2020-01-27 07:00:00.000,ZoneA,ZoneD,U088
T5159,Car05,2019-01-07 12:00:00.000,ZoneD,ZoneC,U137
T5160,Car09,2019-07-10 06:00:00.000,ZoneD,ZoneD,U072
T5161,Car05,2018-10-23 11:00:00.000,ZoneC,ZoneA,U107
T5162,Car22,2021-03-21 21:00:00.000,ZoneB,ZoneC,U082
T5163,Car14,2017-03-04 03:00:00.000,ZoneB,ZoneB,U061
T5164,Car17,2020-09-01 10:00:00.000,ZoneC,ZoneC,U027
T5165,Car08,2017-09-28 11:00:00.000,ZoneA,ZoneA,U139
T5166,Car17,2018-07-11 17:00:00.000,ZoneA,ZoneC,U107
T5167,Car17,2019-11-22 06:00:00.000,ZoneD,ZoneC,U053
T5168,Car22,2019-10-03 16:00:00.000,ZoneB,ZoneC,U087
T5169,Car22,2017-10-15 23:00:00.000,ZoneA,ZoneB,U121
T5170,Car19,2021-08-09 02:00:00.000,ZoneA,ZoneD,U102
T5171,Car23,2016-01-01 10:00:00.000,ZoneD,ZoneA,U038
T5172,Car09,2018-08-23 00:00:00.000,ZoneD,ZoneB,U036
T5173,Car14,2019-10-11 09:00:00.000,ZoneB,ZoneD,U026
T5174,Car19,2021-11-15 15:00:00.000,ZoneC,ZoneB,U033
T5175,Car22,2015-09-28 00:00:00.000,ZoneA,ZoneA,U089
T5176,Car23,2015-08-10 01:00:00.000,ZoneB,ZoneD,U049
T5177,Car24,2020-08-29 17:00:00.000,ZoneB,ZoneA,U092
T5178,Car13,2018-03-26 05:00:00.000,ZoneB,ZoneB,U105
T5179,Car10,2018-08-10 22:00:00.000,ZoneA,ZoneC,U152
T5180,Car01,2015-08-10 21:00:00.000,ZoneC,ZoneC,U086
T5181,Car22,2017-02-06 02:00:00.000,ZoneB,ZoneB,U050
T5182,Car27,2016-09-17 15:00:00.000,ZoneC,ZoneB,U084
T5183,Car05,2016-11-12 06:00:00.000,ZoneA,ZoneD,U122
T5184,Car06,2021-11-02 12:00:00.000,ZoneB,ZoneC,U161
T5185,Car25,2020-01-29 09:00:00.000,ZoneC,ZoneC,U069
T5186,Car30,2017-10-23 16:00:00.000,ZoneC,ZoneD,U158
T5187,Car04,2015-10-02 09:00:00.000,ZoneB,ZoneB,U058
T5188,Car30,2020-11-05 15:00:00.000,ZoneB,ZoneD,U121
T5189,Car09,2016-06-12 03:00:00.000,ZoneA,ZoneB,U013
T5190,Car05,2020-03-25 05:00:00.000,ZoneC,ZoneB,U158
T5191,Car16,2021-05-04 00:00:00.000,ZoneD,ZoneB,U011
T5192,Car12,2020-12-31 01:00:00.000,ZoneB,ZoneC,U065
T5193,Car25,2021-01-28 09:00:00.000,ZoneD,ZoneB,U094
T5194,Car02,2019-01-21 21:00:00.000,ZoneB,ZoneA,U110
T5195,Car14,2017-10-09 12:00:00.000,ZoneC,ZoneA,U026
T5196,Car29,2016-12-07 21:00:00.000,ZoneA,ZoneD,U085
T5197,Car16,2016-11-09 03:00:00.000,ZoneC,ZoneD,U159
T5198,Car15,2016-03-06 15:00:00.000,ZoneB,ZoneD,U146
T5199,Car14,2019-11-22 11:00:00.000,ZoneD,ZoneB,U121
T5200,Car12,2017-12-12 11:00:00.000,ZoneB,ZoneA,U081
T5201,Car21,2015-09-22 04:00:00.000,ZoneB,ZoneC,U053
T5202,Car17,2017-07-11 17:00:00.000,ZoneD,ZoneC,U102
T5203,Car13,2021-08-11 04:00:00.000,ZoneC,ZoneB,U029
T5204,Car23,2018-03-14 03:00:00.000,ZoneD,ZoneD,U140
T5205,Car19,2018-02-12 23:00:00.000,ZoneA,ZoneB,U158
T5206,Car26,2015-09-29 21:00:00.000,ZoneA,ZoneB,U157
T5207,Car23,2016-08-19 21:00:00.000,ZoneB,ZoneA,U105
T5208,Car01,2020-03-29 19:00:00.000,ZoneD,ZoneC,U139
T5209,Car29,2020-07-19 11:00:00.000,ZoneC,ZoneC,U063
T5210,Car24,2018-11-17 06:00:00.000,ZoneD,ZoneD,U114
T5211,Car28,2021-12-04 04:00:00.000,ZoneB,ZoneD,U158
T5212,Car27,2017-03-04 13:00:00.000,ZoneB,ZoneD,U132
T5213,Car03,2020-08-09 22:00:00.000,ZoneC,ZoneD,U108
T5214,Car07,2017-11-08 02:00:00.000,ZoneB,ZoneB,U086
T5215,Car10,2019-03-22 16:00:00.000,ZoneD,ZoneA,U074
T5216,Car26,2018-06-05 01:00:00.000,ZoneC,ZoneD,U154
T5217,Car07,2015-10-13 00:00:00.000,ZoneB,ZoneA,U088
T5218,Car25,2018-11-04 23:00:00.000,ZoneC,ZoneD,U154
T5219,Car12,2018-11-03 07:00:00.000,ZoneB,ZoneD,U013
T5220,Car30,2016-10-18 01:00:00.000,ZoneD,ZoneD,U098
T5221,Car12,2016-12-16 00:00:00.000,ZoneC,ZoneB,U154
T5222,Car27,2017-02-25 06:00:00.000,ZoneA,ZoneD,U142
T5223,Car21,2017-03-13 07:00:00.000,ZoneD,ZoneD,U119
T5224,Car12,2020-02-12 23:00:00.000,ZoneA,ZoneC,U038
T5225,Car12,2017-07-03 14:00:00.000,ZoneC,ZoneA,U038
T5226,Car23,2018-10-10 13:00:00.000,ZoneB,ZoneC,U015
T5227,Car10,2020-07-07 14:00:00.000,ZoneB,ZoneC,U064
T5228,Car22,2017-10-14 17:00:00.000,ZoneD,ZoneB,U130
T5229,Car15,2020-12-02 12:00:00.000,ZoneA,ZoneA,U076
T5230,Car05,2021-04-30 11:00:00.000,ZoneD,ZoneA,U127
T5231,Car18,2018-10-08 11:00:00.000,ZoneD,ZoneB,U065
T5232,Car03,2015-11-24 22:00:00.000,ZoneB,ZoneC,U087
T5233,Car05,2021-06-17 04:00:00.000,ZoneD,ZoneD,U018
T5234,Car15,2015-03-15 18:00:00.000,ZoneD,ZoneD,U053
T5235,Car09,2020-04-28 14:00:00.000,ZoneC,ZoneC,U072
T5236,Car20,2021-01-29 15:00:00.000,ZoneD,ZoneA,U085
T5237,Car18,2019-11-14 03:00:00.000,ZoneD,ZoneC,U100
T5238,Car18,2016-02-18 23:00:00.000,ZoneB,ZoneB,U065
T5239,Car04,2017-02-02 03:00:00.000,ZoneC,ZoneA,U085
T5240,Car20,2018-10-24 22:00:00.000,ZoneA,ZoneC,U125
T5241,Car12,2016-01-15 04:00:00.000,ZoneA,ZoneB,U043
T5242,Car09,2019-04-04 04:00:00.000,ZoneC,ZoneC,U081
T5243,Car04,2017-10-31 19:00:00.000,ZoneB,ZoneD,U083
T5244,Car19,2019-04-04 19:00:00.000,ZoneA,ZoneB,U035
T5245,Car01,2020-07-24 06:00:00.000,ZoneA,ZoneD,U025
T5246,Car08,2021-01-24 15:00:00.000,ZoneA,ZoneA,U063
T5247,Car11,2020-01-05 15:00:00.000,ZoneB,ZoneB,U137
T5248,Car05,2018-08-08 20:00:00.000,ZoneA,ZoneC,U057
T5249,Car03,2019-09-30 03:00:00.000,ZoneD,ZoneB,U045
T5250,Car27,2019-04-12 02:00:00.000,ZoneC,ZoneC,U077
T5251,Car13,2015-02-02 12:00:00.000,ZoneA,ZoneC,U071
T5252,Car05,2021-10-25 14:00:00.000,ZoneC,ZoneD,U152
T5253,Car27,2020-05-10 01:00:00.000,ZoneB,ZoneA,U093
T5254,Car29,2019-07-12 08:00:00.000,ZoneD,ZoneC,U104
T5255,Car18,2017-04-21 16:00:00.000,ZoneD,ZoneB,U013
T5256,Car04,2018-07-06 22:00:00.000,ZoneB,ZoneC,U155
T5257,Car20,2015-01-17 06:00:00.000,ZoneB,ZoneA,U078
T5258,Car05,2018-03-03 02:00:00.000,ZoneC,ZoneC,U117
T5259,Car14,2019-11-11 05:00:00.000,ZoneD,ZoneD,U145
T5260,Car09,2020-12-15 20:00:00.000,ZoneD,ZoneC,U154
T5261,Car21,2018-05-10 15:00:00.000,ZoneD,ZoneC,U106
T5262,Car18,2018-04-08 23:00:00.000,ZoneB,ZoneA,U042
T5263,Car08,2020-06-17 14:00:00.000,ZoneC,ZoneB,U121
T5264,Car03,2019-10-12 20:00:00.000,ZoneA,ZoneD,U028
T5265,Car26,2018-01-19 19:00:00.000,ZoneD,ZoneB,U160
T5266,Car10,2015-06-21 11:00:00.000,ZoneC,ZoneA,U123
T5267,Car29,2020-05-12 08:00:00.000,ZoneC,ZoneC,U065
T5268,Car26,2021-07-13 00:00:00.000,ZoneD,ZoneD,U135
T5269,Car18,2019-10-09 22:00:00.000,ZoneC,ZoneC,U125
T5270,Car01,2020-10-08 22:00:00.000,ZoneA,ZoneB,U048
T5271,Car18,2015-07-30 05:00:00.000,ZoneA,ZoneC,U012
T5272,Car12,2017-09-08 21:00:00.000,ZoneC,ZoneA,U105
T5273,Car24,2021-03-04 09:00:00.000,ZoneC,ZoneC,U051
T5274,Car28,2018-06-14 10:00:00.000,ZoneD,ZoneA,U109
T5275,Car01,2018-04-26 01:00:00.000,ZoneB,ZoneC,U120
T5276,Car09,2019-09-15 23:00:00.000,ZoneA,ZoneB,U069
T5277,Car06,2018-06-06 02:00:00.000,ZoneC,ZoneD,U098
T5278,Car14,2015-10-25 17:00:00.000,ZoneD,ZoneD,U109
T5279,Car20,2017-04-07 07:00:00.000,ZoneB,ZoneC,U065
T5280,Car26,2019-09-03 11:00:00.000,ZoneD,ZoneC,U090
T5281,Car22,2021-10-04 03:00:00.000,ZoneA,ZoneD,U040
T5282,Car26,2020-09-11 00:00:00.000,ZoneC,ZoneD,U154
T5283,Car03,2017-02-11 22:00:00.000,ZoneC,ZoneA,U118
T5284,Car28,2020-06-05 07:00:00.000,ZoneD,ZoneB,U055
T5285,Car27,2018-11-06 20:00:00.000,ZoneB,ZoneA,U064
T5286,Car08,2019-07-12 03:00:00.000,ZoneC,ZoneC,U019
T5288,Car24,2019-07-03 14:00:00.000,ZoneA,ZoneD,U070
T5289,Car04,2021-09-19 08:00:00.000,ZoneB,ZoneD,U160
T5290,Car28,2020-08-11 04:00:00.000,ZoneC,ZoneB,U113
T5291,Car23,2017-08-06 23:00:00.000,ZoneA,ZoneD,U092
T5292,Car24,2017-01-17 17:00:00.000,ZoneD,ZoneA,U023
T5293,Car29,2017-10-08 06:00:00.000,ZoneB,ZoneD,U067
T5294,Car23,2018-01-25 05:00:00.000,ZoneA,ZoneC,U090
T5295,Car28,2018-12-27 21:00:00.000,ZoneA,ZoneA,U022
T5296,Car26,2020-06-29 11:00:00.000,ZoneD,ZoneB,U081
T5297,Car22,2018-07-31 17:00:00.000,ZoneB,ZoneB,U125
T5298,Car01,2016-06-05 06:00:00.000,ZoneB,ZoneB,U100
T5299,Car15,2015-12-26 19:00:00.000,ZoneA,ZoneA,U027
T5300,Car11,2016-11-21 15:00:00.000,ZoneA,ZoneB,U079
T5301,Car28,2019-04-01 01:00:00.000,ZoneA,ZoneD,U034
T5302,Car26,2021-03-04 09:00:00.000,ZoneD,ZoneC,U154
T5303,Car01,2021-12-07 17:00:00.000,ZoneC,ZoneD,U140
T5304,Car09,2021-12-18 08:00:00.000,ZoneB,ZoneB,U013
T5305,Car05,2021-02-15 02:00:00.000,ZoneA,ZoneB,U142
T5306,Car02,2019-04-08 03:00:00.000,ZoneB,ZoneA,U027
T5307,Car20,2016-06-05 11:00:00.000,ZoneD,ZoneA,U043
T5308,Car03,2020-07-30 12:00:00.000,ZoneD,ZoneD,U124
T5309,Car05,2015-07-05 10:00:00.000,ZoneC,ZoneD,U047
T5310,Car27,2018-06-23 09:00:00.000,ZoneC,ZoneC,U145
T5311,Car23,2020-08-28 01:00:00.000,ZoneB,ZoneB,U149
T5312,Car29,2015-01-23 07:00:00.000,ZoneB,ZoneD,U153
T5313,Car28,2015-09-02 14:00:00.000,ZoneC,ZoneB,U155
T5314,Car22,2015-08-14 10:00:00.000,ZoneC,ZoneC,U088
T5315,Car15,2018-10-18 11:00:00.000,ZoneA,ZoneD,U083
T5316,Car13,2019-06-18 04:00:00.000,ZoneD,ZoneD,U013
T5317,Car14,2016-09-11 09:00:00.000,ZoneC,ZoneB,U061
T5318,Car05,2016-01-23 17:00:00.000,ZoneB,ZoneD,U148
T5319,Car14,2018-04-17 17:00:00.000,ZoneA,ZoneC,U140
T5320,Car30,2018-07-29 00:00:00.000,ZoneB,ZoneA,U015
T5321,Car01,2020-06-15 22:00:00.000,ZoneC,ZoneC,U156
T5322,Car15,2021-02-20 17:00:00.000,ZoneA,ZoneD,U107
T5323,Car30,2015-07-17 17:00:00.000,ZoneD,ZoneA,U162
T5324,Car11,2016-09-15 03:00:00.000,ZoneB,ZoneA,U013
T5325,Car01,2016-04-05 20:00:00.000,ZoneB,ZoneC,U110
T5326,Car08,2018-02-18 09:00:00.000,ZoneC,ZoneA,U029
T5327,Car10,2018-03-25 09:00:00.000,ZoneA,ZoneB,U062
T5328,Car28,2021-05-28 04:00:00.000,ZoneA,ZoneC,U147
T5329,Car21,2018-09-13 11:00:00.000,ZoneA,ZoneD,U016
T5330,Car21,2020-05-15 16:00:00.000,ZoneD,ZoneB,U146
T5331,Car24,2017-03-11 00:00:00.000,ZoneD,ZoneD,U085
T5332,Car22,2015-12-22 05:00:00.000,ZoneC,ZoneA,U070
T5333,Car26,2021-10-01 20:00:00.000,ZoneC,ZoneB,U096
T5334,Car08,2019-07-10 16:00:00.000,ZoneC,ZoneC,U124
T5335,Car10,2017-11-22 01:00:00.000,ZoneB,ZoneB,U095
T5336,Car07,2021-07-07 09:00:00.000,ZoneB,ZoneC,U154
T5337,Car13,2016-08-18 15:00:00.000,ZoneA,ZoneA,U108
T5338,Car18,2019-06-24 15:00:00.000,ZoneB,ZoneB,U034
T5339,Car15,2017-06-26 12:00:00.000,ZoneA,ZoneC,U044
T5340,Car13,2018-11-01 05:00:00.000,ZoneD,ZoneA,U046
T5341,Car05,2018-01-15 10:00:00.000,ZoneB,ZoneC,U129
T5342,Car28,2021-01-07 18:00:00.000,ZoneB,ZoneC,U067
T5343,Car09,2018-05-25 15:00:00.000,ZoneA,ZoneB,U162
T5344,Car19,2021-08-01 09:00:00.000,ZoneA,ZoneB,U096
T5345,Car16,2019-03-07 06:00:00.000,ZoneB,ZoneD,U075
T5346,Car10,2018-03-13 17:00:00.000,ZoneB,ZoneC,U101
T5347,Car08,2015-02-07 02:00:00.000,ZoneC,ZoneA,U025
T5348,Car21,2016-10-22 00:00:00.000,ZoneB,ZoneD,U101
T5349,Car02,2015-11-24 22:00:00.000,ZoneD,ZoneC,U103
T5350,Car12,2021-06-04 16:00:00.000,ZoneC,ZoneD,U135
T5351,Car28,2019-06-26 17:00:00.000,ZoneA,ZoneA,U151
T5352,Car24,2017-04-05 05:00:00.000,ZoneA,ZoneC,U054
T5353,Car19,2016-07-02 08:00:00.000,ZoneC,ZoneC,U157
T5354,Car02,2019-08-03 10:00:00.000,ZoneA,ZoneC,U119
T5355,Car29,2018-03-20 04:00:00.000,ZoneB,ZoneB,U124
T5356,Car17,2019-12-20 04:00:00.000,ZoneC,ZoneA,U080
T5357,Car09,2021-04-07 03:00:00.000,ZoneD,ZoneC,U077
T5358,Car01,2021-05-29 15:00:00.000,ZoneC,ZoneB,U146
T5359,Car30,2017-09-07 05:00:00.000,ZoneD,ZoneC,U050
T5360,Car03,2021-01-06 02:00:00.000,ZoneD,ZoneB,U115
T5361,Car21,2017-05-11 16:00:00.000,ZoneC,ZoneB,U123
T5362,Car15,2020-07-02 04:00:00.000,ZoneA,ZoneA,U068
T5363,Car15,2015-10-28 05:00:00.000,ZoneB,ZoneD,U086
T5364,Car29,2016-02-03 18:00:00.000,ZoneD,ZoneB,U084
T5365,Car13,2015-06-03 08:00:00.000,ZoneC,ZoneA,U117
T5366,Car01,2019-12-24 13:00:00.000,ZoneD,ZoneC,U095
T5367,Car14,2019-03-22 16:00:00.000,ZoneD,ZoneA,U035
T5368,Car02,2016-11-11 20:00:00.000,ZoneC,ZoneA,U038
T5369,Car26,2021-01-21 22:00:00.000,ZoneC,ZoneA,U041
T5370,Car11,2016-05-13 03:00:00.000,ZoneB,ZoneC,U117
T5371,Car15,2019-06-16 17:00:00.000,ZoneC,ZoneA,U027
T5372,Car14,2016-01-11 05:00:00.000,ZoneD,ZoneB,U037
T5373,Car18,2021-06-03 20:00:00.000,ZoneC,ZoneB,U162
T5375,Car05,2016-09-13 06:00:00.000,ZoneB,ZoneD,U093
T5376,Car09,2018-04-10 05:00:00.000,ZoneD,ZoneD,U078
T5377,Car07,2015-09-24 01:00:00.000,ZoneD,ZoneC,U102
T5378,Car21,2019-08-05 12:00:00.000,ZoneD,ZoneD,U050
T5379,Car10,2016-05-17 07:00:00.000,ZoneD,ZoneD,U015
T5381,Car07,2015-09-04 11:00:00.000,ZoneB,ZoneA,U103
T5382,Car23,2016-03-07 06:00:00.000,ZoneD,ZoneC,U046
T5383,Car19,2020-05-14 10:00:00.000,ZoneA,ZoneB,U011
T5384,Car15,2019-03-11 15:00:00.000,ZoneC,ZoneB,U154
T5385,Car02,2020-08-04 02:00:00.000,ZoneC,ZoneB,U021
T5386,Car29,2015-04-17 11:00:00.000,ZoneD,ZoneA,U014
T5387,Car13,2015-03-15 18:00:00.000,ZoneA,ZoneC,U152
T5388,Car08,2018-01-21 11:00:00.000,ZoneC,ZoneB,U100
T5389,Car24,2018-02-11 22:00:00.000,ZoneC,ZoneB,U149
T5390,Car24,2021-01-30 06:00:00.000,ZoneA,ZoneA,U127
T5391,Car10,2016-07-19 00:00:00.000,ZoneC,ZoneB,U154
T5392,Car13,2016-09-20 23:00:00.000,ZoneD,ZoneD,U161
T5393,Car07,2016-05-10 15:00:00.000,ZoneB,ZoneC,U082
T5394,Car01,2017-05-11 01:00:00.000,ZoneC,ZoneD,U061
T5395,Car26,2020-01-02 22:00:00.000,ZoneD,ZoneA,U154
T5396,Car09,2017-11-18 07:00:00.000,ZoneA,ZoneD,U157
T5397,Car01,2015-03-13 21:00:00.000,ZoneD,ZoneA,U158
T5398,Car21,2019-09-11 09:00:00.000,ZoneC,ZoneA,U138
T5399,Car08,2015-11-28 16:00:00.000,ZoneA,ZoneD,U048
T5400,Car26,2017-12-27 11:00:00.000,ZoneA,ZoneB,U025
T5401,Car13,2018-04-02 02:00:00.000,ZoneA,ZoneC,U115
T5402,Car10,2018-03-10 14:00:00.000,ZoneC,ZoneA,U126
T5403,Car12,2021-07-24 06:00:00.000,ZoneB,ZoneA,U107
T5404,Car07,2019-07-17 18:00:00.000,ZoneC,ZoneD,U102
T5405,Car25,2020-03-10 20:00:00.000,ZoneC,ZoneD,U150
T5406,Car26,2015-04-05 14:00:00.000,ZoneD,ZoneA,U080
T5407,Car29,2019-03-12 01:00:00.000,ZoneB,ZoneB,U053
T5408,Car29,2017-11-13 02:00:00.000,ZoneA,ZoneB,U017
T5409,Car23,2021-02-28 15:00:00.000,ZoneA,ZoneC,U022
T5410,Car18,2015-03-23 16:00:00.000,ZoneD,ZoneB,U011
T5411,Car24,2017-07-01 02:00:00.000,ZoneA,ZoneD,U081
T5412,Car06,2016-12-14 13:00:00.000,ZoneB,ZoneD,U048
T5413,Car02,2020-04-27 13:00:00.000,ZoneD,ZoneC,U160
T5414,Car13,2020-05-25 11:00:00.000,ZoneB,ZoneD,U015
T5415,Car20,2015-09-20 22:00:00.000,ZoneD,ZoneB,U070
T5416,Car16,2015-12-21 09:00:00.000,ZoneB,ZoneC,U019
T5417,Car30,2016-02-28 08:00:00.000,ZoneC,ZoneA,U113
T5418,Car12,2020-11-13 03:00:00.000,ZoneA,ZoneB,U151
T5419,Car25,2021-07-10 12:00:00.000,ZoneC,ZoneC,U022
T5420,Car26,2015-09-15 02:00:00.000,ZoneB,ZoneC,U125
T5421,Car05,2020-09-26 20:00:00.000,ZoneA,ZoneA,U054
T5422,Car23,2018-06-12 13:00:00.000,ZoneD,ZoneD,U118
T5423,Car22,2016-07-15 01:00:00.000,ZoneD,ZoneB,U083
T5424,Car27,2017-04-21 11:00:00.000,ZoneD,ZoneA,U022
T5425,Car20,2017-09-27 00:00:00.000,ZoneB,ZoneB,U026
T5426,Car25,2021-05-22 08:00:00.000,ZoneA,ZoneA,U040
T5427,Car16,2020-07-27 14:00:00.000,ZoneD,ZoneC,U107
T5428,Car20,2017-08-10 22:00:00.000,ZoneA,ZoneC,U115
T5429,Car01,2015-02-23 18:00:00.000,ZoneD,ZoneA,U097
T5430,Car15,2020-10-25 14:00:00.000,ZoneA,ZoneD,U086
T5431,Car21,2016-02-02 02:00:00.000,ZoneA,ZoneD,U121
T5432,Car05,2015-07-12 12:00:00.000,ZoneB,ZoneB,U137
T5433,Car14,2016-03-20 09:00:00.000,ZoneD,ZoneB,U127
T5434,Car10,2016-04-20 15:00:00.000,ZoneC,ZoneC,U050
T5435,Car19,2021-04-12 03:00:00.000,ZoneC,ZoneA,U014
T5436,Car03,2021-06-28 20:00:00.000,ZoneB,ZoneC,U097
T5437,Car19,2016-11-08 17:00:00.000,ZoneB,ZoneB,U062
T5438,Car23,2018-10-13 16:00:00.000,ZoneB,ZoneB,U044
T5439,Car19,2016-08-25 22:00:00.000,ZoneC,ZoneA,U024
T5440,Car02,2016-07-06 22:00:00.000,ZoneD,ZoneD,U137
T5441,Car25,2017-09-17 05:00:00.000,ZoneD,ZoneB,U063
T5442,Car09,2021-06-20 02:00:00.000,ZoneD,ZoneC,U071
T5443,Car03,2016-07-01 02:00:00.000,ZoneA,ZoneD,U032
T5444,Car18,2021-09-24 03:00:00.000,ZoneD,ZoneD,U028
T5445,Car02,2016-01-24 03:00:00.000,ZoneA,ZoneC,U101
T5447,Car20,2017-11-26 20:00:00.000,ZoneD,ZoneD,U158
T5448,Car03,2019-12-10 04:00:00.000,ZoneC,ZoneA,U137
T5449,Car26,2016-01-29 08:00:00.000,ZoneB,ZoneC,U133
T5450,Car08,2015-02-01 16:00:00.000,ZoneC,ZoneD,U018
T5451,Car13,2021-09-27 16:00:00.000,ZoneD,ZoneD,U134
T5452,Car24,2021-03-02 12:00:00.000,ZoneB,ZoneA,U110
T5453,Car30,2019-04-02 12:00:00.000,ZoneA,ZoneB,U121
T5454,Car01,2018-05-10 05:00:00.000,ZoneD,ZoneD,U136
T5455,Car14,2021-03-04 14:00:00.000,ZoneB,ZoneD,U054
T5456,Car23,2016-12-11 05:00:00.000,ZoneC,ZoneD,U090
T5457,Car26,2021-07-20 02:00:00.000,ZoneB,ZoneC,U150
T5458,Car19,2020-08-28 01:00:00.000,ZoneB,ZoneA,U081
T5459,Car11,2017-07-24 15:00:00.000,ZoneC,ZoneA,U013
T5460,Car17,2019-08-26 23:00:00.000,ZoneC,ZoneA,U045
T5461,Car26,2015-12-12 10:00:00.000,ZoneB,ZoneC,U099
T5462,Car27,2018-09-30 18:00:00.000,ZoneD,ZoneB,U052
T5463,Car22,2021-03-29 04:00:00.000,ZoneC,ZoneA,U156
T5464,Car20,2020-09-24 23:00:00.000,ZoneC,ZoneC,U150
T5465,Car10,2016-08-16 13:00:00.000,ZoneD,ZoneD,U081
T5466,Car12,2021-07-21 13:00:00.000,ZoneD,ZoneC,U130
T5467,Car16,2015-01-15 04:00:00.000,ZoneA,ZoneB,U049
T5468,Car17,2020-01-15 05:00:00.000,ZoneC,ZoneC,U034
T5469,Car08,2017-06-23 14:00:00.000,ZoneA,ZoneB,U044
T5470,Car22,2020-01-01 21:00:00.000,ZoneA,ZoneB,U098
T5472,Car11,2020-04-06 07:00:00.000,ZoneA,ZoneA,U049
T5473,Car01,2021-10-17 16:00:00.000,ZoneD,ZoneA,U071
T5474,Car09,2016-08-26 08:00:00.000,ZoneB,ZoneA,U069
T5475,Car17,2018-09-27 00:00:00.000,ZoneB,ZoneD,U147
T5476,Car29,2021-05-31 17:00:00.000,ZoneB,ZoneD,U088
T5477,Car14,2016-07-21 22:00:00.000,ZoneD,ZoneB,U156
T5478,Car10,2016-03-29 23:00:00.000,ZoneC,ZoneA,U156
T5480,Car03,2015-08-20 11:00:00.000,ZoneB,ZoneB,U083
T5481,Car21,2021-08-20 03:00:00.000,ZoneC,ZoneB,U115
T5482,Car26,2018-03-29 03:00:00.000,ZoneD,ZoneA,U157
T5483,Car01,2017-01-28 03:00:00.000,ZoneD,ZoneD,U077
T5484,Car14,2015-10-14 11:00:00.000,ZoneC,ZoneD,U068
T5485,Car26,2016-04-02 17:00:00.000,ZoneA,ZoneB,U155
T5486,Car28,2021-10-30 09:00:00.000,ZoneB,ZoneB,U153
T5487,Car24,2019-01-01 21:00:00.000,ZoneB,ZoneD,U095
T5488,Car28,2017-10-02 20:00:00.000,ZoneD,ZoneA,U060
T5489,Car01,2018-07-26 12:00:00.000,ZoneD,ZoneC,U118
T5490,Car15,2019-04-23 03:00:00.000,ZoneB,ZoneA,U075
T5491,Car29,2019-01-27 22:00:00.000,ZoneD,ZoneD,U083
T5492,Car26,2015-04-22 06:00:00.000,ZoneD,ZoneC,U070
T5493,Car24,2020-09-25 19:00:00.000,ZoneD,ZoneB,U152
T5494,Car06,2018-12-19 23:00:00.000,ZoneD,ZoneC,U015
T5495,Car25,2020-11-05 05:00:00.000,ZoneC,ZoneA,U147
T5496,Car12,2019-11-19 13:00:00.000,ZoneA,ZoneC,U117
T5497,Car29,2018-03-22 01:00:00.000,ZoneD,ZoneC,U063
T5498,Car25,2015-02-18 23:00:00.000,ZoneC,ZoneB,U027
T5499,Car23,2015-06-28 08:00:00.000,ZoneC,ZoneB,U098
T5500,Car13,2017-06-10 06:00:00.000,ZoneB,ZoneB,U116
T5501,Car27,2017-02-05 11:00:00.000,ZoneD,ZoneA,U084
T5502,Car02,2021-05-19 15:00:00.000,ZoneD,ZoneC,U016
T5503,Car13,2016-02-03 03:00:00.000,ZoneA,ZoneA,U080
T5504,Car13,2019-03-18 02:00:00.000,ZoneA,ZoneA,U023
T5505,Car21,2016-04-20 05:00:00.000,ZoneD,ZoneC,U157
T5506,Car06,2016-06-05 11:00:00.000,ZoneC,ZoneB,U041
T5507,Car06,2017-04-13 08:00:00.000,ZoneB,ZoneA,U036
T5508,Car06,2015-06-25 20:00:00.000,ZoneC,ZoneB,U159
T5509,Car10,2017-06-07 18:00:00.000,ZoneB,ZoneD,U117
T5510,Car25,2021-07-15 02:00:00.000,ZoneB,ZoneC,U059
T5511,Car10,2020-12-09 09:00:00.000,ZoneD,ZoneD,U153
T5512,Car20,2018-07-14 15:00:00.000,ZoneC,ZoneB,U129
T5513,Car16,2018-03-14 23:00:00.000,ZoneD,ZoneA,U080
T5514,Car07,2015-12-12 15:00:00.000,ZoneD,ZoneA,U083
T5515,Car25,2016-10-08 21:00:00.000,ZoneC,ZoneC,U041
T5516,Car15,2019-08-01 13:00:00.000,ZoneC,ZoneC,U026
T5517,Car26,2017-12-30 09:00:00.000,ZoneD,ZoneB,U055
T5518,Car24,2018-03-11 20:00:00.000,ZoneD,ZoneD,U040
T5519,Car05,2018-04-18 18:00:00.000,ZoneA,ZoneD,U020
T5520,Car06,2020-08-05 08:00:00.000,ZoneC,ZoneD,U077
T5521,Car11,2020-02-07 03:00:00.000,ZoneC,ZoneB,U112
T5522,Car20,2019-07-26 17:00:00.000,ZoneA,ZoneD,U112
T5523,Car02,2020-06-14 11:00:00.000,ZoneC,ZoneB,U109
T5524,Car19,2016-06-30 11:00:00.000,ZoneC,ZoneC,U099
T5525,Car03,2019-02-02 13:00:00.000,ZoneA,ZoneD,U079
T5526,Car04,2021-08-08 01:00:00.000,ZoneB,ZoneB,U091
T5527,Car17,2021-03-20 05:00:00.000,ZoneA,ZoneC,U105
T5528,Car04,2017-07-18 04:00:00.000,ZoneC,ZoneD,U153
T5529,Car14,2017-10-07 10:00:00.000,ZoneB,ZoneB,U073
T5530,Car17,2019-04-08 23:00:00.000,ZoneB,ZoneD,U155
T5531,Car18,2019-06-07 18:00:00.000,ZoneD,ZoneD,U142
T5532,Car05,2019-08-05 17:00:00.000,ZoneB,ZoneB,U092
T5533,Car20,2021-12-29 19:00:00.000,ZoneA,ZoneD,U139
T5534,Car09,2021-09-13 22:00:00.000,ZoneB,ZoneB,U105
T5535,Car27,2019-06-22 03:00:00.000,ZoneA,ZoneA,U149
T5536,Car03,2017-07-27 18:00:00.000,ZoneB,ZoneD,U028
T5537,Car15,2016-05-09 14:00:00.000,ZoneD,ZoneD,U152
T5538,Car19,2017-02-09 10:00:00.000,ZoneA,ZoneA,U137
T5539,Car15,2017-06-13 09:00:00.000,ZoneB,ZoneB,U161
T5540,Car07,2017-05-07 22:00:00.000,ZoneD,ZoneC,U064
T5541,Car14,2015-06-17 07:00:00.000,ZoneA,ZoneB,U040
T5542,Car03,2015-08-10 01:00:00.000,ZoneB,ZoneB,U076
T5543,Car15,2015-09-12 19:00:00.000,ZoneC,ZoneD,U060
T5544,Car14,2018-10-08 16:00:00.000,ZoneA,ZoneA,U040
T5545,Car05,2017-05-25 00:00:00.000,ZoneC,ZoneC,U132
T5546,Car25,2019-12-30 04:00:00.000,ZoneA,ZoneC,U069
T5547,Car28,2015-08-14 05:00:00.000,ZoneA,ZoneA,U018
T5548,Car18,2017-12-25 04:00:00.000,ZoneA,ZoneB,U050
T5549,Car09,2020-07-02 14:00:00.000,ZoneC,ZoneD,U127
T5550,Car21,2018-03-26 10:00:00.000,ZoneB,ZoneA,U162
T5551,Car07,2017-03-14 23:00:00.000,ZoneA,ZoneC,U071
T5552,Car04,2019-12-11 20:00:00.000,ZoneB,ZoneC,U044
T5553,Car27,2018-03-05 09:00:00.000,ZoneB,ZoneB,U148
T5554,Car17,2018-05-23 03:00:00.000,ZoneC,ZoneC,U061
T5555,Car02,2017-06-16 17:00:00.000,ZoneC,ZoneB,U124
T5556,Car22,2015-03-06 04:00:00.000,ZoneC,ZoneD,U122
T5557,Car17,2016-04-20 20:00:00.000,ZoneB,ZoneC,U092
T5558,Car02,2021-05-24 20:00:00.000,ZoneB,ZoneA,U102
T5559,Car25,2019-10-09 02:00:00.000,ZoneC,ZoneA,U058
T5560,Car11,2019-09-01 14:00:00.000,ZoneC,ZoneC,U051
T5561,Car28,2016-02-21 21:00:00.000,ZoneC,ZoneB,U150
T5562,Car05,2021-04-11 12:00:00.000,ZoneB,ZoneD,U097
T5563,Car30,2017-10-04 17:00:00.000,ZoneC,ZoneB,U067
T5564,Car09,2021-05-01 12:00:00.000,ZoneB,ZoneA,U077
T5565,Car09,2018-01-04 04:00:00.000,ZoneC,ZoneC,U032
T5566,Car25,2017-03-09 08:00:00.000,ZoneB,ZoneC,U063
T5567,Car01,2018-02-09 00:00:00.000,ZoneC,ZoneB,U049
T5568,Car11,2017-02-03 04:00:00.000,ZoneA,ZoneD,U140
T5569,Car07,2017-08-08 00:00:00.000,ZoneC,ZoneD,U013
T5570,Car16,2015-08-31 07:00:00.000,ZoneB,ZoneC,U016
T5571,Car15,2019-12-19 13:00:00.000,ZoneB,ZoneC,U133
T5572,Car06,2018-01-13 23:00:00.000,ZoneB,ZoneD,U158
T5573,Car08,2020-04-25 21:00:00.000,ZoneD,ZoneD,U127
T5574,Car13,2020-06-26 23:00:00.000,ZoneC,ZoneC,U131
T5575,Car18,2021-02-28 20:00:00.000,ZoneD,ZoneC,U105
T5576,Car06,2019-04-09 04:00:00.000,ZoneA,ZoneC,U062
T5577,Car29,2020-02-17 08:00:00.000,ZoneB,ZoneD,U124
T5578,Car29,2020-04-23 09:00:00.000,ZoneA,ZoneA,U128
T5579,Car03,2020-12-29 04:00:00.000,ZoneC,ZoneC,U127
T5580,Car12,2019-04-01 21:00:00.000,ZoneD,ZoneB,U127
T5581,Car12,2018-05-29 09:00:00.000,ZoneC,ZoneB,U076
T5582,Car04,2021-12-05 20:00:00.000,ZoneC,ZoneA,U047
T5583,Car29,2018-04-22 17:00:00.000,ZoneC,ZoneD,U140
T5584,Car30,2020-11-06 21:00:00.000,ZoneB,ZoneB,U136
T5585,Car16,2021-12-17 17:00:00.000,ZoneC,ZoneC,U056
T5586,Car24,2017-05-03 08:00:00.000,ZoneC,ZoneC,U112
T5587,Car24,2017-06-19 10:00:00.000,ZoneA,ZoneA,U161
T5589,Car07,2015-03-05 03:00:00.000,ZoneA,ZoneB,U043
T5590,Car25,2017-03-24 18:00:00.000,ZoneC,ZoneB,U144
T5591,Car15,2018-08-15 12:00:00.000,ZoneD,ZoneA,U080
T5592,Car06,2019-03-28 12:00:00.000,ZoneA,ZoneD,U066
T5593,Car20,2015-08-17 23:00:00.000,ZoneD,ZoneD,U161
T5594,Car22,2017-05-23 13:00:00.000,ZoneD,ZoneA,U051
T5595,Car21,2015-11-26 14:00:00.000,ZoneB,ZoneA,U036
T5596,Car30,2019-05-01 11:00:00.000,ZoneC,ZoneB,U139
T5597,Car21,2019-03-18 12:00:00.000,ZoneA,ZoneA,U137
T5598,Car18,2018-01-13 13:00:00.000,ZoneD,ZoneC,U158
T5599,Car09,2016-10-01 04:00:00.000,ZoneB,ZoneD,U154
T5600,Car07,2015-06-26 21:00:00.000,ZoneC,ZoneD,U126
T5601,Car17,2016-12-30 14:00:00.000,ZoneA,ZoneD,U082
T5602,Car03,2016-11-29 03:00:00.000,ZoneB,ZoneC,U132
T5603,Car04,2017-10-23 16:00:00.000,ZoneA,ZoneD,U081
T5604,Car27,2017-08-27 19:00:00.000,ZoneD,ZoneA,U106
T5605,Car05,2021-11-15 00:00:00.000,ZoneD,ZoneB,U121
T5606,Car06,2015-02-19 09:00:00.000,ZoneA,ZoneD,U111
T5607,Car26,2020-08-26 19:00:00.000,ZoneA,ZoneA,U065
T5608,Car16,2019-10-13 21:00:00.000,ZoneA,ZoneC,U131
T5609,Car26,2016-06-09 15:00:00.000,ZoneB,ZoneA,U092
T5610,Car10,2017-12-21 20:00:00.000,ZoneC,ZoneC,U059
T5611,Car15,2020-10-21 15:00:00.000,ZoneD,ZoneC,U111
T5612,Car04,2018-01-01 06:00:00.000,ZoneC,ZoneA,U023
T5613,Car30,2019-11-28 12:00:00.000,ZoneB,ZoneA,U160
T5614,Car16,2016-12-29 03:00:00.000,ZoneA,ZoneA,U035
T5615,Car22,2021-12-12 17:00:00.000,ZoneA,ZoneC,U055
T5616,Car03,2018-12-20 09:00:00.000,ZoneA,ZoneD,U050
T5617,Car26,2017-03-22 01:00:00.000,ZoneD,ZoneC,U123
T5618,Car05,2015-08-10 01:00:00.000,ZoneC,ZoneC,U023
T5619,Car01,2020-11-16 01:00:00.000,ZoneD,ZoneD,U079
T5620,Car28,2020-07-14 16:00:00.000,ZoneB,ZoneD,U085
T5621,Car05,2021-07-20 22:00:00.000,ZoneB,ZoneC,U135
T5622,Car25,2021-07-03 00:00:00.000,ZoneB,ZoneA,U133
T5623,Car26,2018-04-15 10:00:00.000,ZoneD,ZoneD,U019
T5624,Car09,2020-09-02 01:00:00.000,ZoneB,ZoneC,U133
T5625,Car04,2016-11-26 00:00:00.000,ZoneB,ZoneD,U020
T5626,Car07,2015-09-08 10:00:00.000,ZoneA,ZoneB,U115
T5627,Car09,2017-01-08 23:00:00.000,ZoneD,ZoneC,U041
T5628,Car05,2020-10-07 06:00:00.000,ZoneB,ZoneC,U144
T5629,Car02,2020-10-19 08:00:00.000,ZoneD,ZoneA,U050
T5630,Car25,2019-10-25 23:00:00.000,ZoneB,ZoneD,U022
T5631,Car25,2016-12-26 00:00:00.000,ZoneA,ZoneB,U016
T5632,Car30,2020-09-23 12:00:00.000,ZoneC,ZoneB,U150
T5633,Car19,2015-09-14 01:00:00.000,ZoneC,ZoneC,U155
T5634,Car08,2020-03-25 20:00:00.000,ZoneC,ZoneC,U026
T5635,Car18,2015-02-21 16:00:00.000,ZoneD,ZoneD,U046
T5636,Car24,2018-06-10 16:00:00.000,ZoneD,ZoneA,U162
T5637,Car25,2015-08-28 04:00:00.000,ZoneA,ZoneB,U113
T5638,Car09,2020-09-06 00:00:00.000,ZoneC,ZoneC,U132
T5639,Car19,2021-07-17 09:00:00.000,ZoneA,ZoneD,U083
T5640,Car10,2017-06-21 12:00:00.000,ZoneB,ZoneB,U055
T5641,Car30,2017-06-26 02:00:00.000,ZoneA,ZoneB,U162
T5642,Car17,2017-01-16 06:00:00.000,ZoneD,ZoneA,U085
T5643,Car28,2016-02-18 23:00:00.000,ZoneB,ZoneC,U150
T5644,Car01,2020-11-13 18:00:00.000,ZoneC,ZoneD,U136
T5645,Car15,2021-12-23 13:00:00.000,ZoneC,ZoneA,U083
T5646,Car24,2015-04-10 04:00:00.000,ZoneD,ZoneD,U119
T5647,Car05,2015-02-03 18:00:00.000,ZoneC,ZoneC,U126
T5648,Car30,2016-07-20 16:00:00.000,ZoneC,ZoneA,U114
T5649,Car26,2017-10-16 04:00:00.000,ZoneC,ZoneD,U091
T5650,Car04,2016-03-08 02:00:00.000,ZoneA,ZoneB,U099
T5651,Car23,2017-06-25 11:00:00.000,ZoneD,ZoneB,U149
T5652,Car13,2019-01-07 07:00:00.000,ZoneB,ZoneA,U088
T5653,Car14,2019-07-06 02:00:00.000,ZoneA,ZoneA,U072
T5654,Car21,2017-11-02 16:00:00.000,ZoneC,ZoneC,U117
T5655,Car18,2015-11-19 07:00:00.000,ZoneA,ZoneD,U046
T5656,Car11,2016-10-16 09:00:00.000,ZoneA,ZoneA,U091
T5658,Car01,2016-11-20 14:00:00.000,ZoneA,ZoneB,U131
T5659,Car16,2020-10-09 23:00:00.000,ZoneB,ZoneA,U096
T5660,Car04,2020-10-12 11:00:00.000,ZoneC,ZoneB,U042
T5661,Car30,2019-04-30 20:00:00.000,ZoneB,ZoneD,U120
T5662,Car29,2017-05-02 12:00:00.000,ZoneA,ZoneD,U076
T5663,Car27,2016-08-22 14:00:00.000,ZoneA,ZoneB,U130
T5664,Car02,2020-08-30 23:00:00.000,ZoneB,ZoneA,U081
T5665,Car30,2018-04-26 21:00:00.000,ZoneD,ZoneA,U077
T5666,Car03,2017-02-15 16:00:00.000,ZoneD,ZoneC,U049
T5667,Car21,2017-01-19 14:00:00.000,ZoneB,ZoneC,U040
T5668,Car26,2021-01-30 21:00:00.000,ZoneD,ZoneD,U039
T5669,Car07,2021-01-31 07:00:00.000,ZoneB,ZoneB,U150
T5670,Car29,2016-06-21 22:00:00.000,ZoneB,ZoneB,U063
T5671,Car29,2020-01-23 13:00:00.000,ZoneC,ZoneA,U050
T5672,Car27,2017-04-13 23:00:00.000,ZoneA,ZoneC,U036
T5673,Car17,2020-12-19 19:00:00.000,ZoneC,ZoneC,U059
T5674,Car21,2020-10-11 10:00:00.000,ZoneB,ZoneD,U013
T5675,Car01,2021-05-22 13:00:00.000,ZoneC,ZoneC,U072
T5676,Car20,2015-06-10 15:00:00.000,ZoneB,ZoneA,U139
T5677,Car24,2020-01-16 16:00:00.000,ZoneC,ZoneA,U066
T5678,Car14,2017-08-23 20:00:00.000,ZoneD,ZoneD,U108
T5679,Car15,2021-06-21 08:00:00.000,ZoneA,ZoneC,U029
T5680,Car13,2016-07-10 06:00:00.000,ZoneC,ZoneD,U078
T5681,Car01,2019-01-15 15:00:00.000,ZoneB,ZoneC,U105
T5682,Car13,2019-08-06 03:00:00.000,ZoneD,ZoneC,U051
T5684,Car25,2015-01-30 04:00:00.000,ZoneB,ZoneC,U131
T5685,Car11,2018-06-07 23:00:00.000,ZoneA,ZoneB,U102
T5686,Car09,2021-03-31 11:00:00.000,ZoneD,ZoneB,U133
T5687,Car06,2018-11-08 17:00:00.000,ZoneB,ZoneD,U095
T5688,Car29,2015-01-18 12:00:00.000,ZoneB,ZoneB,U045
T5689,Car24,2016-08-19 06:00:00.000,ZoneC,ZoneC,U099
T5690,Car01,2021-03-07 02:00:00.000,ZoneA,ZoneC,U108
T5691,Car10,2018-05-05 10:00:00.000,ZoneC,ZoneA,U049
T5692,Car23,2021-09-22 01:00:00.000,ZoneC,ZoneD,U123
T5693,Car01,2020-09-23 17:00:00.000,ZoneB,ZoneB,U059
T5694,Car02,2018-05-05 00:00:00.000,ZoneC,ZoneA,U108
T5695,Car30,2016-02-15 00:00:00.000,ZoneB,ZoneA,U097
T5696,Car23,2017-02-09 00:00:00.000,ZoneD,ZoneA,U123
T5697,Car04,2017-04-21 06:00:00.000,ZoneB,ZoneB,U160
T5698,Car01,2016-08-21 08:00:00.000,ZoneC,ZoneC,U144
T5700,Car07,2020-09-16 00:00:00.000,ZoneC,ZoneB,U104
T5701,Car01,2017-09-18 06:00:00.000,ZoneA,ZoneB,U024
T5702,Car21,2016-12-02 16:00:00.000,ZoneB,ZoneB,U054
T5703,Car24,2021-10-15 14:00:00.000,ZoneB,ZoneA,U115
T5704,Car20,2015-08-25 01:00:00.000,ZoneB,ZoneA,U047
T5705,Car03,2019-12-19 08:00:00.000,ZoneB,ZoneC,U131
T5706,Car04,2017-01-10 20:00:00.000,ZoneB,ZoneD,U074
T5707,Car09,2015-07-25 05:00:00.000,ZoneA,ZoneB,U033
T5708,Car10,2019-05-20 10:00:00.000,ZoneB,ZoneB,U079
T5709,Car16,2018-06-02 13:00:00.000,ZoneA,ZoneB,U077
T5710,Car10,2019-12-31 05:00:00.000,ZoneD,ZoneD,U114
T5711,Car17,2018-10-16 04:00:00.000,ZoneC,ZoneA,U012
T5712,Car25,2018-08-01 13:00:00.000,ZoneA,ZoneD,U133
T5713,Car17,2017-10-24 12:00:00.000,ZoneB,ZoneD,U069
T5714,Car06,2021-02-15 22:00:00.000,ZoneC,ZoneA,U045
T5715,Car21,2019-04-07 12:00:00.000,ZoneD,ZoneC,U034
T5716,Car16,2018-08-11 03:00:00.000,ZoneC,ZoneD,U103
T5717,Car12,2015-08-19 00:00:00.000,ZoneC,ZoneA,U063
T5718,Car22,2020-10-10 14:00:00.000,ZoneB,ZoneB,U138
T5719,Car28,2016-03-23 12:00:00.000,ZoneA,ZoneA,U079
T5720,Car12,2018-10-20 23:00:00.000,ZoneC,ZoneD,U010
T5721,Car02,2021-09-25 04:00:00.000,ZoneD,ZoneC,U107
T5722,Car10,2018-08-27 19:00:00.000,ZoneA,ZoneA,U120
T5723,Car29,2015-12-22 00:00:00.000,ZoneD,ZoneC,U126
T5724,Car15,2020-02-06 02:00:00.000,ZoneC,ZoneB,U138
T5725,Car23,2019-06-06 22:00:00.000,ZoneB,ZoneC,U144
T5726,Car11,2018-04-21 16:00:00.000,ZoneB,ZoneA,U069
T5727,Car27,2017-03-28 22:00:00.000,ZoneD,ZoneC,U115
T5728,Car23,2021-04-03 09:00:00.000,ZoneC,ZoneA,U081
T5729,Car30,2017-11-02 01:00:00.000,ZoneD,ZoneB,U133
T5730,Car11,2020-03-21 11:00:00.000,ZoneC,ZoneB,U072
T5731,Car17,2019-03-28 07:00:00.000,ZoneC,ZoneC,U098
T5732,Car08,2021-08-16 14:00:00.000,ZoneA,ZoneD,U124
T5733,Car08,2021-01-22 23:00:00.000,ZoneC,ZoneA,U063
T5734,Car27,2020-03-17 22:00:00.000,ZoneA,ZoneC,U075
T5735,Car28,2021-07-23 00:00:00.000,ZoneC,ZoneB,U147
T5736,Car12,2016-06-11 17:00:00.000,ZoneA,ZoneA,U154
T5737,Car29,2016-08-20 02:00:00.000,ZoneA,ZoneC,U142
T5738,Car17,2021-12-09 19:00:00.000,ZoneB,ZoneC,U014
T5739,Car13,2021-01-17 23:00:00.000,ZoneA,ZoneD,U113
T5740,Car08,2016-01-12 21:00:00.000,ZoneA,ZoneC,U040
T5741,Car10,2019-08-03 05:00:00.000,ZoneC,ZoneB,U146
T5742,Car25,2016-12-18 07:00:00.000,ZoneD,ZoneA,U020
T5743,Car22,2020-10-01 10:00:00.000,ZoneC,ZoneB,U114
T5744,Car17,2020-11-21 16:00:00.000,ZoneC,ZoneA,U067
T5745,Car27,2018-07-23 04:00:00.000,ZoneD,ZoneA,U140
T5746,Car03,2021-01-01 07:00:00.000,ZoneC,ZoneD,U049
T5747,Car22,2021-05-27 08:00:00.000,ZoneD,ZoneB,U131
T5748,Car18,2018-11-11 15:00:00.000,ZoneB,ZoneC,U074
T5749,Car09,2016-11-21 05:00:00.000,ZoneA,ZoneB,U119
T5750,Car30,2017-12-23 22:00:00.000,ZoneB,ZoneA,U061
T5751,Car07,2020-05-07 13:00:00.000,ZoneD,ZoneB,U086
T5752,Car02,2015-11-06 14:00:00.000,ZoneC,ZoneA,U070
T5753,Car30,2016-10-09 17:00:00.000,ZoneA,ZoneC,U053
T5754,Car26,2021-01-29 20:00:00.000,ZoneD,ZoneB,U080
T5755,Car10,2018-04-03 13:00:00.000,ZoneB,ZoneA,U045
T5756,Car08,2017-06-24 10:00:00.000,ZoneA,ZoneD,U052
T5757,Car22,2015-05-25 14:00:00.000,ZoneC,ZoneA,U126
T5758,Car24,2015-12-19 07:00:00.000,ZoneC,ZoneA,U136
T5759,Car19,2015-04-05 14:00:00.000,ZoneA,ZoneC,U088
T5760,Car13,2020-09-21 05:00:00.000,ZoneB,ZoneD,U092
T5761,Car04,2016-04-19 09:00:00.000,ZoneA,ZoneA,U054
T6814,Car07,2019-03-05 04:00:00.000,ZoneB,ZoneA,U124
T6815,Car13,2020-11-22 02:00:00.000,ZoneD,ZoneC,U148
T6816,Car16,2015-04-08 07:00:00.000,ZoneD,ZoneC,U131
T6817,Car16,2021-06-07 09:00:00.000,ZoneA,ZoneB,U081
T6818,Car04,2015-05-21 20:00:00.000,ZoneB,ZoneD,U107
T6819,Car02,2015-06-04 19:00:00.000,ZoneB,ZoneC,U017
T6820,Car22,2018-08-31 18:00:00.000,ZoneB,ZoneA,U084
T6821,Car24,2016-01-26 15:00:00.000,ZoneC,ZoneD,U157
T6823,Car08,2017-09-22 10:00:00.000,ZoneD,ZoneA,U056
T6824,Car28,2015-02-12 02:00:00.000,ZoneB,ZoneB,U021
T6825,Car30,2020-12-20 20:00:00.000,ZoneC,ZoneD,U104
T6826,Car02,2018-09-04 12:00:00.000,ZoneA,ZoneA,U128
T6827,Car17,2017-11-19 23:00:00.000,ZoneD,ZoneB,U139
T6828,Car21,2020-02-09 20:00:00.000,ZoneA,ZoneD,U077
T6829,Car20,2015-12-09 12:00:00.000,ZoneC,ZoneA,U071
T6830,Car09,2015-11-05 03:00:00.000,ZoneD,ZoneA,U050
T6831,Car11,2017-02-15 01:00:00.000,ZoneB,ZoneC,U029
T6832,Car11,2021-05-07 03:00:00.000,ZoneB,ZoneB,U054
T6833,Car30,2020-11-06 16:00:00.000,ZoneA,ZoneA,U081
T6834,Car09,2016-05-30 10:00:00.000,ZoneA,ZoneA,U016
T6835,Car28,2015-04-26 00:00:00.000,ZoneA,ZoneC,U135
T6836,Car23,2020-09-01 05:00:00.000,ZoneC,ZoneB,U088
T6837,Car09,2017-07-10 21:00:00.000,ZoneD,ZoneC,U059
T6838,Car28,2020-07-29 06:00:00.000,ZoneC,ZoneC,U159
T6839,Car19,2020-07-30 07:00:00.000,ZoneD,ZoneB,U113
T6840,Car04,2015-04-09 18:00:00.000,ZoneC,ZoneB,U152
T6841,Car24,2018-06-30 06:00:00.000,ZoneA,ZoneC,U015
T6842,Car01,2018-11-02 16:00:00.000,ZoneB,ZoneD,U109
T6843,Car07,2020-04-27 13:00:00.000,ZoneC,ZoneB,U063
T6844,Car18,2020-01-25 10:00:00.000,ZoneA,ZoneD,U151
T6845,Car03,2017-08-28 20:00:00.000,ZoneA,ZoneA,U045
T6846,Car09,2016-02-14 04:00:00.000,ZoneA,ZoneA,U022
T6847,Car06,2016-07-23 19:00:00.000,ZoneD,ZoneC,U095
T6848,Car07,2016-12-11 00:00:00.000,ZoneB,ZoneB,U047
T6849,Car23,2020-10-14 03:00:00.000,ZoneD,ZoneC,U033
T6850,Car29,2019-06-16 22:00:00.000,ZoneC,ZoneD,U154
T6851,Car08,2016-04-25 10:00:00.000,ZoneD,ZoneB,U043
T6852,Car25,2019-08-11 03:00:00.000,ZoneC,ZoneC,U010
T6853,Car12,2017-02-09 20:00:00.000,ZoneB,ZoneD,U142
T6854,Car29,2015-11-27 00:00:00.000,ZoneD,ZoneC,U041
T6855,Car21,2021-03-18 03:00:00.000,ZoneD,ZoneD,U026
T6856,Car25,2021-04-08 04:00:00.000,ZoneA,ZoneB,U020
T6857,Car06,2017-08-01 03:00:00.000,ZoneB,ZoneB,U025
T6858,Car10,2016-10-09 07:00:00.000,ZoneD,ZoneA,U036
T6859,Car29,2019-03-22 21:00:00.000,ZoneB,ZoneD,U061
T6860,Car10,2017-09-18 01:00:00.000,ZoneB,ZoneD,U078
T6861,Car08,2021-11-21 11:00:00.000,ZoneA,ZoneB,U052
T6862,Car24,2020-05-08 19:00:00.000,ZoneB,ZoneD,U071
T6863,Car22,2021-04-26 07:00:00.000,ZoneC,ZoneC,U135
T6864,Car03,2016-01-09 13:00:00.000,ZoneD,ZoneD,U076
T6865,Car30,2020-01-06 06:00:00.000,ZoneB,ZoneB,U049
T6866,Car11,2020-01-09 19:00:00.000,ZoneB,ZoneD,U035
T6867,Car06,2016-11-29 18:00:00.000,ZoneD,ZoneD,U048
T6868,Car29,2018-05-16 06:00:00.000,ZoneA,ZoneA,U010
T6869,Car08,2019-11-29 18:00:00.000,ZoneB,ZoneD,U121
T6870,Car08,2021-04-24 20:00:00.000,ZoneC,ZoneA,U091
T6871,Car01,2016-01-24 18:00:00.000,ZoneD,ZoneB,U091
T6872,Car20,2019-05-02 02:00:00.000,ZoneB,ZoneD,U120
T6873,Car03,2020-11-28 13:00:00.000,ZoneD,ZoneD,U090
T6874,Car11,2016-08-01 03:00:00.000,ZoneA,ZoneA,U086
T6875,Car24,2018-12-06 20:00:00.000,ZoneC,ZoneA,U012
T6876,Car10,2016-07-22 08:00:00.000,ZoneD,ZoneB,U140
T6877,Car16,2016-04-02 02:00:00.000,ZoneA,ZoneD,U139
T6878,Car26,2018-10-24 12:00:00.000,ZoneB,ZoneA,U143
T6879,Car23,2020-07-26 18:00:00.000,ZoneB,ZoneC,U080
T6880,Car05,2015-05-01 00:00:00.000,ZoneB,ZoneB,U083
T6881,Car18,2015-03-24 02:00:00.000,ZoneA,ZoneC,U134
T6882,Car24,2021-07-03 00:00:00.000,ZoneA,ZoneD,U054
T6883,Car13,2020-07-26 03:00:00.000,ZoneD,ZoneC,U094
T6884,Car17,2016-03-03 07:00:00.000,ZoneD,ZoneC,U067
T6885,Car04,2015-01-30 14:00:00.000,ZoneC,ZoneB,U093
T6886,Car11,2019-04-28 18:00:00.000,ZoneA,ZoneB,U054
T6887,Car06,2017-05-10 20:00:00.000,ZoneD,ZoneA,U030
T6888,Car28,2019-04-03 08:00:00.000,ZoneA,ZoneC,U111
T6889,Car10,2015-12-08 11:00:00.000,ZoneB,ZoneB,U026
T6890,Car20,2020-02-21 02:00:00.000,ZoneD,ZoneB,U081
T6891,Car19,2017-11-25 19:00:00.000,ZoneC,ZoneB,U041
T6892,Car11,2020-07-06 03:00:00.000,ZoneC,ZoneB,U147
T6893,Car24,2020-03-22 07:00:00.000,ZoneC,ZoneC,U120
T6894,Car23,2018-01-14 14:00:00.000,ZoneD,ZoneA,U031
T6895,Car09,2020-10-16 10:00:00.000,ZoneB,ZoneD,U069
T6896,Car19,2017-01-23 08:00:00.000,ZoneB,ZoneD,U063
T6897,Car29,2016-08-30 02:00:00.000,ZoneD,ZoneA,U082
T6898,Car12,2017-10-12 05:00:00.000,ZoneA,ZoneC,U051
T6899,Car05,2020-06-29 21:00:00.000,ZoneB,ZoneD,U124
T6900,Car24,2021-11-03 23:00:00.000,ZoneD,ZoneD,U117
T6901,Car23,2021-06-18 10:00:00.000,ZoneB,ZoneD,U082
T6902,Car02,2019-01-17 07:00:00.000,ZoneD,ZoneD,U122
T6903,Car20,2020-04-29 05:00:00.000,ZoneC,ZoneB,U072
T6904,Car25,2020-01-08 03:00:00.000,ZoneB,ZoneC,U075
T6906,Car06,2019-03-08 12:00:00.000,ZoneB,ZoneA,U041
T6907,Car11,2015-05-12 11:00:00.000,ZoneC,ZoneB,U015
T6908,Car20,2020-10-15 04:00:00.000,ZoneC,ZoneA,U016
T6909,Car22,2021-06-14 11:00:00.000,ZoneC,ZoneD,U075
T6910,Car16,2018-09-09 17:00:00.000,ZoneA,ZoneA,U094
T6911,Car19,2019-07-12 23:00:00.000,ZoneD,ZoneC,U044
T6912,Car01,2015-10-01 08:00:00.000,ZoneC,ZoneC,U102
T6913,Car11,2021-09-17 21:00:00.000,ZoneB,ZoneD,U112
T6914,Car12,2021-03-14 14:00:00.000,ZoneB,ZoneA,U129
T6915,Car21,2017-10-28 01:00:00.000,ZoneD,ZoneA,U025
T6916,Car23,2019-12-30 14:00:00.000,ZoneC,ZoneB,U011
T6917,Car15,2021-11-21 21:00:00.000,ZoneA,ZoneB,U140
T6918,Car23,2018-08-06 18:00:00.000,ZoneA,ZoneD,U096
T6919,Car09,2018-07-20 11:00:00.000,ZoneD,ZoneB,U029
T6920,Car20,2018-08-08 00:00:00.000,ZoneB,ZoneD,U035
T6921,Car26,2021-11-23 18:00:00.000,ZoneD,ZoneD,U160
T6922,Car07,2018-03-29 08:00:00.000,ZoneC,ZoneC,U037
T6923,Car23,2021-10-27 11:00:00.000,ZoneB,ZoneB,U036
T6924,Car21,2016-10-18 01:00:00.000,ZoneA,ZoneD,U047
T6926,Car09,2020-12-18 18:00:00.000,ZoneA,ZoneD,U140
T6928,Car07,2018-07-18 04:00:00.000,ZoneB,ZoneA,U124
T6929,Car10,2017-03-12 16:00:00.000,ZoneC,ZoneB,U068
T6930,Car16,2021-03-12 17:00:00.000,ZoneC,ZoneC,U064
T6931,Car20,2016-01-06 05:00:00.000,ZoneD,ZoneB,U062
T6932,Car04,2020-12-02 07:00:00.000,ZoneA,ZoneD,U073
T6933,Car02,2021-06-21 08:00:00.000,ZoneB,ZoneB,U057
T6934,Car19,2020-07-17 14:00:00.000,ZoneB,ZoneB,U098
T6935,Car22,2021-02-07 04:00:00.000,ZoneC,ZoneA,U014
T6936,Car08,2016-07-05 01:00:00.000,ZoneC,ZoneB,U158
T6937,Car15,2017-03-24 13:00:00.000,ZoneB,ZoneD,U131
T6938,Car06,2021-04-15 06:00:00.000,ZoneC,ZoneC,U027
T6939,Car16,2016-04-18 08:00:00.000,ZoneB,ZoneA,U013
T6940,Car01,2017-03-18 22:00:00.000,ZoneB,ZoneA,U065
T6941,Car27,2019-09-28 21:00:00.000,ZoneC,ZoneA,U155
T6942,Car02,2017-08-14 11:00:00.000,ZoneA,ZoneA,U069
T6944,Car27,2021-09-10 19:00:00.000,ZoneA,ZoneD,U125
T6945,Car22,2016-03-12 16:00:00.000,ZoneD,ZoneA,U024
T6946,Car06,2020-06-03 05:00:00.000,ZoneB,ZoneA,U019
T6947,Car29,2019-10-16 04:00:00.000,ZoneB,ZoneA,U035
T6948,Car12,2020-11-14 04:00:00.000,ZoneC,ZoneD,U053
T6949,Car16,2017-03-27 11:00:00.000,ZoneA,ZoneC,U126
T6950,Car08,2015-07-18 03:00:00.000,ZoneD,ZoneB,U098
T6951,Car27,2017-02-06 02:00:00.000,ZoneD,ZoneB,U012
T6952,Car16,2021-05-26 12:00:00.000,ZoneC,ZoneB,U075
T6953,Car17,2019-04-22 22:00:00.000,ZoneB,ZoneC,U121
T6954,Car10,2021-05-20 01:00:00.000,ZoneD,ZoneD,U145
T6955,Car12,2018-11-04 13:00:00.000,ZoneB,ZoneC,U023
T6957,Car18,2018-12-24 08:00:00.000,ZoneB,ZoneC,U109
T6958,Car11,2018-03-14 03:00:00.000,ZoneB,ZoneB,U024
T6959,Car24,2021-09-22 16:00:00.000,ZoneD,ZoneC,U049
T6960,Car23,2017-09-06 19:00:00.000,ZoneC,ZoneC,U074
T6961,Car05,2020-02-07 13:00:00.000,ZoneC,ZoneD,U059
T6962,Car02,2017-12-16 05:00:00.000,ZoneC,ZoneA,U085
T6963,Car28,2015-01-03 02:00:00.000,ZoneD,ZoneB,U037
T6964,Car12,2018-02-16 17:00:00.000,ZoneA,ZoneD,U137
T6965,Car16,2016-04-03 08:00:00.000,ZoneD,ZoneC,U039
T6966,Car28,2020-12-18 13:00:00.000,ZoneB,ZoneD,U092
T6967,Car27,2018-03-24 23:00:00.000,ZoneA,ZoneC,U049
T6968,Car12,2021-01-07 03:00:00.000,ZoneD,ZoneC,U161
T6969,Car22,2019-08-01 08:00:00.000,ZoneB,ZoneA,U018
T6970,Car20,2020-05-11 12:00:00.000,ZoneB,ZoneD,U133
T6971,Car26,2019-05-17 22:00:00.000,ZoneC,ZoneC,U081
T6972,Car19,2017-04-08 18:00:00.000,ZoneA,ZoneB,U128
T6973,Car28,2020-03-20 05:00:00.000,ZoneD,ZoneB,U086
T6974,Car21,2021-08-03 11:00:00.000,ZoneB,ZoneD,U066
T6975,Car14,2021-06-21 08:00:00.000,ZoneB,ZoneA,U161
T6976,Car13,2018-06-21 22:00:00.000,ZoneB,ZoneB,U125
T6977,Car09,2020-02-13 04:00:00.000,ZoneA,ZoneC,U042
T6978,Car16,2015-07-31 01:00:00.000,ZoneA,ZoneD,U137
T6979,Car25,2019-07-07 13:00:00.000,ZoneB,ZoneC,U040
T6980,Car07,2019-02-05 21:00:00.000,ZoneB,ZoneC,U049
T6981,Car26,2018-06-03 19:00:00.000,ZoneB,ZoneD,U117
T6982,Car03,2018-12-01 15:00:00.000,ZoneD,ZoneD,U157
T6983,Car02,2021-07-05 02:00:00.000,ZoneC,ZoneA,U093
T6984,Car30,2020-05-05 06:00:00.000,ZoneB,ZoneB,U072
T6985,Car03,2021-11-17 12:00:00.000,ZoneB,ZoneD,U030
T6986,Car06,2021-12-05 00:00:00.000,ZoneB,ZoneD,U075
T6987,Car21,2016-12-26 10:00:00.000,ZoneA,ZoneA,U077
T6988,Car06,2017-09-08 16:00:00.000,ZoneC,ZoneA,U071
T6989,Car16,2017-06-05 01:00:00.000,ZoneD,ZoneD,U048
T6990,Car29,2017-09-02 20:00:00.000,ZoneA,ZoneC,U019
T6991,Car15,2021-08-10 23:00:00.000,ZoneC,ZoneC,U117
T6992,Car22,2018-03-02 11:00:00.000,ZoneD,ZoneC,U091
T6993,Car14,2016-12-11 20:00:00.000,ZoneD,ZoneD,U124
T6994,Car26,2020-07-01 13:00:00.000,ZoneA,ZoneB,U157
T6995,Car12,2015-04-19 18:00:00.000,ZoneC,ZoneD,U136
T6996,Car28,2021-10-28 22:00:00.000,ZoneB,ZoneA,U010
T6997,Car11,2016-10-16 04:00:00.000,ZoneA,ZoneC,U048
T6998,Car04,2017-06-17 18:00:00.000,ZoneA,ZoneD,U113
T6999,Car21,2016-09-22 05:00:00.000,ZoneD,ZoneC,U064
T7000,Car27,2018-04-06 11:00:00.000,ZoneC,ZoneC,U117
T7001,Car05,2017-09-09 17:00:00.000,ZoneC,ZoneD,U028
T7002,Car15,2017-09-03 21:00:00.000,ZoneA,ZoneA,U073
T7003,Car28,2016-12-03 12:00:00.000,ZoneB,ZoneA,U119
T7004,Car12,2015-06-10 15:00:00.000,ZoneC,ZoneB,U089
T7005,Car18,2021-06-23 10:00:00.000,ZoneB,ZoneD,U154
T7006,Car14,2019-08-26 08:00:00.000,ZoneD,ZoneD,U095
T7007,Car02,2015-09-29 06:00:00.000,ZoneA,ZoneC,U084
T7008,Car23,2019-03-20 04:00:00.000,ZoneB,ZoneB,U154
T7009,Car08,2019-06-15 11:00:00.000,ZoneC,ZoneD,U132
T7010,Car20,2016-07-21 22:00:00.000,ZoneB,ZoneB,U092
T7011,Car16,2015-04-26 00:00:00.000,ZoneA,ZoneC,U069
T7012,Car13,2020-01-31 11:00:00.000,ZoneB,ZoneA,U138
T7013,Car26,2016-03-02 11:00:00.000,ZoneD,ZoneD,U016
T7014,Car02,2021-05-31 22:00:00.000,ZoneA,ZoneB,U161
T7015,Car09,2015-01-13 02:00:00.000,ZoneC,ZoneB,U120
T7016,Car17,2021-07-25 12:00:00.000,ZoneB,ZoneB,U034
T7017,Car22,2016-12-26 10:00:00.000,ZoneC,ZoneC,U125
T7018,Car13,2016-07-08 19:00:00.000,ZoneB,ZoneD,U157
T7019,Car05,2019-07-13 14:00:00.000,ZoneC,ZoneB,U110
T7020,Car06,2018-08-13 05:00:00.000,ZoneA,ZoneB,U054
T7021,Car02,2019-05-25 15:00:00.000,ZoneA,ZoneC,U015
T7022,Car10,2016-05-04 09:00:00.000,ZoneA,ZoneA,U035
T7023,Car09,2018-01-05 05:00:00.000,ZoneD,ZoneA,U044
T7024,Car20,2015-02-22 12:00:00.000,ZoneA,ZoneB,U075
T7025,Car18,2019-09-24 12:00:00.000,ZoneD,ZoneD,U143
T7026,Car10,2016-05-02 07:00:00.000,ZoneC,ZoneD,U138
T7027,Car28,2017-04-24 19:00:00.000,ZoneD,ZoneB,U085
T7028,Car17,2019-06-29 15:00:00.000,ZoneB,ZoneC,U161
T7029,Car05,2020-03-17 22:00:00.000,ZoneB,ZoneB,U035
T7030,Car05,2017-10-21 09:00:00.000,ZoneA,ZoneC,U071
T7032,Car13,2020-01-05 20:00:00.000,ZoneC,ZoneA,U011
T7033,Car16,2018-06-04 15:00:00.000,ZoneC,ZoneA,U128
T7034,Car17,2020-08-11 19:00:00.000,ZoneB,ZoneD,U117
T7035,Car29,2021-10-28 02:00:00.000,ZoneC,ZoneC,U019
T7036,Car21,2020-09-23 07:00:00.000,ZoneB,ZoneD,U098
T7037,Car25,2017-09-22 00:00:00.000,ZoneC,ZoneA,U099
T7038,Car29,2017-06-05 11:00:00.000,ZoneD,ZoneD,U082
T7039,Car29,2017-05-10 00:00:00.000,ZoneC,ZoneC,U101
T7040,Car12,2020-08-08 16:00:00.000,ZoneB,ZoneA,U025
T7041,Car07,2016-12-25 09:00:00.000,ZoneA,ZoneB,U111
T7042,Car01,2021-01-26 12:00:00.000,ZoneC,ZoneC,U069
T7043,Car05,2016-05-29 04:00:00.000,ZoneD,ZoneB,U147
T7044,Car08,2015-11-14 17:00:00.000,ZoneA,ZoneA,U116
T7045,Car18,2021-01-26 12:00:00.000,ZoneC,ZoneB,U122
T7046,Car16,2016-05-28 18:00:00.000,ZoneD,ZoneD,U123
T7047,Car13,2016-12-30 19:00:00.000,ZoneC,ZoneC,U158
T7048,Car05,2017-11-23 02:00:00.000,ZoneD,ZoneA,U010
T7049,Car11,2017-04-19 04:00:00.000,ZoneA,ZoneD,U078
T7050,Car15,2015-06-05 15:00:00.000,ZoneC,ZoneC,U066
T7051,Car18,2015-02-22 12:00:00.000,ZoneC,ZoneA,U015
T7052,Car04,2017-01-26 21:00:00.000,ZoneC,ZoneA,U122
T7054,Car12,2020-07-03 05:00:00.000,ZoneD,ZoneB,U145
T7057,Car07,2021-09-13 22:00:00.000,ZoneD,ZoneD,U055
T7058,Car18,2019-01-25 05:00:00.000,ZoneC,ZoneA,U026
T7059,Car27,2017-04-21 01:00:00.000,ZoneC,ZoneD,U107
T7060,Car22,2021-03-25 10:00:00.000,ZoneC,ZoneB,U103
T7061,Car17,2015-07-14 14:00:00.000,ZoneD,ZoneB,U070
T7062,Car05,2018-04-12 22:00:00.000,ZoneA,ZoneC,U106
T7063,Car19,2018-03-02 06:00:00.000,ZoneA,ZoneC,U014
T7064,Car15,2020-03-15 05:00:00.000,ZoneA,ZoneB,U101
T7065,Car01,2019-08-11 18:00:00.000,ZoneB,ZoneC,U107
T7066,Car01,2016-01-13 12:00:00.000,ZoneD,ZoneC,U048
T7067,Car27,2015-08-26 17:00:00.000,ZoneA,ZoneB,U075
T7069,Car22,2021-10-14 23:00:00.000,ZoneD,ZoneB,U152
T7070,Car27,2019-10-11 04:00:00.000,ZoneA,ZoneB,U111
T7071,Car17,2019-07-24 10:00:00.000,ZoneA,ZoneC,U105
T7072,Car10,2019-01-23 13:00:00.000,ZoneA,ZoneD,U054
T7073,Car28,2015-11-18 11:00:00.000,ZoneB,ZoneD,U149
T7074,Car10,2018-06-24 20:00:00.000,ZoneB,ZoneC,U131
T7075,Car27,2017-10-25 08:00:00.000,ZoneC,ZoneB,U016
T7076,Car10,2020-10-27 01:00:00.000,ZoneC,ZoneB,U135
T7077,Car23,2017-09-20 23:00:00.000,ZoneA,ZoneC,U117
T7078,Car24,2016-07-26 12:00:00.000,ZoneB,ZoneB,U140
T7079,Car15,2015-08-11 17:00:00.000,ZoneC,ZoneB,U039
T7080,Car11,2015-10-29 06:00:00.000,ZoneD,ZoneB,U128
T7081,Car29,2018-02-22 13:00:00.000,ZoneD,ZoneA,U018
T7082,Car01,2021-01-29 10:00:00.000,ZoneB,ZoneB,U154
T7083,Car26,2020-11-07 02:00:00.000,ZoneB,ZoneC,U019
T7084,Car25,2019-03-07 06:00:00.000,ZoneD,ZoneD,U032
T7085,Car13,2018-05-29 04:00:00.000,ZoneB,ZoneD,U074
T7086,Car30,2019-01-31 11:00:00.000,ZoneC,ZoneC,U035
T7087,Car27,2021-08-06 14:00:00.000,ZoneC,ZoneB,U080
T7088,Car12,2019-04-17 07:00:00.000,ZoneD,ZoneC,U053
T7089,Car20,2020-03-15 05:00:00.000,ZoneB,ZoneC,U018
T7090,Car16,2018-04-06 21:00:00.000,ZoneA,ZoneA,U133
T7091,Car26,2015-03-30 08:00:00.000,ZoneA,ZoneA,U094
T7092,Car18,2015-05-17 16:00:00.000,ZoneC,ZoneC,U141
T7093,Car28,2015-11-10 23:00:00.000,ZoneD,ZoneC,U037
T7094,Car13,2016-01-11 00:00:00.000,ZoneD,ZoneB,U118
T7096,Car09,2021-12-01 11:00:00.000,ZoneD,ZoneC,U124
T7098,Car19,2021-09-01 00:00:00.000,ZoneC,ZoneD,U035
T7099,Car09,2015-10-12 04:00:00.000,ZoneA,ZoneB,U066
T7100,Car30,2019-02-26 12:00:00.000,ZoneB,ZoneA,U049
T7101,Car06,2016-12-17 06:00:00.000,ZoneA,ZoneA,U115
T7102,Car04,2021-07-20 02:00:00.000,ZoneD,ZoneC,U030
T7103,Car25,2020-12-08 13:00:00.000,ZoneB,ZoneA,U060
T7104,Car11,2021-05-13 04:00:00.000,ZoneB,ZoneD,U021
T7105,Car14,2020-05-11 22:00:00.000,ZoneD,ZoneA,U061
T7106,Car08,2017-01-07 22:00:00.000,ZoneB,ZoneD,U059
T7107,Car16,2017-10-03 11:00:00.000,ZoneB,ZoneB,U019
T7108,Car28,2019-10-17 20:00:00.000,ZoneC,ZoneC,U017
T7109,Car01,2017-05-16 11:00:00.000,ZoneC,ZoneB,U099
T7110,Car18,2020-07-07 19:00:00.000,ZoneC,ZoneB,U099
T7111,Car13,2016-01-06 20:00:00.000,ZoneA,ZoneC,U123
T7112,Car07,2015-08-07 13:00:00.000,ZoneC,ZoneC,U062
T7113,Car07,2015-03-08 06:00:00.000,ZoneC,ZoneA,U156
T7114,Car03,2019-02-22 08:00:00.000,ZoneB,ZoneA,U150
T7115,Car25,2018-01-02 12:00:00.000,ZoneA,ZoneD,U106
T7116,Car25,2016-06-15 21:00:00.000,ZoneB,ZoneA,U111
T7117,Car16,2021-07-03 10:00:00.000,ZoneA,ZoneB,U085
T7118,Car17,2018-09-18 11:00:00.000,ZoneD,ZoneB,U133
T7119,Car29,2021-08-04 22:00:00.000,ZoneB,ZoneC,U072
T7120,Car08,2018-09-29 02:00:00.000,ZoneC,ZoneB,U078
T7121,Car21,2019-01-21 06:00:00.000,ZoneB,ZoneA,U032
T7122,Car01,2015-10-21 08:00:00.000,ZoneC,ZoneC,U144
T7123,Car27,2019-04-21 16:00:00.000,ZoneA,ZoneD,U108
T7124,Car19,2015-01-16 10:00:00.000,ZoneB,ZoneB,U033
T7125,Car13,2016-11-17 01:00:00.000,ZoneD,ZoneB,U026
T7126,Car04,2019-09-19 17:00:00.000,ZoneC,ZoneD,U079
T7127,Car24,2018-03-29 03:00:00.000,ZoneD,ZoneD,U137
T7128,Car18,2016-12-09 08:00:00.000,ZoneB,ZoneA,U116
T7129,Car06,2015-07-05 05:00:00.000,ZoneB,ZoneA,U106
T7130,Car08,2015-02-02 17:00:00.000,ZoneB,ZoneA,U092
T7131,Car21,2020-04-26 02:00:00.000,ZoneB,ZoneB,U035
T7132,Car05,2015-04-22 01:00:00.000,ZoneB,ZoneC,U019
T7133,Car15,2021-07-16 13:00:00.000,ZoneA,ZoneB,U069
T7134,Car02,2019-07-31 02:00:00.000,ZoneA,ZoneC,U088
T7135,Car16,2015-03-02 05:00:00.000,ZoneB,ZoneC,U144
T7136,Car17,2019-01-08 23:00:00.000,ZoneA,ZoneA,U141
T7137,Car27,2020-06-16 13:00:00.000,ZoneD,ZoneD,U138
T7138,Car30,2018-07-07 18:00:00.000,ZoneB,ZoneA,U122
T7139,Car10,2016-07-17 13:00:00.000,ZoneD,ZoneA,U016
T7140,Car18,2020-10-14 18:00:00.000,ZoneB,ZoneB,U033
T7141,Car11,2021-07-04 11:00:00.000,ZoneC,ZoneD,U063
T7142,Car27,2016-08-16 13:00:00.000,ZoneC,ZoneD,U012
T7143,Car06,2017-09-02 20:00:00.000,ZoneA,ZoneD,U150
T7144,Car22,2019-09-20 03:00:00.000,ZoneC,ZoneC,U121
T7145,Car06,2020-12-12 12:00:00.000,ZoneB,ZoneC,U080
T7146,Car20,2016-08-15 12:00:00.000,ZoneC,ZoneB,U129
T7147,Car02,2016-12-21 15:00:00.000,ZoneD,ZoneC,U105
T7148,Car07,2020-09-08 07:00:00.000,ZoneC,ZoneD,U013
T7149,Car16,2016-02-22 07:00:00.000,ZoneA,ZoneA,U016
T7150,Car19,2018-03-30 14:00:00.000,ZoneD,ZoneD,U065
T7151,Car26,2015-03-16 14:00:00.000,ZoneA,ZoneD,U107
T7152,Car02,2018-06-24 05:00:00.000,ZoneB,ZoneC,U144
T7153,Car15,2016-06-23 19:00:00.000,ZoneB,ZoneB,U129
T7154,Car11,2021-07-01 03:00:00.000,ZoneD,ZoneB,U022
T7155,Car02,2020-09-16 05:00:00.000,ZoneD,ZoneA,U075
T7156,Car06,2016-07-08 09:00:00.000,ZoneA,ZoneD,U075
T7157,Car17,2021-06-05 07:00:00.000,ZoneA,ZoneA,U087
T7158,Car23,2021-08-29 17:00:00.000,ZoneA,ZoneC,U018
T7159,Car22,2017-05-22 02:00:00.000,ZoneA,ZoneA,U091
T7160,Car13,2021-01-02 13:00:00.000,ZoneC,ZoneC,U144
T7161,Car14,2017-04-08 03:00:00.000,ZoneD,ZoneB,U045
T7162,Car26,2018-01-27 22:00:00.000,ZoneB,ZoneD,U112
T7163,Car28,2019-11-08 07:00:00.000,ZoneC,ZoneD,U068
T7164,Car29,2018-10-03 21:00:00.000,ZoneD,ZoneD,U024
T7165,Car28,2021-12-29 09:00:00.000,ZoneD,ZoneD,U123
T7166,Car08,2021-04-25 21:00:00.000,ZoneA,ZoneA,U091
T7167,Car20,2019-12-24 03:00:00.000,ZoneA,ZoneB,U129
T7168,Car08,2015-02-16 01:00:00.000,ZoneB,ZoneB,U081
T7169,Car09,2019-08-19 21:00:00.000,ZoneD,ZoneC,U098
T7170,Car02,2019-09-12 20:00:00.000,ZoneA,ZoneA,U034
T7171,Car28,2016-04-22 17:00:00.000,ZoneD,ZoneC,U067
T7172,Car19,2019-10-12 10:00:00.000,ZoneB,ZoneA,U139
T7173,Car24,2017-02-16 07:00:00.000,ZoneC,ZoneC,U122
T7174,Car13,2018-04-05 05:00:00.000,ZoneA,ZoneB,U039
T7175,Car08,2017-04-07 17:00:00.000,ZoneB,ZoneB,U073
T7176,Car23,2020-04-02 13:00:00.000,ZoneC,ZoneB,U149
T7177,Car08,2020-08-02 05:00:00.000,ZoneB,ZoneA,U033
T7178,Car26,2019-11-12 11:00:00.000,ZoneD,ZoneD,U147
T7179,Car21,2018-05-02 07:00:00.000,ZoneC,ZoneD,U142
T7180,Car14,2019-01-23 23:00:00.000,ZoneC,ZoneC,U080
T7181,Car06,2018-04-10 05:00:00.000,ZoneC,ZoneC,U044
T7182,Car17,2016-01-24 18:00:00.000,ZoneD,ZoneD,U073
T7183,Car03,2019-10-01 14:00:00.000,ZoneD,ZoneB,U043
T7184,Car11,2015-06-14 04:00:00.000,ZoneD,ZoneD,U083
T7185,Car17,2021-01-17 08:00:00.000,ZoneC,ZoneD,U093
T7186,Car15,2020-10-26 20:00:00.000,ZoneC,ZoneA,U121
T7187,Car30,2018-07-11 02:00:00.000,ZoneB,ZoneC,U054
T7188,Car14,2015-05-21 10:00:00.000,ZoneB,ZoneA,U081
T7189,Car25,2018-09-18 06:00:00.000,ZoneA,ZoneB,U088
T7190,Car02,2018-06-08 04:00:00.000,ZoneD,ZoneC,U081
T7191,Car04,2018-04-17 17:00:00.000,ZoneD,ZoneA,U052
T7192,Car20,2020-01-30 00:00:00.000,ZoneA,ZoneC,U082
T7193,Car13,2021-04-28 09:00:00.000,ZoneD,ZoneC,U131
T7194,Car28,2018-11-07 21:00:00.000,ZoneC,ZoneB,U143
T7195,Car29,2017-10-25 18:00:00.000,ZoneC,ZoneA,U118
T7196,Car25,2021-08-14 17:00:00.000,ZoneA,ZoneB,U045
T7197,Car20,2017-04-24 04:00:00.000,ZoneB,ZoneD,U095
T7198,Car12,2016-01-18 12:00:00.000,ZoneA,ZoneC,U023
T7199,Car03,2016-11-26 00:00:00.000,ZoneC,ZoneD,U056
T7200,Car28,2019-12-07 21:00:00.000,ZoneB,ZoneD,U045
T7201,Car24,2015-12-04 17:00:00.000,ZoneB,ZoneA,U085
T7202,Car09,2017-05-13 18:00:00.000,ZoneA,ZoneC,U072
T7203,Car10,2017-01-07 07:00:00.000,ZoneC,ZoneA,U052
T7204,Car21,2016-08-16 08:00:00.000,ZoneC,ZoneD,U087
T7205,Car30,2019-02-06 07:00:00.000,ZoneD,ZoneB,U039
T7206,Car07,2015-04-28 07:00:00.000,ZoneD,ZoneC,U028
T7207,Car26,2019-04-22 17:00:00.000,ZoneA,ZoneD,U154
T7208,Car01,2018-06-10 16:00:00.000,ZoneA,ZoneA,U051
T7209,Car25,2015-02-12 12:00:00.000,ZoneC,ZoneB,U157
T7210,Car13,2020-03-26 21:00:00.000,ZoneC,ZoneA,U018
T7211,Car17,2020-05-01 02:00:00.000,ZoneC,ZoneC,U043
T7212,Car14,2017-07-07 03:00:00.000,ZoneD,ZoneD,U120
T7213,Car30,2018-04-22 12:00:00.000,ZoneD,ZoneA,U109
T7214,Car21,2020-11-18 08:00:00.000,ZoneA,ZoneD,U080
T7215,Car12,2019-11-07 16:00:00.000,ZoneB,ZoneD,U160
T7216,Car28,2019-04-19 19:00:00.000,ZoneD,ZoneD,U072
T7217,Car21,2021-12-24 14:00:00.000,ZoneC,ZoneD,U086
T7219,Car11,2021-02-22 19:00:00.000,ZoneD,ZoneD,U090
T7220,Car05,2016-02-29 14:00:00.000,ZoneB,ZoneB,U160
T7221,Car08,2018-01-24 09:00:00.000,ZoneA,ZoneD,U016
T7222,Car03,2021-04-09 15:00:00.000,ZoneC,ZoneC,U126
T7223,Car29,2017-07-26 02:00:00.000,ZoneA,ZoneC,U053
T7224,Car06,2015-01-13 02:00:00.000,ZoneA,ZoneB,U086
T7225,Car01,2019-02-19 00:00:00.000,ZoneB,ZoneD,U050
T7226,Car26,2020-04-08 09:00:00.000,ZoneA,ZoneD,U052
T7227,Car19,2019-09-07 20:00:00.000,ZoneC,ZoneB,U024
T7228,Car04,2019-04-04 19:00:00.000,ZoneD,ZoneA,U027
T7229,Car09,2018-04-03 18:00:00.000,ZoneB,ZoneB,U127
T7230,Car15,2021-06-22 04:00:00.000,ZoneB,ZoneB,U112
T7231,Car05,2021-01-07 08:00:00.000,ZoneD,ZoneC,U135
T7232,Car10,2021-11-22 07:00:00.000,ZoneB,ZoneD,U143
T7234,Car18,2016-06-25 06:00:00.000,ZoneB,ZoneA,U132
T7235,Car28,2018-03-08 02:00:00.000,ZoneA,ZoneB,U023
T7236,Car20,2017-07-23 09:00:00.000,ZoneD,ZoneA,U120
T7237,Car29,2015-04-25 19:00:00.000,ZoneA,ZoneB,U112
T7238,Car20,2017-01-01 21:00:00.000,ZoneC,ZoneA,U052
T7239,Car28,2015-10-05 07:00:00.000,ZoneB,ZoneA,U058
T7240,Car01,2016-03-14 23:00:00.000,ZoneC,ZoneC,U137
T7241,Car07,2016-05-09 04:00:00.000,ZoneC,ZoneB,U160
T7242,Car30,2016-01-18 07:00:00.000,ZoneB,ZoneC,U103
T7243,Car02,2020-08-08 21:00:00.000,ZoneC,ZoneB,U067
T7244,Car22,2020-07-08 00:00:00.000,ZoneB,ZoneA,U141
T7245,Car15,2018-10-08 06:00:00.000,ZoneD,ZoneC,U047
T7246,Car08,2016-01-18 17:00:00.000,ZoneD,ZoneC,U086
T7247,Car05,2019-03-14 03:00:00.000,ZoneD,ZoneD,U101
T7248,Car07,2019-06-13 19:00:00.000,ZoneD,ZoneA,U080
T7249,Car13,2021-06-10 07:00:00.000,ZoneA,ZoneC,U096
T7250,Car23,2021-01-12 08:00:00.000,ZoneD,ZoneA,U093
T7251,Car09,2015-08-29 10:00:00.000,ZoneA,ZoneB,U010
T7252,Car18,2020-11-16 06:00:00.000,ZoneC,ZoneC,U067
T7253,Car08,2015-03-18 11:00:00.000,ZoneB,ZoneA,U025
T7254,Car21,2018-06-26 12:00:00.000,ZoneA,ZoneB,U105
T7255,Car04,2015-10-28 05:00:00.000,ZoneD,ZoneB,U137
T7256,Car10,2015-08-04 10:00:00.000,ZoneD,ZoneD,U120
T7257,Car22,2018-05-22 17:00:00.000,ZoneC,ZoneC,U016
T7258,Car17,2016-08-14 21:00:00.000,ZoneD,ZoneB,U162
T7259,Car30,2020-03-08 03:00:00.000,ZoneD,ZoneC,U152
T7260,Car24,2017-05-12 07:00:00.000,ZoneD,ZoneA,U113
T7261,Car18,2015-03-03 11:00:00.000,ZoneA,ZoneD,U117
T7262,Car16,2021-11-08 23:00:00.000,ZoneB,ZoneD,U121
T7263,Car01,2015-04-26 00:00:00.000,ZoneB,ZoneC,U021
T7264,Car09,2017-11-14 18:00:00.000,ZoneB,ZoneB,U113
T7265,Car29,2015-06-01 01:00:00.000,ZoneC,ZoneC,U035
T7266,Car19,2018-05-15 20:00:00.000,ZoneD,ZoneD,U084
T7267,Car07,2020-11-20 10:00:00.000,ZoneA,ZoneA,U038
T7268,Car24,2020-08-21 14:00:00.000,ZoneB,ZoneA,U111
T7270,Car09,2016-10-16 14:00:00.000,ZoneD,ZoneB,U045
T7271,Car15,2020-07-31 08:00:00.000,ZoneC,ZoneD,U034
T7272,Car05,2016-02-28 23:00:00.000,ZoneA,ZoneA,U157
T7273,Car17,2015-04-22 21:00:00.000,ZoneD,ZoneD,U145
T7274,Car24,2019-12-02 06:00:00.000,ZoneA,ZoneD,U154
T7275,Car18,2020-02-27 13:00:00.000,ZoneD,ZoneB,U157
T7276,Car23,2015-11-11 04:00:00.000,ZoneB,ZoneA,U024
T7277,Car22,2015-04-25 19:00:00.000,ZoneA,ZoneD,U142
T7279,Car01,2018-01-25 10:00:00.000,ZoneC,ZoneC,U137
T7280,Car14,2020-06-28 05:00:00.000,ZoneD,ZoneA,U013
T7281,Car30,2016-10-28 16:00:00.000,ZoneA,ZoneB,U024
T7282,Car19,2020-12-18 13:00:00.000,ZoneC,ZoneB,U119
T7283,Car18,2016-09-26 14:00:00.000,ZoneD,ZoneD,U134
T7284,Car06,2020-02-29 15:00:00.000,ZoneB,ZoneA,U034
T7285,Car26,2018-12-17 11:00:00.000,ZoneB,ZoneD,U158
T7286,Car26,2016-06-29 00:00:00.000,ZoneC,ZoneA,U066
T7287,Car19,2017-01-18 23:00:00.000,ZoneD,ZoneA,U037
T7288,Car17,2021-03-25 00:00:00.000,ZoneC,ZoneD,U107
T7289,Car02,2020-06-23 15:00:00.000,ZoneD,ZoneD,U041
T7290,Car10,2017-10-24 12:00:00.000,ZoneA,ZoneB,U113
T7291,Car25,2015-11-12 00:00:00.000,ZoneC,ZoneD,U096
T7292,Car07,2020-07-04 21:00:00.000,ZoneB,ZoneA,U086
T7293,Car23,2018-03-30 19:00:00.000,ZoneD,ZoneD,U084
T7294,Car14,2019-06-26 12:00:00.000,ZoneD,ZoneD,U061
T7295,Car05,2015-02-09 19:00:00.000,ZoneB,ZoneB,U162
T7296,Car09,2015-03-03 21:00:00.000,ZoneC,ZoneC,U034
T7297,Car14,2021-09-28 02:00:00.000,ZoneA,ZoneA,U082
T7298,Car29,2015-08-28 19:00:00.000,ZoneA,ZoneC,U046
T7299,Car18,2020-08-22 20:00:00.000,ZoneB,ZoneD,U142
T7300,Car19,2020-04-17 23:00:00.000,ZoneC,ZoneD,U072
T7301,Car08,2017-12-27 11:00:00.000,ZoneA,ZoneC,U052
T7303,Car19,2019-11-11 15:00:00.000,ZoneC,ZoneC,U151
T7304,Car29,2020-12-19 09:00:00.000,ZoneC,ZoneA,U140
T7306,Car04,2015-06-19 09:00:00.000,ZoneD,ZoneC,U067
T7307,Car14,2020-02-11 12:00:00.000,ZoneB,ZoneB,U021
T7308,Car20,2019-08-22 04:00:00.000,ZoneA,ZoneA,U109
T7309,Car16,2016-04-17 07:00:00.000,ZoneA,ZoneB,U025
T7310,Car21,2020-10-31 05:00:00.000,ZoneA,ZoneC,U085
T7311,Car01,2015-12-23 06:00:00.000,ZoneA,ZoneA,U062
T7312,Car17,2017-01-20 20:00:00.000,ZoneD,ZoneA,U150
T7313,Car18,2020-11-27 17:00:00.000,ZoneB,ZoneD,U052
T7314,Car01,2016-06-11 02:00:00.000,ZoneC,ZoneB,U140
T7315,Car03,2021-02-10 22:00:00.000,ZoneA,ZoneB,U072
T7316,Car05,2020-12-02 02:00:00.000,ZoneA,ZoneA,U116
T7317,Car29,2015-10-09 21:00:00.000,ZoneD,ZoneC,U152
T7318,Car13,2019-04-20 05:00:00.000,ZoneA,ZoneA,U161
T7319,Car22,2020-10-25 04:00:00.000,ZoneA,ZoneB,U147
T7320,Car27,2016-09-10 03:00:00.000,ZoneB,ZoneC,U093
T7321,Car01,2018-10-04 02:00:00.000,ZoneD,ZoneD,U036
T7322,Car30,2018-04-27 07:00:00.000,ZoneB,ZoneD,U034
T7323,Car02,2018-05-20 00:00:00.000,ZoneA,ZoneA,U049
T7324,Car11,2015-11-17 05:00:00.000,ZoneA,ZoneC,U091
T7325,Car19,2019-05-13 08:00:00.000,ZoneB,ZoneB,U064
T7326,Car27,2015-06-01 01:00:00.000,ZoneA,ZoneD,U116
T7327,Car28,2017-08-30 22:00:00.000,ZoneB,ZoneC,U128
T7328,Car01,2020-08-26 14:00:00.000,ZoneA,ZoneD,U054
T7329,Car28,2020-06-30 22:00:00.000,ZoneC,ZoneB,U095
T7330,Car13,2019-04-13 18:00:00.000,ZoneB,ZoneD,U070
T7331,Car20,2020-05-01 17:00:00.000,ZoneB,ZoneD,U134
T7332,Car07,2019-02-16 12:00:00.000,ZoneB,ZoneA,U116
T7333,Car25,2017-01-31 11:00:00.000,ZoneC,ZoneC,U103
T7334,Car08,2018-06-24 05:00:00.000,ZoneA,ZoneC,U098
T7335,Car25,2019-06-02 13:00:00.000,ZoneA,ZoneA,U067
T7336,Car24,2016-10-13 06:00:00.000,ZoneD,ZoneC,U012
T7337,Car30,2019-10-24 22:00:00.000,ZoneA,ZoneA,U042
T7338,Car18,2021-03-11 06:00:00.000,ZoneC,ZoneA,U105
T7339,Car13,2019-01-16 01:00:00.000,ZoneD,ZoneC,U156
T7340,Car05,2020-06-15 22:00:00.000,ZoneB,ZoneD,U127
T7341,Car19,2016-09-14 02:00:00.000,ZoneB,ZoneC,U086
T7342,Car09,2016-01-21 15:00:00.000,ZoneC,ZoneC,U028
T7343,Car30,2015-07-20 05:00:00.000,ZoneD,ZoneC,U079
T7344,Car04,2020-11-04 19:00:00.000,ZoneC,ZoneA,U143
T7345,Car26,2015-08-28 19:00:00.000,ZoneD,ZoneC,U114
T7346,Car28,2020-08-24 17:00:00.000,ZoneD,ZoneA,U088
T7347,Car20,2021-05-25 01:00:00.000,ZoneB,ZoneA,U063
T7348,Car18,2020-05-20 06:00:00.000,ZoneA,ZoneA,U101
T7349,Car16,2020-06-04 01:00:00.000,ZoneD,ZoneD,U094
T7350,Car05,2017-02-17 13:00:00.000,ZoneD,ZoneB,U067
T7351,Car20,2019-06-17 08:00:00.000,ZoneA,ZoneD,U061
T7352,Car09,2018-07-13 19:00:00.000,ZoneC,ZoneD,U013
T7353,Car19,2016-02-24 09:00:00.000,ZoneC,ZoneB,U152
T7354,Car15,2016-12-20 09:00:00.000,ZoneB,ZoneA,U093
T7355,Car09,2019-02-08 19:00:00.000,ZoneA,ZoneC,U083
T7356,Car15,2021-01-25 21:00:00.000,ZoneB,ZoneB,U039
T7357,Car15,2020-12-24 19:00:00.000,ZoneB,ZoneD,U071
T7358,Car08,2016-11-02 01:00:00.000,ZoneB,ZoneB,U015
T7359,Car28,2020-08-29 17:00:00.000,ZoneC,ZoneD,U085
T7360,Car24,2020-04-22 03:00:00.000,ZoneC,ZoneD,U156
T7361,Car12,2015-01-03 12:00:00.000,ZoneC,ZoneB,U075
T7362,Car28,2015-05-04 08:00:00.000,ZoneA,ZoneB,U099
T7363,Car20,2018-04-08 03:00:00.000,ZoneA,ZoneB,U126
T7364,Car11,2019-10-18 16:00:00.000,ZoneA,ZoneC,U134
T7365,Car04,2016-07-17 18:00:00.000,ZoneB,ZoneD,U036
T7366,Car02,2015-11-25 08:00:00.000,ZoneB,ZoneC,U107
T7367,Car06,2018-01-13 08:00:00.000,ZoneB,ZoneC,U041
T7368,Car19,2021-11-13 08:00:00.000,ZoneD,ZoneC,U075
T7369,Car10,2018-07-03 09:00:00.000,ZoneC,ZoneB,U162
T7370,Car06,2016-05-05 05:00:00.000,ZoneD,ZoneC,U019
T7371,Car28,2018-08-15 12:00:00.000,ZoneD,ZoneD,U127
T7372,Car02,2019-05-15 10:00:00.000,ZoneB,ZoneC,U062
T7373,Car17,2019-05-29 19:00:00.000,ZoneC,ZoneC,U033
T7374,Car12,2020-05-30 06:00:00.000,ZoneA,ZoneD,U068
T7375,Car04,2016-12-19 18:00:00.000,ZoneB,ZoneD,U135
T7376,Car14,2016-04-20 00:00:00.000,ZoneD,ZoneC,U050
T7377,Car17,2018-01-26 01:00:00.000,ZoneD,ZoneA,U037
T7378,Car14,2015-10-29 01:00:00.000,ZoneD,ZoneD,U144
T7379,Car17,2020-03-18 08:00:00.000,ZoneC,ZoneC,U157
T7380,Car08,2020-02-05 21:00:00.000,ZoneA,ZoneA,U088
T7381,Car22,2018-06-28 09:00:00.000,ZoneD,ZoneD,U112
T7382,Car06,2017-12-18 02:00:00.000,ZoneB,ZoneC,U065
T7383,Car29,2018-04-06 06:00:00.000,ZoneC,ZoneD,U074
T7384,Car25,2021-11-23 08:00:00.000,ZoneD,ZoneA,U106
T7385,Car19,2020-11-11 06:00:00.000,ZoneA,ZoneC,U025
T7386,Car17,2015-02-18 13:00:00.000,ZoneC,ZoneC,U046
T7387,Car15,2020-03-02 17:00:00.000,ZoneA,ZoneA,U160
T7388,Car01,2018-09-27 00:00:00.000,ZoneD,ZoneB,U099
T7389,Car25,2019-04-06 16:00:00.000,ZoneC,ZoneA,U142
T7390,Car09,2018-12-09 08:00:00.000,ZoneC,ZoneC,U082
T7391,Car14,2020-10-16 05:00:00.000,ZoneC,ZoneA,U010
T7392,Car07,2017-06-01 17:00:00.000,ZoneD,ZoneB,U114
T7393,Car03,2021-12-18 03:00:00.000,ZoneD,ZoneB,U060
T7394,Car07,2019-02-17 13:00:00.000,ZoneD,ZoneC,U011
T7395,Car18,2016-05-06 06:00:00.000,ZoneD,ZoneB,U127
T7396,Car15,2016-04-03 13:00:00.000,ZoneD,ZoneB,U136
T7397,Car01,2017-04-01 01:00:00.000,ZoneA,ZoneC,U117
T7398,Car12,2015-12-23 21:00:00.000,ZoneA,ZoneC,U118
T7399,Car08,2018-11-22 11:00:00.000,ZoneA,ZoneB,U076
T7400,Car01,2016-12-01 10:00:00.000,ZoneC,ZoneC,U020
T7401,Car14,2020-03-17 12:00:00.000,ZoneC,ZoneA,U067
T7402,Car11,2021-09-24 18:00:00.000,ZoneA,ZoneC,U082
T7403,Car09,2017-06-21 12:00:00.000,ZoneB,ZoneD,U157
T7404,Car21,2016-04-15 20:00:00.000,ZoneC,ZoneA,U158
T7405,Car14,2020-08-06 19:00:00.000,ZoneB,ZoneC,U056
T7406,Car04,2017-08-09 06:00:00.000,ZoneC,ZoneA,U013
T7407,Car21,2015-04-13 12:00:00.000,ZoneA,ZoneB,U138
T7408,Car18,2016-03-27 01:00:00.000,ZoneB,ZoneD,U089
T7409,Car16,2015-09-14 06:00:00.000,ZoneB,ZoneC,U132
T7410,Car08,2021-10-14 23:00:00.000,ZoneD,ZoneC,U097
T7411,Car08,2020-06-08 10:00:00.000,ZoneC,ZoneC,U032
T7412,Car08,2020-05-01 02:00:00.000,ZoneC,ZoneC,U139
T7413,Car01,2018-06-21 07:00:00.000,ZoneB,ZoneD,U034
T7414,Car22,2020-10-14 13:00:00.000,ZoneC,ZoneD,U037
T7415,Car30,2019-07-10 16:00:00.000,ZoneB,ZoneC,U077
T7416,Car19,2015-11-24 02:00:00.000,ZoneA,ZoneB,U131
T7417,Car05,2017-08-09 06:00:00.000,ZoneD,ZoneC,U129
T7418,Car20,2015-05-19 13:00:00.000,ZoneD,ZoneD,U142
T7419,Car19,2020-08-24 07:00:00.000,ZoneA,ZoneB,U022
T7420,Car11,2015-05-09 08:00:00.000,ZoneD,ZoneB,U090
T7421,Car04,2020-05-04 05:00:00.000,ZoneD,ZoneB,U075
T7422,Car21,2018-05-10 10:00:00.000,ZoneC,ZoneA,U033
T7423,Car15,2019-03-05 14:00:00.000,ZoneA,ZoneC,U129
T7424,Car19,2019-08-15 02:00:00.000,ZoneB,ZoneC,U087
T7425,Car15,2020-04-19 10:00:00.000,ZoneD,ZoneA,U054
T7426,Car07,2016-01-02 21:00:00.000,ZoneB,ZoneC,U093
T7427,Car04,2021-12-22 12:00:00.000,ZoneD,ZoneA,U151
T7428,Car17,2021-07-21 13:00:00.000,ZoneD,ZoneD,U019
T7429,Car12,2019-05-16 16:00:00.000,ZoneA,ZoneA,U111
T7430,Car12,2018-09-09 02:00:00.000,ZoneA,ZoneD,U133
T7431,Car12,2015-07-19 14:00:00.000,ZoneD,ZoneA,U055
T7432,Car07,2020-05-14 10:00:00.000,ZoneA,ZoneB,U070
T7433,Car16,2018-09-27 20:00:00.000,ZoneC,ZoneC,U086
T7434,Car30,2021-10-07 01:00:00.000,ZoneC,ZoneC,U045
T7435,Car01,2018-04-06 16:00:00.000,ZoneC,ZoneA,U099
T7436,Car28,2017-07-19 15:00:00.000,ZoneD,ZoneB,U085
T7437,Car22,2019-04-02 17:00:00.000,ZoneC,ZoneD,U069
T7438,Car29,2020-10-17 16:00:00.000,ZoneA,ZoneB,U089
T7439,Car21,2020-04-18 19:00:00.000,ZoneA,ZoneA,U119
T7440,Car27,2019-05-17 17:00:00.000,ZoneA,ZoneA,U089
T7441,Car16,2018-03-28 12:00:00.000,ZoneC,ZoneC,U032
T7442,Car22,2015-09-13 05:00:00.000,ZoneD,ZoneA,U105
T7443,Car14,2017-06-24 05:00:00.000,ZoneC,ZoneC,U068
T7444,Car09,2016-07-27 08:00:00.000,ZoneB,ZoneC,U078
T7445,Car21,2017-07-04 10:00:00.000,ZoneA,ZoneC,U095
T7446,Car05,2019-06-14 05:00:00.000,ZoneD,ZoneB,U157
T7447,Car30,2020-06-27 14:00:00.000,ZoneB,ZoneC,U138
T7448,Car02,2018-07-23 19:00:00.000,ZoneD,ZoneB,U060
T7449,Car18,2019-05-26 01:00:00.000,ZoneC,ZoneA,U048
T7450,Car12,2018-09-19 22:00:00.000,ZoneB,ZoneB,U120
T7451,Car30,2021-10-27 11:00:00.000,ZoneA,ZoneD,U099
T7452,Car25,2020-07-16 08:00:00.000,ZoneA,ZoneA,U109
T7453,Car05,2015-11-10 03:00:00.000,ZoneD,ZoneC,U092
T7454,Car03,2017-02-10 16:00:00.000,ZoneB,ZoneC,U071
T7455,Car09,2021-01-19 15:00:00.000,ZoneD,ZoneA,U079
T7456,Car22,2019-11-27 01:00:00.000,ZoneC,ZoneD,U114
T7457,Car08,2019-10-23 01:00:00.000,ZoneB,ZoneD,U098
T7458,Car13,2019-02-24 05:00:00.000,ZoneA,ZoneC,U060
T7459,Car11,2016-03-08 07:00:00.000,ZoneD,ZoneC,U027
T7460,Car16,2017-01-26 16:00:00.000,ZoneD,ZoneB,U067
T7461,Car07,2020-02-12 03:00:00.000,ZoneA,ZoneD,U069
T7462,Car07,2018-07-11 02:00:00.000,ZoneD,ZoneA,U132
T7463,Car30,2021-11-03 18:00:00.000,ZoneD,ZoneD,U068
T7464,Car30,2021-07-04 16:00:00.000,ZoneD,ZoneD,U030
T7465,Car25,2019-10-27 00:00:00.000,ZoneC,ZoneA,U120
T7466,Car12,2019-06-19 15:00:00.000,ZoneD,ZoneA,U060
T7467,Car24,2015-04-08 02:00:00.000,ZoneB,ZoneB,U075
T7468,Car02,2016-09-13 01:00:00.000,ZoneD,ZoneD,U073
T7469,Car01,2020-10-23 02:00:00.000,ZoneB,ZoneA,U049
T7470,Car13,2018-09-27 05:00:00.000,ZoneC,ZoneD,U067
T7471,Car13,2020-12-01 06:00:00.000,ZoneD,ZoneA,U098
T7472,Car20,2020-09-09 03:00:00.000,ZoneD,ZoneC,U139
T7473,Car30,2019-06-24 05:00:00.000,ZoneA,ZoneA,U160
T7474,Car20,2018-05-19 19:00:00.000,ZoneB,ZoneA,U090
T7475,Car11,2017-05-29 19:00:00.000,ZoneA,ZoneB,U048
T7476,Car09,2021-11-30 05:00:00.000,ZoneB,ZoneA,U057
T7477,Car17,2021-11-26 01:00:00.000,ZoneB,ZoneB,U109
T7478,Car29,2017-10-15 18:00:00.000,ZoneD,ZoneC,U021
T7480,Car30,2019-04-02 07:00:00.000,ZoneD,ZoneB,U146
T7481,Car21,2017-05-23 18:00:00.000,ZoneA,ZoneC,U080
T7482,Car15,2021-10-02 01:00:00.000,ZoneA,ZoneB,U069
T7483,Car09,2016-03-10 04:00:00.000,ZoneC,ZoneB,U046
T7484,Car13,2015-09-01 18:00:00.000,ZoneB,ZoneB,U050
T7485,Car22,2016-11-26 00:00:00.000,ZoneB,ZoneA,U011
T7486,Car03,2019-09-08 11:00:00.000,ZoneD,ZoneC,U027
T7487,Car03,2016-10-16 09:00:00.000,ZoneD,ZoneA,U150
T7488,Car15,2016-04-27 17:00:00.000,ZoneD,ZoneD,U016
T7489,Car14,2019-09-13 01:00:00.000,ZoneD,ZoneD,U123
T7490,Car23,2019-07-28 14:00:00.000,ZoneD,ZoneC,U046
T7491,Car10,2021-05-06 12:00:00.000,ZoneA,ZoneD,U106
T7492,Car07,2016-02-28 08:00:00.000,ZoneC,ZoneB,U075
T7493,Car28,2019-11-19 18:00:00.000,ZoneD,ZoneD,U157
T7494,Car23,2021-07-22 04:00:00.000,ZoneB,ZoneB,U092
T7495,Car19,2017-04-14 14:00:00.000,ZoneA,ZoneA,U154
T7496,Car14,2017-03-22 01:00:00.000,ZoneD,ZoneA,U016
T7497,Car29,2016-04-19 09:00:00.000,ZoneD,ZoneC,U041
T7498,Car11,2021-06-26 18:00:00.000,ZoneB,ZoneC,U017
T7499,Car08,2016-11-09 03:00:00.000,ZoneC,ZoneB,U042
T7500,Car07,2016-12-31 00:00:00.000,ZoneA,ZoneD,U136
T7501,Car29,2015-12-04 22:00:00.000,ZoneC,ZoneD,U149
T7502,Car05,2017-12-06 10:00:00.000,ZoneA,ZoneA,U092
T7503,Car03,2019-05-05 15:00:00.000,ZoneB,ZoneB,U013
T7504,Car06,2020-12-12 22:00:00.000,ZoneA,ZoneD,U015
T7505,Car20,2018-08-24 01:00:00.000,ZoneC,ZoneC,U041
T7506,Car23,2020-10-13 12:00:00.000,ZoneB,ZoneB,U100
T7507,Car19,2017-11-30 14:00:00.000,ZoneB,ZoneD,U080
T7508,Car28,2021-12-16 11:00:00.000,ZoneC,ZoneD,U090
T7509,Car03,2016-07-05 01:00:00.000,ZoneC,ZoneB,U100
T7510,Car29,2016-06-14 05:00:00.000,ZoneC,ZoneD,U155
T7511,Car28,2015-06-20 10:00:00.000,ZoneC,ZoneD,U018
T7512,Car10,2018-08-03 05:00:00.000,ZoneD,ZoneD,U065
T7513,Car21,2015-07-12 07:00:00.000,ZoneC,ZoneA,U047
T7514,Car29,2019-08-26 03:00:00.000,ZoneB,ZoneC,U024
T7515,Car14,2015-09-20 17:00:00.000,ZoneA,ZoneD,U120
T7516,Car26,2015-08-19 15:00:00.000,ZoneB,ZoneC,U123
T7517,Car11,2015-12-10 03:00:00.000,ZoneB,ZoneA,U096
T7518,Car14,2019-12-16 10:00:00.000,ZoneD,ZoneD,U059
T7519,Car02,2016-04-10 20:00:00.000,ZoneB,ZoneB,U117
T7520,Car23,2021-04-13 04:00:00.000,ZoneC,ZoneB,U070
T7521,Car19,2020-09-09 18:00:00.000,ZoneB,ZoneB,U041
T6109,Car30,2019-02-13 04:00:00.000,ZoneD,ZoneC,U089
T6110,Car01,2016-03-24 03:00:00.000,ZoneC,ZoneD,U012
T6111,Car05,2020-11-20 10:00:00.000,ZoneC,ZoneB,U148
T6112,Car18,2015-06-24 19:00:00.000,ZoneD,ZoneD,U024
T6113,Car23,2020-11-19 19:00:00.000,ZoneD,ZoneD,U152
T6114,Car11,2020-09-20 04:00:00.000,ZoneB,ZoneA,U128
T6115,Car09,2016-01-18 02:00:00.000,ZoneC,ZoneB,U059
T6116,Car15,2021-01-09 15:00:00.000,ZoneC,ZoneB,U109
T6117,Car03,2018-03-24 18:00:00.000,ZoneA,ZoneD,U138
T6118,Car29,2021-05-12 03:00:00.000,ZoneD,ZoneD,U122
T6119,Car15,2018-02-23 19:00:00.000,ZoneB,ZoneA,U097
T6120,Car08,2017-07-31 17:00:00.000,ZoneD,ZoneD,U097
T6121,Car13,2020-01-14 19:00:00.000,ZoneC,ZoneD,U124
T6122,Car23,2016-03-06 20:00:00.000,ZoneB,ZoneB,U096
T6123,Car11,2018-07-10 11:00:00.000,ZoneD,ZoneA,U125
T6124,Car23,2018-02-10 01:00:00.000,ZoneA,ZoneB,U064
T6125,Car05,2021-12-28 23:00:00.000,ZoneC,ZoneB,U110
T6126,Car01,2021-01-10 16:00:00.000,ZoneA,ZoneB,U037
T6127,Car30,2016-09-01 14:00:00.000,ZoneB,ZoneD,U021
T6128,Car25,2015-07-16 06:00:00.000,ZoneA,ZoneC,U035
T6129,Car09,2015-06-21 01:00:00.000,ZoneA,ZoneD,U114
T6130,Car30,2021-09-29 23:00:00.000,ZoneA,ZoneB,U136
T6131,Car27,2015-04-07 06:00:00.000,ZoneA,ZoneA,U015
T6132,Car03,2019-04-27 12:00:00.000,ZoneD,ZoneC,U086
T6133,Car02,2020-11-25 15:00:00.000,ZoneD,ZoneC,U060
T6134,Car08,2017-11-28 07:00:00.000,ZoneC,ZoneA,U016
T6135,Car10,2021-07-16 13:00:00.000,ZoneD,ZoneA,U155
T6136,Car30,2016-11-27 21:00:00.000,ZoneA,ZoneA,U069
T6137,Car18,2016-06-28 04:00:00.000,ZoneA,ZoneD,U159
T6138,Car12,2016-09-01 19:00:00.000,ZoneA,ZoneB,U110
T6139,Car19,2015-08-11 17:00:00.000,ZoneB,ZoneD,U151
T6140,Car21,2020-06-25 22:00:00.000,ZoneB,ZoneA,U121
T6141,Car26,2021-10-03 17:00:00.000,ZoneC,ZoneC,U033
T6142,Car12,2017-09-17 05:00:00.000,ZoneC,ZoneA,U126
T6143,Car01,2018-10-04 17:00:00.000,ZoneC,ZoneC,U072
T6144,Car23,2020-07-19 01:00:00.000,ZoneB,ZoneA,U037
T6145,Car05,2017-12-15 04:00:00.000,ZoneC,ZoneA,U083
T6146,Car29,2018-12-28 22:00:00.000,ZoneC,ZoneA,U122
T6147,Car20,2020-03-08 13:00:00.000,ZoneC,ZoneD,U158
T6148,Car10,2016-11-08 07:00:00.000,ZoneC,ZoneD,U026
T6149,Car15,2016-07-22 13:00:00.000,ZoneA,ZoneB,U042
T6150,Car08,2021-09-09 23:00:00.000,ZoneD,ZoneC,U133
T6151,Car05,2019-02-16 02:00:00.000,ZoneB,ZoneD,U152
T6152,Car24,2018-11-22 01:00:00.000,ZoneB,ZoneA,U027
T6153,Car20,2021-09-08 17:00:00.000,ZoneB,ZoneC,U039
T6154,Car11,2018-08-08 10:00:00.000,ZoneA,ZoneD,U160
T6155,Car03,2016-02-25 20:00:00.000,ZoneC,ZoneD,U162
T6156,Car08,2020-01-05 20:00:00.000,ZoneA,ZoneB,U033
T6157,Car05,2017-08-08 20:00:00.000,ZoneC,ZoneC,U064
T6158,Car09,2021-08-28 06:00:00.000,ZoneB,ZoneD,U153
T6159,Car27,2015-11-24 07:00:00.000,ZoneA,ZoneB,U072
T6160,Car22,2020-05-10 11:00:00.000,ZoneB,ZoneD,U069
T6161,Car06,2017-05-12 17:00:00.000,ZoneB,ZoneC,U081
T6162,Car01,2019-07-25 11:00:00.000,ZoneC,ZoneC,U104
T6163,Car07,2017-07-19 20:00:00.000,ZoneC,ZoneD,U018
T6164,Car18,2016-12-30 14:00:00.000,ZoneC,ZoneD,U101
T6165,Car03,2021-08-28 16:00:00.000,ZoneD,ZoneB,U020
T6166,Car12,2019-06-12 18:00:00.000,ZoneD,ZoneA,U051
T6167,Car29,2016-07-07 23:00:00.000,ZoneD,ZoneB,U019
T6168,Car11,2021-01-27 08:00:00.000,ZoneD,ZoneD,U142
T6169,Car26,2016-07-29 15:00:00.000,ZoneD,ZoneA,U080
T6170,Car05,2020-06-18 10:00:00.000,ZoneB,ZoneB,U093
T6171,Car03,2015-06-14 19:00:00.000,ZoneA,ZoneA,U083
T6172,Car30,2021-04-03 04:00:00.000,ZoneA,ZoneB,U054
T6173,Car26,2020-07-08 20:00:00.000,ZoneD,ZoneB,U154
T6174,Car13,2017-10-30 13:00:00.000,ZoneC,ZoneA,U101
T6175,Car17,2019-07-19 20:00:00.000,ZoneA,ZoneA,U100
T6176,Car01,2018-06-28 04:00:00.000,ZoneB,ZoneC,U044
T6177,Car06,2015-01-10 19:00:00.000,ZoneC,ZoneB,U075
T6178,Car12,2016-04-06 01:00:00.000,ZoneC,ZoneD,U139
T6179,Car06,2020-03-12 02:00:00.000,ZoneD,ZoneC,U147
T6180,Car13,2015-10-03 00:00:00.000,ZoneC,ZoneC,U076
T6181,Car09,2016-06-30 11:00:00.000,ZoneD,ZoneA,U148
T6182,Car14,2018-11-02 06:00:00.000,ZoneA,ZoneA,U131
T6183,Car11,2021-01-06 12:00:00.000,ZoneB,ZoneB,U160
T6184,Car10,2016-08-16 23:00:00.000,ZoneC,ZoneB,U159
T6185,Car30,2015-12-01 14:00:00.000,ZoneC,ZoneA,U086
T6186,Car20,2021-10-23 22:00:00.000,ZoneC,ZoneB,U066
T6187,Car05,2018-01-18 23:00:00.000,ZoneD,ZoneB,U054
T6188,Car16,2018-03-11 00:00:00.000,ZoneC,ZoneC,U027
T6189,Car29,2016-07-15 16:00:00.000,ZoneD,ZoneB,U126
T6190,Car21,2017-05-28 23:00:00.000,ZoneD,ZoneC,U142
T6191,Car27,2020-07-22 09:00:00.000,ZoneB,ZoneD,U019
T6192,Car03,2018-05-20 15:00:00.000,ZoneB,ZoneC,U160
T6193,Car11,2021-11-08 08:00:00.000,ZoneA,ZoneC,U098
T6195,Car21,2019-07-11 07:00:00.000,ZoneC,ZoneC,U040
T6196,Car07,2017-04-25 15:00:00.000,ZoneD,ZoneA,U021
T6197,Car10,2015-08-29 15:00:00.000,ZoneD,ZoneA,U060
T6198,Car08,2018-03-29 08:00:00.000,ZoneB,ZoneB,U030
T6199,Car03,2020-03-06 16:00:00.000,ZoneC,ZoneB,U124
T6200,Car16,2018-03-10 19:00:00.000,ZoneA,ZoneD,U152
T6201,Car10,2021-06-26 08:00:00.000,ZoneC,ZoneA,U144
T6202,Car27,2018-10-15 18:00:00.000,ZoneC,ZoneD,U081
T6203,Car11,2016-01-26 00:00:00.000,ZoneD,ZoneA,U094
T6204,Car07,2019-05-18 18:00:00.000,ZoneB,ZoneB,U124
T6205,Car02,2021-09-05 19:00:00.000,ZoneC,ZoneA,U077
T6206,Car13,2017-09-12 10:00:00.000,ZoneC,ZoneD,U122
T6207,Car26,2018-06-05 21:00:00.000,ZoneA,ZoneA,U113
T6208,Car18,2016-12-17 01:00:00.000,ZoneD,ZoneC,U054
T6209,Car23,2021-05-24 15:00:00.000,ZoneB,ZoneD,U041
T6210,Car19,2020-03-15 00:00:00.000,ZoneD,ZoneA,U066
T6211,Car20,2017-11-19 13:00:00.000,ZoneC,ZoneD,U025
T6212,Car06,2016-02-23 13:00:00.000,ZoneB,ZoneA,U127
T6213,Car12,2017-01-07 02:00:00.000,ZoneA,ZoneB,U160
T6214,Car06,2019-06-17 23:00:00.000,ZoneA,ZoneC,U092
T6215,Car08,2020-07-06 18:00:00.000,ZoneD,ZoneB,U043
T6216,Car15,2018-04-12 12:00:00.000,ZoneD,ZoneD,U117
T6217,Car21,2021-02-13 10:00:00.000,ZoneD,ZoneD,U025
T6218,Car07,2016-01-07 21:00:00.000,ZoneB,ZoneA,U034
T6219,Car29,2020-11-05 10:00:00.000,ZoneD,ZoneD,U131
T6220,Car23,2019-02-14 15:00:00.000,ZoneB,ZoneD,U155
T6221,Car06,2017-02-24 20:00:00.000,ZoneA,ZoneD,U139
T6222,Car13,2021-02-04 21:00:00.000,ZoneC,ZoneB,U093
T6223,Car28,2016-12-11 15:00:00.000,ZoneB,ZoneC,U033
T6224,Car26,2017-09-13 16:00:00.000,ZoneC,ZoneA,U114
T6225,Car23,2020-06-13 00:00:00.000,ZoneD,ZoneB,U132
T6226,Car22,2016-01-26 10:00:00.000,ZoneA,ZoneA,U064
T6227,Car15,2019-03-06 00:00:00.000,ZoneD,ZoneC,U064
T6228,Car17,2018-09-14 07:00:00.000,ZoneA,ZoneB,U063
T6229,Car07,2017-10-26 04:00:00.000,ZoneB,ZoneC,U061
T6230,Car29,2019-06-02 03:00:00.000,ZoneA,ZoneD,U108
T6231,Car09,2018-08-06 23:00:00.000,ZoneC,ZoneC,U109
T6232,Car11,2016-12-20 14:00:00.000,ZoneB,ZoneC,U137
T6233,Car23,2017-09-17 15:00:00.000,ZoneD,ZoneC,U149
T6234,Car25,2016-02-03 23:00:00.000,ZoneA,ZoneD,U017
T6235,Car20,2016-12-11 00:00:00.000,ZoneA,ZoneB,U037
T6236,Car14,2020-02-14 00:00:00.000,ZoneC,ZoneB,U133
T6237,Car18,2015-06-27 12:00:00.000,ZoneA,ZoneA,U068
T6238,Car01,2020-12-16 01:00:00.000,ZoneD,ZoneA,U083
T6239,Car01,2018-11-17 06:00:00.000,ZoneD,ZoneC,U106
T6240,Car01,2015-02-20 10:00:00.000,ZoneB,ZoneD,U035
T6241,Car29,2019-01-14 04:00:00.000,ZoneD,ZoneB,U082
T6243,Car05,2015-12-11 04:00:00.000,ZoneB,ZoneD,U139
T6244,Car29,2015-07-25 00:00:00.000,ZoneD,ZoneA,U111
T6245,Car21,2019-08-19 06:00:00.000,ZoneA,ZoneB,U090
T6246,Car21,2018-11-29 08:00:00.000,ZoneC,ZoneA,U024
T6247,Car22,2017-08-19 06:00:00.000,ZoneD,ZoneA,U116
T6248,Car29,2017-06-11 02:00:00.000,ZoneD,ZoneD,U082
T6249,Car20,2020-05-27 23:00:00.000,ZoneC,ZoneA,U081
T6250,Car05,2020-06-25 07:00:00.000,ZoneC,ZoneD,U082
T6251,Car03,2019-08-22 19:00:00.000,ZoneB,ZoneB,U073
T6252,Car06,2018-06-20 01:00:00.000,ZoneB,ZoneA,U015
T6253,Car11,2015-10-20 07:00:00.000,ZoneA,ZoneA,U144
T6254,Car23,2015-01-19 08:00:00.000,ZoneA,ZoneC,U045
T6255,Car08,2016-01-11 20:00:00.000,ZoneA,ZoneB,U087
T6256,Car30,2018-07-12 08:00:00.000,ZoneD,ZoneB,U112
T6257,Car30,2017-11-06 20:00:00.000,ZoneC,ZoneD,U100
T6258,Car09,2018-03-03 22:00:00.000,ZoneA,ZoneB,U027
T6259,Car10,2020-11-08 03:00:00.000,ZoneB,ZoneC,U160
T6260,Car30,2020-04-13 09:00:00.000,ZoneC,ZoneC,U158
T6261,Car07,2017-12-05 04:00:00.000,ZoneB,ZoneB,U067
T6262,Car05,2018-12-17 06:00:00.000,ZoneA,ZoneD,U160
T6263,Car28,2015-06-13 23:00:00.000,ZoneC,ZoneD,U016
T6264,Car22,2018-04-01 06:00:00.000,ZoneB,ZoneC,U129
T6265,Car18,2019-06-17 13:00:00.000,ZoneB,ZoneD,U134
T6266,Car23,2019-01-12 02:00:00.000,ZoneA,ZoneC,U137
T6267,Car24,2021-01-06 02:00:00.000,ZoneA,ZoneA,U026
T6268,Car27,2017-08-08 00:00:00.000,ZoneD,ZoneB,U025
T6269,Car05,2019-09-22 05:00:00.000,ZoneC,ZoneD,U153
T6270,Car16,2021-07-25 02:00:00.000,ZoneD,ZoneC,U011
T6271,Car26,2016-03-27 21:00:00.000,ZoneC,ZoneC,U052
T6272,Car24,2018-04-20 20:00:00.000,ZoneC,ZoneC,U065
T6273,Car12,2018-08-12 19:00:00.000,ZoneB,ZoneB,U158
T6274,Car03,2015-07-10 00:00:00.000,ZoneB,ZoneC,U086
T6275,Car12,2021-10-17 01:00:00.000,ZoneB,ZoneB,U082
T6276,Car14,2020-05-27 08:00:00.000,ZoneC,ZoneA,U059
T6277,Car13,2016-07-06 22:00:00.000,ZoneA,ZoneD,U156
T6278,Car11,2020-09-08 02:00:00.000,ZoneB,ZoneD,U048
T6279,Car08,2019-10-18 01:00:00.000,ZoneA,ZoneA,U130
T6280,Car17,2017-11-25 09:00:00.000,ZoneD,ZoneD,U059
T6281,Car25,2015-11-01 14:00:00.000,ZoneC,ZoneC,U020
T6282,Car10,2017-01-22 07:00:00.000,ZoneB,ZoneC,U060
T6283,Car19,2021-03-30 15:00:00.000,ZoneC,ZoneB,U036
T6285,Car13,2021-04-10 01:00:00.000,ZoneA,ZoneC,U021
T6286,Car18,2020-01-28 18:00:00.000,ZoneB,ZoneD,U083
T6287,Car07,2021-04-30 01:00:00.000,ZoneC,ZoneD,U134
T6288,Car19,2017-03-27 11:00:00.000,ZoneD,ZoneB,U085
T6289,Car01,2020-02-16 22:00:00.000,ZoneB,ZoneB,U149
T6290,Car02,2016-02-19 19:00:00.000,ZoneD,ZoneD,U122
T6291,Car30,2017-06-13 04:00:00.000,ZoneD,ZoneA,U021
T6292,Car13,2020-08-03 06:00:00.000,ZoneC,ZoneD,U012
T6294,Car07,2019-05-06 16:00:00.000,ZoneA,ZoneB,U045
T6295,Car25,2019-10-17 20:00:00.000,ZoneB,ZoneC,U095
T6296,Car19,2015-02-19 19:00:00.000,ZoneC,ZoneB,U154
T6297,Car11,2019-05-21 06:00:00.000,ZoneA,ZoneC,U051
T6298,Car01,2015-03-01 14:00:00.000,ZoneB,ZoneD,U061
T6299,Car29,2016-05-05 10:00:00.000,ZoneD,ZoneC,U084
T6300,Car14,2017-03-31 15:00:00.000,ZoneA,ZoneA,U090
T6301,Car04,2019-04-07 17:00:00.000,ZoneD,ZoneB,U128
T6302,Car26,2019-11-04 18:00:00.000,ZoneA,ZoneB,U112
T6303,Car25,2017-06-16 12:00:00.000,ZoneB,ZoneC,U121
T6304,Car12,2017-10-24 12:00:00.000,ZoneD,ZoneD,U139
T6305,Car30,2019-06-28 14:00:00.000,ZoneB,ZoneB,U124
T6306,Car04,2017-01-05 00:00:00.000,ZoneD,ZoneC,U151
T6307,Car01,2018-10-17 10:00:00.000,ZoneD,ZoneD,U132
T6308,Car04,2015-10-31 18:00:00.000,ZoneB,ZoneC,U107
T6309,Car27,2015-09-10 17:00:00.000,ZoneD,ZoneD,U145
T6310,Car04,2016-06-09 00:00:00.000,ZoneB,ZoneD,U020
T6311,Car05,2020-05-10 16:00:00.000,ZoneA,ZoneA,U065
T6312,Car06,2020-09-07 21:00:00.000,ZoneD,ZoneB,U018
T6313,Car08,2021-06-11 08:00:00.000,ZoneB,ZoneA,U143
T6314,Car23,2021-05-23 14:00:00.000,ZoneA,ZoneB,U123
T6315,Car26,2016-07-30 16:00:00.000,ZoneC,ZoneB,U143
T6316,Car07,2016-03-28 07:00:00.000,ZoneA,ZoneA,U082
T6317,Car10,2017-07-15 21:00:00.000,ZoneB,ZoneC,U010
T6318,Car20,2019-02-11 12:00:00.000,ZoneB,ZoneC,U097
T6319,Car03,2016-07-25 06:00:00.000,ZoneA,ZoneB,U137
T6320,Car17,2016-02-04 04:00:00.000,ZoneB,ZoneC,U114
T6321,Car27,2019-04-25 15:00:00.000,ZoneA,ZoneA,U104
T6322,Car20,2020-08-28 21:00:00.000,ZoneD,ZoneA,U148
T6323,Car24,2018-01-23 03:00:00.000,ZoneA,ZoneB,U147
T6324,Car12,2020-10-13 17:00:00.000,ZoneA,ZoneD,U032
T6325,Car22,2020-07-11 13:00:00.000,ZoneC,ZoneC,U036
T6326,Car09,2017-10-15 13:00:00.000,ZoneB,ZoneA,U124
T6327,Car14,2019-04-17 12:00:00.000,ZoneC,ZoneC,U100
T6328,Car02,2019-01-02 02:00:00.000,ZoneC,ZoneA,U156
T6329,Car30,2016-09-08 06:00:00.000,ZoneB,ZoneC,U010
T6330,Car15,2017-04-24 19:00:00.000,ZoneB,ZoneB,U048
T6331,Car27,2019-02-14 10:00:00.000,ZoneA,ZoneB,U122
T6332,Car09,2016-04-08 18:00:00.000,ZoneD,ZoneC,U122
T6333,Car02,2020-03-15 15:00:00.000,ZoneD,ZoneA,U035
T6334,Car03,2020-07-21 03:00:00.000,ZoneB,ZoneA,U076
T6335,Car18,2015-07-29 04:00:00.000,ZoneC,ZoneB,U036
T6336,Car27,2019-12-29 08:00:00.000,ZoneC,ZoneB,U035
T6337,Car17,2020-11-19 09:00:00.000,ZoneB,ZoneA,U150
T6338,Car04,2021-02-06 08:00:00.000,ZoneA,ZoneB,U042
T6339,Car13,2019-09-22 20:00:00.000,ZoneA,ZoneC,U059
T6340,Car02,2019-03-26 00:00:00.000,ZoneB,ZoneD,U039
T6341,Car27,2019-04-23 18:00:00.000,ZoneC,ZoneD,U088
T6342,Car12,2016-08-26 23:00:00.000,ZoneD,ZoneB,U036
T6343,Car19,2017-09-14 02:00:00.000,ZoneD,ZoneD,U058
T6345,Car28,2017-01-12 07:00:00.000,ZoneD,ZoneB,U120
T6346,Car17,2018-03-22 01:00:00.000,ZoneA,ZoneD,U092
T6347,Car22,2016-01-16 15:00:00.000,ZoneA,ZoneA,U137
T6348,Car05,2017-02-08 14:00:00.000,ZoneB,ZoneC,U113
T6349,Car08,2019-02-07 08:00:00.000,ZoneA,ZoneC,U073
T6350,Car08,2018-12-22 01:00:00.000,ZoneC,ZoneC,U030
T6351,Car04,2016-08-21 23:00:00.000,ZoneA,ZoneB,U117
T6352,Car27,2021-11-03 13:00:00.000,ZoneC,ZoneA,U156
T6353,Car01,2018-06-21 17:00:00.000,ZoneC,ZoneA,U065
T6354,Car04,2015-12-11 09:00:00.000,ZoneB,ZoneB,U091
T6355,Car28,2019-05-18 23:00:00.000,ZoneA,ZoneC,U064
T6356,Car16,2018-09-26 09:00:00.000,ZoneD,ZoneA,U041
T6357,Car24,2021-08-21 19:00:00.000,ZoneD,ZoneC,U123
T6358,Car17,2019-02-16 02:00:00.000,ZoneA,ZoneB,U105
T6359,Car07,2018-04-19 14:00:00.000,ZoneB,ZoneC,U017
T6360,Car20,2021-11-15 15:00:00.000,ZoneC,ZoneA,U119
T6361,Car23,2019-12-01 20:00:00.000,ZoneC,ZoneB,U062
T6362,Car16,2018-07-02 08:00:00.000,ZoneA,ZoneD,U034
T6363,Car01,2021-12-18 13:00:00.000,ZoneC,ZoneC,U079
T6364,Car27,2017-09-15 08:00:00.000,ZoneC,ZoneC,U157
T6365,Car25,2018-05-15 00:00:00.000,ZoneD,ZoneC,U115
T6366,Car21,2021-08-25 08:00:00.000,ZoneC,ZoneC,U043
T6367,Car01,2018-03-06 00:00:00.000,ZoneB,ZoneB,U093
T6368,Car02,2017-12-08 17:00:00.000,ZoneA,ZoneD,U115
T6369,Car30,2017-09-12 15:00:00.000,ZoneC,ZoneD,U036
T6370,Car08,2019-07-21 22:00:00.000,ZoneA,ZoneA,U032
T6371,Car04,2015-08-10 11:00:00.000,ZoneB,ZoneD,U049
T6372,Car06,2019-08-22 04:00:00.000,ZoneA,ZoneC,U032
T6373,Car24,2020-01-09 14:00:00.000,ZoneD,ZoneD,U028
T6374,Car15,2017-02-10 11:00:00.000,ZoneA,ZoneC,U090
T6375,Car17,2016-10-09 17:00:00.000,ZoneC,ZoneD,U020
T6376,Car25,2016-01-28 22:00:00.000,ZoneA,ZoneB,U148
T6377,Car17,2021-09-27 21:00:00.000,ZoneC,ZoneA,U097
T6378,Car03,2020-02-01 07:00:00.000,ZoneD,ZoneA,U031
T6379,Car15,2018-03-02 01:00:00.000,ZoneD,ZoneC,U082
T6380,Car11,2016-07-15 01:00:00.000,ZoneA,ZoneD,U045
T6381,Car08,2019-10-03 01:00:00.000,ZoneB,ZoneB,U125
T6382,Car28,2016-08-31 23:00:00.000,ZoneD,ZoneD,U057
T6383,Car09,2021-07-05 22:00:00.000,ZoneC,ZoneB,U104
T6384,Car13,2017-03-01 00:00:00.000,ZoneD,ZoneC,U102
T6385,Car08,2017-11-10 14:00:00.000,ZoneA,ZoneD,U162
T6386,Car01,2017-09-26 19:00:00.000,ZoneC,ZoneC,U024
T6387,Car14,2015-11-29 22:00:00.000,ZoneC,ZoneC,U076
T6388,Car13,2017-08-10 22:00:00.000,ZoneA,ZoneC,U150
T6389,Car21,2018-07-14 10:00:00.000,ZoneC,ZoneB,U048
T6390,Car09,2018-10-15 18:00:00.000,ZoneC,ZoneC,U122
T6391,Car23,2015-10-26 03:00:00.000,ZoneA,ZoneC,U073
T6392,Car19,2018-10-28 06:00:00.000,ZoneB,ZoneD,U059
T6393,Car14,2015-05-02 01:00:00.000,ZoneB,ZoneD,U088
T6394,Car13,2016-11-30 19:00:00.000,ZoneC,ZoneD,U154
T6395,Car12,2018-03-23 22:00:00.000,ZoneC,ZoneD,U085
T6396,Car09,2018-11-16 10:00:00.000,ZoneC,ZoneC,U067
T6397,Car16,2016-12-29 23:00:00.000,ZoneB,ZoneB,U149
T6398,Car24,2020-04-22 13:00:00.000,ZoneB,ZoneB,U012
T6399,Car25,2019-08-23 05:00:00.000,ZoneD,ZoneB,U057
T6400,Car22,2019-01-10 10:00:00.000,ZoneC,ZoneD,U086
T6401,Car21,2017-02-07 03:00:00.000,ZoneA,ZoneD,U117
T6402,Car07,2015-08-07 08:00:00.000,ZoneA,ZoneA,U155
T6403,Car22,2020-11-08 23:00:00.000,ZoneA,ZoneA,U140
T6404,Car10,2020-03-13 08:00:00.000,ZoneD,ZoneD,U135
T6405,Car18,2016-12-25 04:00:00.000,ZoneC,ZoneA,U079
T6406,Car15,2016-09-14 02:00:00.000,ZoneB,ZoneD,U050
T6407,Car27,2021-07-20 22:00:00.000,ZoneD,ZoneD,U015
T6408,Car11,2019-11-07 06:00:00.000,ZoneD,ZoneB,U020
T6409,Car12,2020-05-12 03:00:00.000,ZoneD,ZoneB,U124
T6410,Car12,2020-12-12 02:00:00.000,ZoneA,ZoneD,U030
T6411,Car15,2017-04-09 14:00:00.000,ZoneA,ZoneB,U096
T6412,Car24,2016-08-13 05:00:00.000,ZoneA,ZoneB,U064
T6413,Car11,2021-09-11 00:00:00.000,ZoneD,ZoneB,U074
T6414,Car30,2018-03-15 04:00:00.000,ZoneC,ZoneB,U020
T6415,Car14,2020-12-30 00:00:00.000,ZoneB,ZoneD,U015
T6416,Car05,2019-11-16 10:00:00.000,ZoneA,ZoneA,U022
T6417,Car05,2018-10-07 15:00:00.000,ZoneD,ZoneD,U048
T6418,Car28,2017-09-18 01:00:00.000,ZoneC,ZoneD,U136
T6419,Car26,2018-11-22 16:00:00.000,ZoneA,ZoneD,U120
T6420,Car11,2020-01-03 18:00:00.000,ZoneC,ZoneC,U080
T6421,Car20,2015-02-09 09:00:00.000,ZoneA,ZoneC,U072
T6422,Car04,2018-04-24 19:00:00.000,ZoneC,ZoneB,U048
T6423,Car21,2020-12-30 15:00:00.000,ZoneC,ZoneD,U017
T6424,Car21,2018-01-22 02:00:00.000,ZoneA,ZoneA,U047
T6425,Car23,2016-10-12 20:00:00.000,ZoneB,ZoneD,U054
T6426,Car21,2018-03-18 02:00:00.000,ZoneC,ZoneA,U030
T6427,Car03,2018-09-05 13:00:00.000,ZoneD,ZoneC,U033
T6428,Car27,2020-02-15 11:00:00.000,ZoneD,ZoneB,U046
T6429,Car09,2016-04-26 21:00:00.000,ZoneA,ZoneA,U133
T6430,Car11,2021-08-31 09:00:00.000,ZoneC,ZoneD,U155
T6431,Car09,2020-03-02 17:00:00.000,ZoneA,ZoneC,U110
T6432,Car24,2021-06-19 21:00:00.000,ZoneD,ZoneA,U103
T6433,Car04,2020-03-05 20:00:00.000,ZoneC,ZoneC,U087
T6434,Car17,2018-01-06 21:00:00.000,ZoneA,ZoneD,U097
T6435,Car25,2019-09-23 16:00:00.000,ZoneC,ZoneA,U100
T6436,Car13,2015-06-18 13:00:00.000,ZoneC,ZoneA,U120
T6437,Car20,2015-06-04 04:00:00.000,ZoneC,ZoneA,U159
T6438,Car14,2018-10-25 13:00:00.000,ZoneC,ZoneD,U099
T6439,Car13,2016-12-19 23:00:00.000,ZoneB,ZoneD,U053
T6440,Car21,2015-12-29 12:00:00.000,ZoneC,ZoneC,U085
T6441,Car29,2021-10-08 22:00:00.000,ZoneA,ZoneD,U114
T6442,Car12,2018-06-08 14:00:00.000,ZoneB,ZoneC,U056
T6443,Car30,2018-11-08 02:00:00.000,ZoneA,ZoneD,U155
T6444,Car02,2021-04-09 00:00:00.000,ZoneB,ZoneD,U063
T6445,Car05,2017-07-24 00:00:00.000,ZoneC,ZoneA,U038
T6446,Car05,2017-02-20 16:00:00.000,ZoneD,ZoneD,U098
T6447,Car12,2017-03-30 04:00:00.000,ZoneA,ZoneB,U112
T6448,Car04,2018-12-01 20:00:00.000,ZoneB,ZoneD,U155
T6449,Car02,2015-08-03 14:00:00.000,ZoneD,ZoneA,U143
T6450,Car22,2019-12-31 05:00:00.000,ZoneD,ZoneC,U019
T6451,Car14,2015-12-25 23:00:00.000,ZoneA,ZoneD,U081
T6452,Car17,2020-06-09 01:00:00.000,ZoneC,ZoneC,U150
T6453,Car04,2017-10-13 06:00:00.000,ZoneA,ZoneA,U054
T6454,Car08,2018-11-23 17:00:00.000,ZoneC,ZoneB,U054
T6455,Car30,2017-09-18 01:00:00.000,ZoneA,ZoneC,U063
T6456,Car02,2016-06-29 10:00:00.000,ZoneA,ZoneB,U067
T6457,Car13,2019-11-29 13:00:00.000,ZoneB,ZoneB,U091
T6458,Car16,2020-03-29 09:00:00.000,ZoneA,ZoneD,U034
T6459,Car05,2020-02-05 01:00:00.000,ZoneB,ZoneD,U043
T6460,Car28,2015-03-13 01:00:00.000,ZoneA,ZoneB,U148
T6461,Car12,2018-06-12 03:00:00.000,ZoneD,ZoneA,U044
T6462,Car17,2017-05-16 21:00:00.000,ZoneD,ZoneB,U142
T6463,Car29,2015-12-23 01:00:00.000,ZoneC,ZoneD,U096
T6464,Car25,2016-11-28 07:00:00.000,ZoneD,ZoneB,U107
T6465,Car09,2021-11-07 22:00:00.000,ZoneC,ZoneD,U125
T6466,Car22,2019-08-02 04:00:00.000,ZoneC,ZoneA,U043
T6467,Car29,2021-04-14 05:00:00.000,ZoneA,ZoneB,U072
T6468,Car24,2018-01-06 11:00:00.000,ZoneC,ZoneC,U095
T6469,Car18,2015-04-21 20:00:00.000,ZoneD,ZoneA,U062
T6471,Car04,2015-02-06 16:00:00.000,ZoneD,ZoneA,U117
T6472,Car24,2015-07-27 17:00:00.000,ZoneD,ZoneC,U122
T6473,Car27,2020-10-26 20:00:00.000,ZoneC,ZoneD,U074
T6474,Car07,2018-01-21 11:00:00.000,ZoneD,ZoneC,U075
T6475,Car10,2021-04-24 20:00:00.000,ZoneA,ZoneD,U118
T6476,Car21,2016-01-21 15:00:00.000,ZoneB,ZoneA,U114
T6477,Car03,2019-08-06 13:00:00.000,ZoneA,ZoneD,U129
T6478,Car02,2020-01-25 10:00:00.000,ZoneC,ZoneD,U016
T6479,Car22,2021-02-24 06:00:00.000,ZoneB,ZoneD,U148
T6480,Car16,2015-09-01 13:00:00.000,ZoneB,ZoneA,U122
T6481,Car27,2015-05-20 09:00:00.000,ZoneD,ZoneA,U129
T6482,Car06,2016-08-31 18:00:00.000,ZoneD,ZoneB,U067
T6483,Car01,2019-07-09 10:00:00.000,ZoneA,ZoneA,U103
T6484,Car08,2017-01-25 00:00:00.000,ZoneB,ZoneB,U025
T6485,Car30,2021-09-21 05:00:00.000,ZoneC,ZoneA,U057
T6486,Car21,2015-04-08 17:00:00.000,ZoneD,ZoneA,U116
T6487,Car21,2019-09-25 23:00:00.000,ZoneC,ZoneD,U042
T6488,Car05,2021-09-13 22:00:00.000,ZoneD,ZoneA,U152
T6489,Car16,2020-03-16 16:00:00.000,ZoneD,ZoneC,U115
T6490,Car24,2019-03-19 18:00:00.000,ZoneC,ZoneB,U070
T6491,Car30,2019-12-04 23:00:00.000,ZoneA,ZoneB,U052
T6492,Car06,2015-05-31 05:00:00.000,ZoneB,ZoneA,U019
T6493,Car03,2018-01-08 03:00:00.000,ZoneB,ZoneB,U040
T6494,Car17,2018-08-26 08:00:00.000,ZoneA,ZoneA,U113
T6495,Car10,2017-11-28 07:00:00.000,ZoneB,ZoneC,U156
T6496,Car17,2017-06-11 22:00:00.000,ZoneA,ZoneB,U162
T6497,Car16,2018-09-25 03:00:00.000,ZoneC,ZoneB,U153
T6498,Car24,2019-09-22 00:00:00.000,ZoneB,ZoneC,U016
T6499,Car23,2017-07-23 19:00:00.000,ZoneA,ZoneC,U032
T6500,Car15,2019-02-28 14:00:00.000,ZoneB,ZoneD,U024
T6501,Car16,2021-07-09 16:00:00.000,ZoneB,ZoneB,U047
T6502,Car15,2020-07-23 05:00:00.000,ZoneD,ZoneA,U015
T6503,Car05,2021-06-19 16:00:00.000,ZoneB,ZoneA,U109
T6505,Car12,2015-04-04 18:00:00.000,ZoneA,ZoneD,U159
T6506,Car06,2021-01-20 16:00:00.000,ZoneB,ZoneB,U085
T6508,Car11,2018-11-11 15:00:00.000,ZoneB,ZoneD,U014
T6510,Car04,2015-09-26 08:00:00.000,ZoneD,ZoneC,U077
T6511,Car19,2016-11-13 02:00:00.000,ZoneB,ZoneA,U046
T6512,Car21,2017-08-30 02:00:00.000,ZoneC,ZoneD,U138
T6513,Car26,2021-08-30 08:00:00.000,ZoneA,ZoneD,U107
T6514,Car15,2015-02-15 20:00:00.000,ZoneC,ZoneD,U141
T6515,Car28,2021-06-07 19:00:00.000,ZoneC,ZoneA,U126
T6516,Car08,2016-04-06 11:00:00.000,ZoneA,ZoneA,U081
T6517,Car11,2021-12-08 08:00:00.000,ZoneC,ZoneD,U155
T6518,Car10,2019-11-14 08:00:00.000,ZoneB,ZoneC,U035
T6519,Car16,2016-06-04 10:00:00.000,ZoneC,ZoneB,U058
T6520,Car24,2016-11-26 10:00:00.000,ZoneC,ZoneB,U137
T6521,Car24,2018-10-01 14:00:00.000,ZoneD,ZoneD,U091
T6522,Car12,2018-02-26 12:00:00.000,ZoneB,ZoneC,U049
T6523,Car08,2016-01-18 07:00:00.000,ZoneB,ZoneB,U030
T6524,Car16,2017-04-16 21:00:00.000,ZoneC,ZoneD,U112
T6525,Car21,2016-09-17 05:00:00.000,ZoneC,ZoneB,U149
T6526,Car27,2021-07-09 21:00:00.000,ZoneC,ZoneA,U150
T6527,Car12,2016-11-26 00:00:00.000,ZoneC,ZoneB,U138
T6528,Car12,2017-08-26 03:00:00.000,ZoneA,ZoneA,U046
T6529,Car05,2015-02-24 04:00:00.000,ZoneB,ZoneB,U035
T6530,Car11,2020-08-07 10:00:00.000,ZoneC,ZoneC,U086
T6531,Car07,2019-09-05 03:00:00.000,ZoneC,ZoneD,U117
T6532,Car18,2021-03-05 05:00:00.000,ZoneA,ZoneC,U056
T6533,Car06,2015-08-30 16:00:00.000,ZoneD,ZoneC,U107
T6534,Car23,2015-05-18 02:00:00.000,ZoneA,ZoneD,U146
T6535,Car29,2017-04-16 06:00:00.000,ZoneA,ZoneA,U147
T6537,Car27,2018-01-25 00:00:00.000,ZoneA,ZoneC,U078
T6538,Car02,2016-09-06 04:00:00.000,ZoneB,ZoneB,U096
T6539,Car10,2019-09-05 13:00:00.000,ZoneD,ZoneD,U032
T6540,Car06,2017-07-05 06:00:00.000,ZoneB,ZoneA,U062
T6541,Car11,2018-08-16 13:00:00.000,ZoneC,ZoneD,U054
T6542,Car18,2019-09-27 15:00:00.000,ZoneA,ZoneC,U127
T6543,Car25,2016-10-17 05:00:00.000,ZoneC,ZoneD,U110
T6544,Car26,2019-10-07 20:00:00.000,ZoneB,ZoneC,U058
T6545,Car08,2020-01-07 07:00:00.000,ZoneA,ZoneD,U099
T6546,Car19,2020-11-02 02:00:00.000,ZoneB,ZoneA,U096
T6548,Car06,2016-01-03 17:00:00.000,ZoneD,ZoneB,U050
T6549,Car20,2019-12-15 09:00:00.000,ZoneC,ZoneD,U115
T6550,Car27,2021-07-30 22:00:00.000,ZoneC,ZoneC,U013
T6552,Car04,2020-03-24 14:00:00.000,ZoneB,ZoneB,U051
T6553,Car25,2018-10-03 21:00:00.000,ZoneD,ZoneC,U012
T6554,Car18,2019-12-31 10:00:00.000,ZoneC,ZoneA,U041
T6555,Car29,2016-12-09 08:00:00.000,ZoneA,ZoneD,U127
T6556,Car10,2017-09-23 01:00:00.000,ZoneB,ZoneD,U062
T6557,Car25,2016-12-24 03:00:00.000,ZoneC,ZoneB,U042
T6559,Car22,2017-08-05 02:00:00.000,ZoneA,ZoneA,U011
T6560,Car06,2017-08-08 20:00:00.000,ZoneA,ZoneD,U148
T6561,Car19,2017-05-13 08:00:00.000,ZoneA,ZoneB,U101
T6562,Car28,2016-03-07 16:00:00.000,ZoneB,ZoneB,U129
T6563,Car17,2017-05-07 02:00:00.000,ZoneB,ZoneD,U062
T6564,Car08,2017-02-15 11:00:00.000,ZoneD,ZoneB,U122
T6565,Car29,2015-02-19 19:00:00.000,ZoneA,ZoneD,U030
T6566,Car08,2020-06-19 16:00:00.000,ZoneB,ZoneD,U067
T6567,Car02,2018-05-22 22:00:00.000,ZoneA,ZoneC,U041
T6568,Car07,2018-05-13 18:00:00.000,ZoneD,ZoneB,U024
T6569,Car23,2019-09-14 17:00:00.000,ZoneA,ZoneB,U080
T6570,Car19,2021-09-24 08:00:00.000,ZoneC,ZoneC,U019
T6571,Car10,2018-06-16 12:00:00.000,ZoneB,ZoneB,U155
T6572,Car26,2019-11-17 21:00:00.000,ZoneB,ZoneA,U075
T6573,Car04,2020-11-16 06:00:00.000,ZoneD,ZoneA,U120
T6574,Car13,2016-04-22 02:00:00.000,ZoneB,ZoneC,U098
T6575,Car14,2016-09-24 07:00:00.000,ZoneD,ZoneC,U039
T6576,Car26,2017-01-18 18:00:00.000,ZoneD,ZoneD,U060
T6577,Car23,2020-11-11 01:00:00.000,ZoneC,ZoneA,U119
T6578,Car18,2020-12-20 15:00:00.000,ZoneC,ZoneC,U147
T6579,Car04,2020-06-24 21:00:00.000,ZoneD,ZoneC,U050
T6580,Car24,2018-04-26 21:00:00.000,ZoneB,ZoneD,U131
T6581,Car07,2015-11-07 05:00:00.000,ZoneD,ZoneC,U061
T6582,Car08,2017-11-11 10:00:00.000,ZoneB,ZoneB,U136
T6583,Car22,2017-02-08 09:00:00.000,ZoneC,ZoneD,U049
T6584,Car08,2020-07-01 08:00:00.000,ZoneC,ZoneB,U047
T6585,Car07,2018-08-13 05:00:00.000,ZoneC,ZoneD,U023
T6586,Car05,2021-10-05 09:00:00.000,ZoneA,ZoneB,U076
T6587,Car05,2015-08-11 22:00:00.000,ZoneD,ZoneA,U122
T6588,Car11,2016-02-26 16:00:00.000,ZoneA,ZoneB,U077
T6589,Car07,2017-01-16 01:00:00.000,ZoneA,ZoneB,U157
T6590,Car22,2017-07-10 16:00:00.000,ZoneB,ZoneA,U152
T6591,Car21,2020-11-02 17:00:00.000,ZoneA,ZoneD,U061
T6592,Car13,2019-04-24 04:00:00.000,ZoneB,ZoneD,U131
T6593,Car28,2018-11-27 11:00:00.000,ZoneC,ZoneA,U093
T6594,Car07,2016-10-12 20:00:00.000,ZoneD,ZoneA,U101
T6595,Car06,2020-05-15 06:00:00.000,ZoneD,ZoneB,U096
T6596,Car20,2020-10-10 09:00:00.000,ZoneB,ZoneB,U088
T6597,Car11,2017-12-07 06:00:00.000,ZoneB,ZoneC,U085
T6598,Car11,2016-10-29 17:00:00.000,ZoneC,ZoneA,U147
T6599,Car02,2020-01-29 19:00:00.000,ZoneD,ZoneA,U020
T6600,Car09,2019-02-22 13:00:00.000,ZoneA,ZoneB,U094
T6601,Car29,2017-07-16 17:00:00.000,ZoneA,ZoneA,U139
T6602,Car10,2015-01-01 00:00:00.000,ZoneC,ZoneA,U063
T6603,Car20,2016-10-17 15:00:00.000,ZoneC,ZoneD,U019
T6604,Car18,2015-03-25 23:00:00.000,ZoneB,ZoneB,U089
T6605,Car05,2015-03-25 13:00:00.000,ZoneB,ZoneC,U021
T6606,Car05,2021-10-22 06:00:00.000,ZoneB,ZoneC,U149
T6608,Car01,2020-04-09 20:00:00.000,ZoneA,ZoneB,U159
T6609,Car22,2020-05-17 18:00:00.000,ZoneC,ZoneD,U046
T6610,Car27,2015-10-23 00:00:00.000,ZoneC,ZoneB,U110
T6611,Car21,2016-05-22 02:00:00.000,ZoneD,ZoneB,U117
T6612,Car19,2015-08-13 14:00:00.000,ZoneB,ZoneA,U090
T6613,Car10,2019-04-02 12:00:00.000,ZoneD,ZoneA,U114
T6614,Car16,2021-05-01 12:00:00.000,ZoneD,ZoneB,U133
T6615,Car01,2018-08-22 14:00:00.000,ZoneD,ZoneC,U028
T6616,Car18,2021-01-20 21:00:00.000,ZoneB,ZoneC,U140
T6617,Car29,2019-11-20 14:00:00.000,ZoneB,ZoneA,U045
T6618,Car19,2015-10-15 17:00:00.000,ZoneA,ZoneC,U114
T6619,Car19,2018-09-02 05:00:00.000,ZoneD,ZoneC,U078
T6620,Car05,2019-06-01 07:00:00.000,ZoneB,ZoneA,U075
T6621,Car08,2018-09-12 20:00:00.000,ZoneD,ZoneD,U128
T6622,Car17,2018-08-04 11:00:00.000,ZoneB,ZoneB,U152
T6623,Car01,2020-01-30 10:00:00.000,ZoneD,ZoneA,U083
T6624,Car24,2017-12-11 10:00:00.000,ZoneD,ZoneB,U138
T6625,Car20,2016-08-25 12:00:00.000,ZoneC,ZoneC,U064
T6626,Car05,2018-08-29 21:00:00.000,ZoneC,ZoneA,U078
T6627,Car12,2020-10-18 17:00:00.000,ZoneD,ZoneD,U102
T6628,Car14,2015-09-17 04:00:00.000,ZoneC,ZoneD,U128
T6629,Car01,2019-12-24 23:00:00.000,ZoneD,ZoneB,U046
T6630,Car05,2016-08-18 20:00:00.000,ZoneA,ZoneC,U085
T6631,Car21,2017-11-25 09:00:00.000,ZoneB,ZoneB,U049
T6632,Car02,2018-02-04 15:00:00.000,ZoneA,ZoneB,U039
T6633,Car20,2015-12-23 21:00:00.000,ZoneC,ZoneA,U038
T6634,Car08,2015-10-18 15:00:00.000,ZoneD,ZoneA,U101
T6635,Car14,2019-09-16 09:00:00.000,ZoneB,ZoneA,U100
T6636,Car20,2019-10-21 19:00:00.000,ZoneB,ZoneD,U015
T6637,Car05,2020-04-28 09:00:00.000,ZoneD,ZoneA,U040
T6638,Car25,2021-12-18 18:00:00.000,ZoneD,ZoneC,U038
T6639,Car19,2020-04-21 12:00:00.000,ZoneB,ZoneD,U155
T6640,Car29,2020-04-17 23:00:00.000,ZoneA,ZoneD,U101
T6641,Car03,2015-07-27 17:00:00.000,ZoneA,ZoneC,U048
T6642,Car26,2019-05-06 21:00:00.000,ZoneC,ZoneD,U020
T6643,Car07,2018-06-26 22:00:00.000,ZoneC,ZoneA,U083
T6644,Car30,2020-04-06 02:00:00.000,ZoneD,ZoneC,U042
T6645,Car14,2021-11-05 00:00:00.000,ZoneA,ZoneC,U105
T6646,Car06,2020-04-09 20:00:00.000,ZoneB,ZoneD,U097
T6647,Car16,2019-05-28 13:00:00.000,ZoneB,ZoneA,U081
T6648,Car08,2019-05-07 12:00:00.000,ZoneC,ZoneB,U079
T6649,Car24,2020-06-06 23:00:00.000,ZoneC,ZoneA,U035
T6650,Car19,2019-05-12 17:00:00.000,ZoneD,ZoneA,U060
T6651,Car25,2019-10-04 12:00:00.000,ZoneB,ZoneA,U140
T6652,Car08,2016-10-29 02:00:00.000,ZoneA,ZoneB,U161
T6653,Car30,2015-11-03 01:00:00.000,ZoneB,ZoneC,U022
T6654,Car13,2020-10-03 22:00:00.000,ZoneA,ZoneC,U014
T6655,Car25,2015-03-24 17:00:00.000,ZoneC,ZoneB,U065
T6656,Car03,2021-12-30 15:00:00.000,ZoneB,ZoneA,U081
T6657,Car19,2020-01-20 15:00:00.000,ZoneC,ZoneA,U125
T6658,Car27,2020-10-06 10:00:00.000,ZoneA,ZoneB,U016
T6659,Car01,2021-09-17 21:00:00.000,ZoneB,ZoneC,U085
T6660,Car06,2020-01-20 05:00:00.000,ZoneD,ZoneB,U098
T6661,Car02,2017-08-25 22:00:00.000,ZoneC,ZoneA,U121
T6662,Car17,2015-07-07 22:00:00.000,ZoneC,ZoneD,U122
T6663,Car03,2021-04-10 16:00:00.000,ZoneA,ZoneA,U064
T6664,Car07,2015-01-17 11:00:00.000,ZoneB,ZoneD,U130
T6665,Car29,2020-11-29 09:00:00.000,ZoneB,ZoneA,U069
T6666,Car18,2019-04-11 01:00:00.000,ZoneD,ZoneB,U055
T6667,Car22,2017-11-24 08:00:00.000,ZoneC,ZoneA,U056
T6668,Car18,2015-01-23 17:00:00.000,ZoneB,ZoneD,U160
T6669,Car30,2017-07-28 09:00:00.000,ZoneB,ZoneD,U075
T6670,Car15,2018-11-17 16:00:00.000,ZoneD,ZoneC,U123
T6671,Car22,2016-08-10 17:00:00.000,ZoneA,ZoneA,U155
T6672,Car21,2018-05-23 08:00:00.000,ZoneB,ZoneA,U141
T6673,Car05,2017-03-05 04:00:00.000,ZoneD,ZoneD,U030
T6674,Car09,2015-02-04 14:00:00.000,ZoneD,ZoneC,U089
T6675,Car22,2015-12-20 13:00:00.000,ZoneD,ZoneA,U041
T6676,Car15,2020-01-31 11:00:00.000,ZoneB,ZoneB,U141
T6677,Car06,2017-07-15 21:00:00.000,ZoneD,ZoneB,U161
T6678,Car03,2016-05-05 15:00:00.000,ZoneD,ZoneC,U109
T6679,Car24,2020-05-28 19:00:00.000,ZoneA,ZoneC,U056
T6680,Car13,2019-04-15 15:00:00.000,ZoneA,ZoneA,U033
T6681,Car08,2020-02-16 17:00:00.000,ZoneB,ZoneC,U120
T6682,Car04,2020-06-28 15:00:00.000,ZoneA,ZoneD,U093
T6683,Car23,2021-05-30 16:00:00.000,ZoneD,ZoneD,U059
T6684,Car28,2018-01-11 11:00:00.000,ZoneA,ZoneC,U153
T6685,Car20,2018-09-09 07:00:00.000,ZoneC,ZoneC,U122
T6686,Car20,2021-05-30 11:00:00.000,ZoneB,ZoneC,U070
T6687,Car28,2020-01-09 14:00:00.000,ZoneD,ZoneC,U161
T6688,Car04,2021-11-10 05:00:00.000,ZoneA,ZoneB,U093
T6689,Car10,2018-12-04 08:00:00.000,ZoneA,ZoneD,U022
T6690,Car16,2019-07-15 11:00:00.000,ZoneC,ZoneB,U095
T6691,Car14,2015-12-30 23:00:00.000,ZoneC,ZoneB,U020
T6692,Car13,2017-02-23 09:00:00.000,ZoneB,ZoneC,U079
T6693,Car30,2015-03-06 14:00:00.000,ZoneB,ZoneD,U016
T6694,Car29,2020-08-06 04:00:00.000,ZoneA,ZoneA,U124
T6695,Car12,2020-12-07 17:00:00.000,ZoneA,ZoneD,U100
T6696,Car09,2018-03-13 22:00:00.000,ZoneC,ZoneA,U128
T6697,Car23,2016-03-10 04:00:00.000,ZoneB,ZoneB,U147
T6698,Car27,2021-12-08 18:00:00.000,ZoneA,ZoneD,U039
T6699,Car24,2021-03-13 13:00:00.000,ZoneA,ZoneA,U014
T6700,Car22,2016-07-05 11:00:00.000,ZoneD,ZoneB,U162
T6701,Car14,2015-05-29 13:00:00.000,ZoneB,ZoneB,U034
T6702,Car21,2018-01-17 17:00:00.000,ZoneA,ZoneD,U091
T6703,Car08,2019-01-18 13:00:00.000,ZoneC,ZoneC,U015
T6704,Car28,2017-08-06 03:00:00.000,ZoneA,ZoneA,U084
T6705,Car18,2015-04-18 02:00:00.000,ZoneD,ZoneA,U026
T6706,Car29,2019-08-24 16:00:00.000,ZoneB,ZoneD,U151
T6707,Car21,2019-12-13 17:00:00.000,ZoneA,ZoneD,U117
T6708,Car25,2018-11-16 10:00:00.000,ZoneA,ZoneA,U077
T6710,Car07,2021-11-07 02:00:00.000,ZoneD,ZoneD,U031
T6711,Car06,2015-10-24 06:00:00.000,ZoneD,ZoneC,U079
T6712,Car12,2020-08-10 13:00:00.000,ZoneB,ZoneD,U091
T6713,Car16,2017-01-18 08:00:00.000,ZoneB,ZoneC,U093
T6714,Car05,2021-10-13 12:00:00.000,ZoneD,ZoneA,U112
T6715,Car23,2020-07-01 13:00:00.000,ZoneC,ZoneD,U065
T6716,Car25,2016-02-19 14:00:00.000,ZoneA,ZoneD,U016
T6718,Car01,2016-07-09 05:00:00.000,ZoneD,ZoneC,U119
T6719,Car24,2018-04-24 09:00:00.000,ZoneA,ZoneB,U102
T6720,Car22,2019-11-29 08:00:00.000,ZoneA,ZoneA,U100
T6721,Car21,2019-07-15 06:00:00.000,ZoneB,ZoneA,U103
T6722,Car25,2020-02-06 12:00:00.000,ZoneA,ZoneC,U067
T6723,Car09,2017-02-23 09:00:00.000,ZoneB,ZoneD,U080
T6724,Car09,2017-01-03 18:00:00.000,ZoneC,ZoneB,U145
T6725,Car06,2021-02-07 14:00:00.000,ZoneC,ZoneD,U090
T6726,Car18,2016-12-20 09:00:00.000,ZoneA,ZoneB,U162
T6727,Car10,2017-01-03 23:00:00.000,ZoneD,ZoneD,U076
T6728,Car24,2018-04-22 07:00:00.000,ZoneC,ZoneC,U017
T6729,Car06,2015-12-15 13:00:00.000,ZoneB,ZoneD,U071
T6730,Car22,2015-03-09 17:00:00.000,ZoneA,ZoneB,U098
T6731,Car22,2021-08-07 20:00:00.000,ZoneB,ZoneC,U074
T6732,Car17,2015-10-27 09:00:00.000,ZoneA,ZoneA,U057
T6733,Car17,2020-01-27 12:00:00.000,ZoneD,ZoneB,U048
T6734,Car13,2020-01-25 15:00:00.000,ZoneA,ZoneA,U097
T6735,Car01,2019-12-19 13:00:00.000,ZoneD,ZoneC,U072
T6736,Car15,2015-03-29 22:00:00.000,ZoneB,ZoneD,U102
T6737,Car13,2018-10-30 03:00:00.000,ZoneD,ZoneD,U050
T6738,Car24,2015-02-10 15:00:00.000,ZoneA,ZoneD,U110
T6739,Car29,2020-12-15 00:00:00.000,ZoneA,ZoneB,U086
T6740,Car22,2017-05-30 20:00:00.000,ZoneB,ZoneC,U051
T6741,Car13,2016-02-22 07:00:00.000,ZoneD,ZoneD,U048
T6742,Car11,2015-10-02 14:00:00.000,ZoneB,ZoneC,U042
T6743,Car06,2017-03-11 10:00:00.000,ZoneB,ZoneD,U063
T6744,Car24,2018-11-03 02:00:00.000,ZoneC,ZoneC,U099
T6745,Car06,2019-02-14 00:00:00.000,ZoneD,ZoneA,U019
T6746,Car25,2019-09-17 20:00:00.000,ZoneA,ZoneA,U025
T6747,Car19,2015-06-05 20:00:00.000,ZoneA,ZoneC,U093
T6748,Car19,2021-10-11 20:00:00.000,ZoneA,ZoneD,U029
T6750,Car12,2018-05-27 22:00:00.000,ZoneD,ZoneD,U099
T6751,Car04,2016-06-06 12:00:00.000,ZoneB,ZoneA,U059
T6752,Car16,2020-07-31 03:00:00.000,ZoneA,ZoneC,U042
T6753,Car26,2017-09-13 21:00:00.000,ZoneC,ZoneD,U054
T6754,Car09,2019-01-05 15:00:00.000,ZoneA,ZoneC,U133
T6755,Car10,2021-03-05 10:00:00.000,ZoneD,ZoneB,U013
T6756,Car24,2015-05-23 07:00:00.000,ZoneD,ZoneC,U044
T6757,Car19,2016-08-29 21:00:00.000,ZoneC,ZoneA,U127
T6758,Car26,2018-11-18 12:00:00.000,ZoneC,ZoneA,U125
T6759,Car20,2015-06-21 06:00:00.000,ZoneD,ZoneC,U015
T6760,Car08,2021-11-09 09:00:00.000,ZoneD,ZoneB,U136
T6761,Car03,2017-09-28 01:00:00.000,ZoneB,ZoneB,U153
T6762,Car23,2015-07-02 02:00:00.000,ZoneD,ZoneB,U137
T6763,Car01,2018-01-06 01:00:00.000,ZoneB,ZoneA,U135
T6764,Car01,2018-05-30 05:00:00.000,ZoneC,ZoneA,U119
T6765,Car18,2021-06-13 20:00:00.000,ZoneA,ZoneD,U108
T6766,Car27,2017-09-12 05:00:00.000,ZoneD,ZoneB,U121
T6767,Car28,2015-06-10 20:00:00.000,ZoneC,ZoneB,U131
T6768,Car27,2017-06-29 05:00:00.000,ZoneC,ZoneD,U096
T6769,Car10,2021-07-31 13:00:00.000,ZoneD,ZoneB,U162
T6770,Car02,2015-02-22 02:00:00.000,ZoneA,ZoneD,U158
T6771,Car02,2015-09-17 04:00:00.000,ZoneA,ZoneB,U076
T6772,Car26,2016-04-03 13:00:00.000,ZoneB,ZoneC,U050
T6773,Car19,2019-10-16 19:00:00.000,ZoneD,ZoneC,U100
T6774,Car04,2020-08-18 11:00:00.000,ZoneB,ZoneD,U018
T6775,Car19,2016-11-28 22:00:00.000,ZoneD,ZoneC,U031
T6776,Car27,2018-04-11 01:00:00.000,ZoneA,ZoneC,U016
T6777,Car24,2017-07-30 21:00:00.000,ZoneC,ZoneD,U022
T6778,Car11,2018-11-28 02:00:00.000,ZoneC,ZoneA,U019
T6779,Car14,2018-09-20 08:00:00.000,ZoneD,ZoneA,U147
T6780,Car28,2018-02-15 01:00:00.000,ZoneA,ZoneD,U064
T6781,Car04,2019-12-30 09:00:00.000,ZoneA,ZoneD,U010
T6782,Car01,2020-02-24 00:00:00.000,ZoneA,ZoneD,U143
T6783,Car22,2018-10-15 08:00:00.000,ZoneB,ZoneA,U113
T6784,Car19,2019-09-02 00:00:00.000,ZoneA,ZoneD,U020
T6785,Car08,2016-03-20 14:00:00.000,ZoneB,ZoneC,U067
T6786,Car16,2017-03-22 21:00:00.000,ZoneD,ZoneB,U111
T6787,Car29,2019-02-07 23:00:00.000,ZoneC,ZoneA,U094
T6788,Car24,2017-11-13 07:00:00.000,ZoneB,ZoneA,U033
T6789,Car05,2021-03-26 01:00:00.000,ZoneA,ZoneB,U064
T6790,Car25,2016-09-02 10:00:00.000,ZoneC,ZoneD,U013
T6791,Car16,2017-12-27 01:00:00.000,ZoneC,ZoneC,U118
T6792,Car15,2016-09-20 18:00:00.000,ZoneC,ZoneA,U026
T6793,Car20,2018-06-03 19:00:00.000,ZoneB,ZoneB,U152
T6794,Car17,2021-06-24 01:00:00.000,ZoneA,ZoneC,U029
T6795,Car27,2020-09-14 03:00:00.000,ZoneB,ZoneB,U102
T6796,Car30,2016-12-30 04:00:00.000,ZoneB,ZoneC,U135
T6797,Car09,2020-02-16 17:00:00.000,ZoneB,ZoneC,U160
T6798,Car01,2016-07-26 17:00:00.000,ZoneA,ZoneB,U083
T6799,Car27,2015-12-08 06:00:00.000,ZoneC,ZoneB,U044
T6800,Car18,2021-12-23 23:00:00.000,ZoneD,ZoneB,U017
T6801,Car07,2015-02-21 01:00:00.000,ZoneB,ZoneB,U083
T6802,Car12,2017-11-17 21:00:00.000,ZoneC,ZoneA,U090
T6803,Car11,2019-08-14 21:00:00.000,ZoneC,ZoneC,U065
T6804,Car14,2018-08-29 16:00:00.000,ZoneC,ZoneB,U157
T6805,Car06,2021-02-16 18:00:00.000,ZoneD,ZoneA,U131
T6806,Car25,2016-10-18 06:00:00.000,ZoneC,ZoneC,U038
T6807,Car22,2020-06-13 15:00:00.000,ZoneC,ZoneB,U022
T6808,Car08,2019-07-25 11:00:00.000,ZoneB,ZoneA,U105
T6809,Car22,2019-12-29 18:00:00.000,ZoneA,ZoneB,U153
T6810,Car14,2016-03-01 00:00:00.000,ZoneC,ZoneA,U144
T6811,Car01,2015-09-10 12:00:00.000,ZoneC,ZoneC,U092
T6812,Car19,2015-10-05 22:00:00.000,ZoneB,ZoneA,U133
T6813,Car21,2016-07-15 21:00:00.000,ZoneC,ZoneD,U096
T8403,Car05,2018-11-01 00:00:00.000,ZoneB,ZoneB,U057
T8404,Car28,2021-09-14 13:00:00.000,ZoneD,ZoneB,U034
T8406,Car28,2021-06-24 11:00:00.000,ZoneD,ZoneB,U120
T8407,Car13,2018-01-11 16:00:00.000,ZoneD,ZoneC,U112
T8408,Car14,2018-08-18 10:00:00.000,ZoneD,ZoneC,U151
T8409,Car14,2016-05-27 17:00:00.000,ZoneB,ZoneC,U056
T8410,Car16,2015-11-25 08:00:00.000,ZoneD,ZoneB,U013
T8411,Car17,2020-02-09 15:00:00.000,ZoneD,ZoneC,U123
T8412,Car25,2019-11-01 20:00:00.000,ZoneA,ZoneA,U057
T8413,Car23,2018-10-28 21:00:00.000,ZoneD,ZoneC,U069
T8414,Car15,2018-02-19 20:00:00.000,ZoneB,ZoneC,U096
T8415,Car06,2015-10-28 20:00:00.000,ZoneC,ZoneB,U109
T8416,Car04,2017-01-24 19:00:00.000,ZoneA,ZoneC,U127
T8417,Car19,2015-10-04 11:00:00.000,ZoneC,ZoneA,U162
T8418,Car17,2018-02-02 23:00:00.000,ZoneA,ZoneA,U078
T8419,Car22,2020-07-06 08:00:00.000,ZoneA,ZoneD,U152
T8420,Car01,2017-12-31 15:00:00.000,ZoneD,ZoneD,U141
T8421,Car22,2016-07-16 22:00:00.000,ZoneC,ZoneA,U120
T8422,Car05,2021-07-29 06:00:00.000,ZoneD,ZoneD,U061
T8423,Car11,2017-04-14 04:00:00.000,ZoneC,ZoneC,U121
T8424,Car27,2018-04-09 09:00:00.000,ZoneC,ZoneA,U121
T8425,Car23,2017-01-29 09:00:00.000,ZoneD,ZoneC,U099
T8426,Car20,2015-08-27 23:00:00.000,ZoneD,ZoneA,U159
T8427,Car13,2016-01-30 04:00:00.000,ZoneA,ZoneC,U084
T8428,Car16,2016-05-21 21:00:00.000,ZoneD,ZoneB,U146
T8429,Car03,2017-06-19 20:00:00.000,ZoneB,ZoneA,U038
T8430,Car25,2017-09-09 22:00:00.000,ZoneB,ZoneB,U092
T8431,Car17,2017-03-20 14:00:00.000,ZoneD,ZoneA,U072
T8432,Car15,2017-05-30 20:00:00.000,ZoneD,ZoneD,U141
T8433,Car17,2016-02-18 08:00:00.000,ZoneD,ZoneB,U048
T8434,Car21,2017-02-06 22:00:00.000,ZoneC,ZoneA,U162
T8435,Car18,2018-04-24 09:00:00.000,ZoneB,ZoneD,U023
T8436,Car14,2017-04-22 02:00:00.000,ZoneD,ZoneB,U025
T8437,Car03,2016-10-11 14:00:00.000,ZoneD,ZoneB,U029
T8438,Car08,2016-01-19 23:00:00.000,ZoneC,ZoneD,U157
T8439,Car23,2015-10-12 09:00:00.000,ZoneB,ZoneB,U157
T8440,Car20,2021-07-10 22:00:00.000,ZoneA,ZoneB,U042
T8441,Car16,2019-08-07 19:00:00.000,ZoneC,ZoneA,U142
T8442,Car11,2018-03-05 04:00:00.000,ZoneD,ZoneA,U150
T8443,Car17,2017-12-10 19:00:00.000,ZoneA,ZoneB,U081
T8444,Car30,2017-08-25 12:00:00.000,ZoneA,ZoneD,U072
T8445,Car03,2017-08-21 13:00:00.000,ZoneC,ZoneB,U161
T8446,Car11,2021-12-17 12:00:00.000,ZoneC,ZoneA,U133
T8447,Car14,2018-06-08 14:00:00.000,ZoneC,ZoneA,U062
T8448,Car29,2020-07-19 01:00:00.000,ZoneC,ZoneB,U145
T8449,Car22,2015-10-31 03:00:00.000,ZoneA,ZoneD,U088
T8450,Car11,2015-11-03 21:00:00.000,ZoneB,ZoneB,U061
T8451,Car26,2015-09-25 02:00:00.000,ZoneC,ZoneC,U138
T8452,Car25,2016-10-02 05:00:00.000,ZoneB,ZoneA,U041
T8453,Car01,2016-02-10 20:00:00.000,ZoneB,ZoneB,U150
T8454,Car07,2017-06-20 21:00:00.000,ZoneC,ZoneA,U162
T8455,Car22,2017-04-06 06:00:00.000,ZoneC,ZoneC,U145
T8456,Car01,2016-03-13 07:00:00.000,ZoneB,ZoneC,U146
T8457,Car10,2020-01-23 03:00:00.000,ZoneA,ZoneC,U132
T8458,Car11,2018-08-08 15:00:00.000,ZoneB,ZoneD,U162
T8459,Car24,2021-09-21 10:00:00.000,ZoneC,ZoneA,U070
T8460,Car23,2016-10-31 19:00:00.000,ZoneB,ZoneC,U129
T8461,Car23,2015-08-18 14:00:00.000,ZoneC,ZoneB,U046
T8462,Car19,2017-06-01 12:00:00.000,ZoneC,ZoneB,U085
T8463,Car04,2018-04-18 13:00:00.000,ZoneB,ZoneA,U025
T8464,Car24,2017-03-03 07:00:00.000,ZoneB,ZoneA,U100
T8465,Car18,2021-11-01 11:00:00.000,ZoneB,ZoneD,U020
T8466,Car02,2018-09-14 02:00:00.000,ZoneB,ZoneB,U069
T8467,Car02,2018-01-28 08:00:00.000,ZoneD,ZoneA,U128
T8468,Car19,2019-04-10 10:00:00.000,ZoneB,ZoneD,U052
T8469,Car04,2019-05-11 06:00:00.000,ZoneC,ZoneC,U139
T8470,Car02,2020-01-12 02:00:00.000,ZoneC,ZoneB,U136
T8471,Car02,2015-01-08 17:00:00.000,ZoneB,ZoneA,U151
T8472,Car04,2018-11-20 14:00:00.000,ZoneD,ZoneA,U079
T8473,Car26,2019-10-19 12:00:00.000,ZoneD,ZoneB,U016
T8474,Car16,2021-11-30 10:00:00.000,ZoneD,ZoneC,U011
T8475,Car08,2021-11-16 06:00:00.000,ZoneA,ZoneB,U028
T8476,Car14,2016-10-16 09:00:00.000,ZoneD,ZoneB,U138
T8477,Car25,2021-02-11 23:00:00.000,ZoneC,ZoneC,U146
T8478,Car28,2021-06-09 11:00:00.000,ZoneD,ZoneA,U049
T8479,Car09,2021-09-02 21:00:00.000,ZoneA,ZoneD,U155
T8480,Car05,2016-08-13 10:00:00.000,ZoneA,ZoneB,U064
T8481,Car18,2015-10-09 06:00:00.000,ZoneA,ZoneD,U144
T8482,Car01,2019-09-02 05:00:00.000,ZoneB,ZoneB,U124
T8483,Car01,2019-07-26 07:00:00.000,ZoneC,ZoneD,U079
T8484,Car09,2018-11-22 16:00:00.000,ZoneC,ZoneC,U130
T8485,Car21,2019-07-07 23:00:00.000,ZoneD,ZoneC,U011
T8486,Car03,2016-03-22 11:00:00.000,ZoneB,ZoneB,U015
T8487,Car15,2021-08-30 08:00:00.000,ZoneB,ZoneA,U113
T8488,Car01,2015-10-22 19:00:00.000,ZoneA,ZoneA,U070
T8489,Car13,2020-05-11 17:00:00.000,ZoneB,ZoneA,U016
T8490,Car19,2021-12-24 04:00:00.000,ZoneA,ZoneD,U098
T8491,Car18,2017-09-24 07:00:00.000,ZoneA,ZoneC,U099
T8492,Car15,2017-11-27 01:00:00.000,ZoneA,ZoneD,U093
T8493,Car14,2020-10-20 14:00:00.000,ZoneC,ZoneB,U120
T8494,Car13,2017-06-03 19:00:00.000,ZoneC,ZoneB,U078
T8495,Car15,2021-06-06 13:00:00.000,ZoneD,ZoneA,U041
T8496,Car06,2018-08-21 18:00:00.000,ZoneA,ZoneD,U133
T8497,Car13,2019-02-17 18:00:00.000,ZoneB,ZoneB,U126
T8498,Car14,2019-04-14 14:00:00.000,ZoneA,ZoneB,U113
T8499,Car22,2016-06-11 17:00:00.000,ZoneD,ZoneB,U149
T8500,Car11,2020-11-07 22:00:00.000,ZoneB,ZoneD,U149
T8501,Car06,2019-05-22 17:00:00.000,ZoneD,ZoneD,U118
T8502,Car22,2015-09-06 18:00:00.000,ZoneB,ZoneC,U071
T8503,Car06,2019-10-13 01:00:00.000,ZoneD,ZoneA,U158
T8504,Car21,2016-07-22 13:00:00.000,ZoneB,ZoneD,U118
T8505,Car23,2017-07-26 12:00:00.000,ZoneB,ZoneB,U098
T8506,Car20,2020-06-15 12:00:00.000,ZoneC,ZoneB,U095
T8507,Car21,2021-06-15 12:00:00.000,ZoneC,ZoneB,U153
T8508,Car20,2019-02-22 08:00:00.000,ZoneB,ZoneA,U145
T8509,Car15,2020-04-27 18:00:00.000,ZoneA,ZoneB,U158
T8510,Car18,2018-04-22 22:00:00.000,ZoneA,ZoneC,U135
T8511,Car10,2020-06-12 04:00:00.000,ZoneD,ZoneD,U077
T8512,Car15,2015-01-24 18:00:00.000,ZoneC,ZoneA,U136
T8513,Car24,2021-12-15 05:00:00.000,ZoneD,ZoneB,U073
T8514,Car02,2016-11-09 03:00:00.000,ZoneA,ZoneA,U055
T8515,Car04,2015-08-31 02:00:00.000,ZoneB,ZoneA,U081
T8516,Car10,2016-11-24 23:00:00.000,ZoneA,ZoneD,U154
T8517,Car24,2017-12-10 14:00:00.000,ZoneB,ZoneD,U119
T8518,Car25,2018-07-01 17:00:00.000,ZoneC,ZoneB,U069
T8519,Car09,2019-06-15 06:00:00.000,ZoneC,ZoneC,U148
T8520,Car16,2019-08-18 15:00:00.000,ZoneD,ZoneC,U089
T8521,Car23,2015-03-02 00:00:00.000,ZoneA,ZoneC,U095
T8522,Car04,2017-10-02 15:00:00.000,ZoneA,ZoneC,U084
T8523,Car20,2018-09-16 09:00:00.000,ZoneC,ZoneC,U016
T8524,Car30,2018-08-25 12:00:00.000,ZoneB,ZoneB,U117
T8525,Car24,2019-10-04 17:00:00.000,ZoneD,ZoneB,U035
T8526,Car08,2015-09-21 18:00:00.000,ZoneB,ZoneD,U045
T8527,Car03,2018-07-08 09:00:00.000,ZoneC,ZoneC,U105
T8528,Car05,2021-12-03 18:00:00.000,ZoneA,ZoneC,U078
T8529,Car24,2019-02-27 13:00:00.000,ZoneD,ZoneA,U063
T8530,Car11,2020-08-09 22:00:00.000,ZoneC,ZoneA,U017
T8531,Car19,2018-07-07 03:00:00.000,ZoneD,ZoneB,U150
T8532,Car12,2018-05-28 08:00:00.000,ZoneC,ZoneA,U039
T8533,Car10,2017-11-18 22:00:00.000,ZoneC,ZoneA,U041
T8534,Car06,2020-11-13 03:00:00.000,ZoneD,ZoneB,U070
T8535,Car10,2019-04-03 03:00:00.000,ZoneC,ZoneA,U028
T8536,Car12,2016-01-25 09:00:00.000,ZoneB,ZoneC,U106
T8538,Car10,2018-08-09 01:00:00.000,ZoneB,ZoneA,U119
T8539,Car11,2019-06-21 22:00:00.000,ZoneB,ZoneA,U056
T8540,Car22,2021-08-24 02:00:00.000,ZoneB,ZoneD,U111
T8541,Car07,2021-12-30 10:00:00.000,ZoneC,ZoneD,U132
T8542,Car13,2018-06-09 05:00:00.000,ZoneC,ZoneC,U129
T8543,Car03,2019-08-21 08:00:00.000,ZoneA,ZoneA,U059
T8544,Car26,2018-07-06 17:00:00.000,ZoneD,ZoneA,U066
T8545,Car06,2021-05-04 05:00:00.000,ZoneD,ZoneD,U136
T8546,Car29,2021-09-01 20:00:00.000,ZoneA,ZoneA,U074
T8547,Car13,2015-05-09 18:00:00.000,ZoneC,ZoneC,U092
T8548,Car17,2019-04-02 02:00:00.000,ZoneA,ZoneA,U074
T8549,Car09,2015-01-28 02:00:00.000,ZoneA,ZoneC,U028
T8550,Car17,2020-06-28 05:00:00.000,ZoneC,ZoneA,U049
T8551,Car10,2015-08-15 21:00:00.000,ZoneC,ZoneC,U040
T8552,Car16,2018-05-06 06:00:00.000,ZoneC,ZoneC,U106
T8553,Car06,2017-10-29 07:00:00.000,ZoneA,ZoneC,U031
T8554,Car06,2017-07-28 19:00:00.000,ZoneB,ZoneD,U159
T8555,Car28,2015-01-28 12:00:00.000,ZoneD,ZoneC,U026
T8556,Car01,2018-09-08 06:00:00.000,ZoneC,ZoneB,U028
T8557,Car19,2019-12-10 14:00:00.000,ZoneD,ZoneD,U127
T8558,Car04,2021-06-02 14:00:00.000,ZoneC,ZoneD,U063
T8559,Car09,2017-12-31 00:00:00.000,ZoneC,ZoneD,U066
T8560,Car25,2016-09-23 11:00:00.000,ZoneA,ZoneC,U046
T8561,Car29,2021-05-05 06:00:00.000,ZoneD,ZoneA,U072
T8562,Car12,2017-04-25 10:00:00.000,ZoneB,ZoneC,U092
T8563,Car11,2019-12-03 07:00:00.000,ZoneA,ZoneB,U051
T8564,Car05,2016-12-02 16:00:00.000,ZoneA,ZoneB,U161
T8565,Car15,2018-10-21 14:00:00.000,ZoneA,ZoneB,U097
T8566,Car17,2020-09-20 09:00:00.000,ZoneD,ZoneA,U105
T8567,Car29,2019-03-14 08:00:00.000,ZoneC,ZoneB,U129
T8568,Car01,2019-03-11 10:00:00.000,ZoneB,ZoneD,U108
T8569,Car16,2021-10-04 03:00:00.000,ZoneA,ZoneA,U043
T8570,Car15,2020-05-14 20:00:00.000,ZoneB,ZoneB,U136
T8571,Car28,2021-12-28 23:00:00.000,ZoneA,ZoneD,U041
T8572,Car05,2019-08-15 22:00:00.000,ZoneB,ZoneB,U053
T8573,Car02,2016-11-09 13:00:00.000,ZoneC,ZoneB,U011
T8574,Car07,2021-04-02 18:00:00.000,ZoneC,ZoneC,U112
T8575,Car30,2017-03-28 22:00:00.000,ZoneD,ZoneA,U021
T8576,Car04,2019-04-20 00:00:00.000,ZoneA,ZoneC,U096
T8577,Car10,2018-11-09 23:00:00.000,ZoneA,ZoneA,U054
T8578,Car25,2015-03-05 18:00:00.000,ZoneA,ZoneD,U070
T8579,Car19,2017-09-11 19:00:00.000,ZoneB,ZoneB,U111
T8580,Car19,2018-01-27 12:00:00.000,ZoneC,ZoneA,U133
T8581,Car07,2017-03-18 07:00:00.000,ZoneA,ZoneC,U104
T8582,Car10,2019-06-06 07:00:00.000,ZoneD,ZoneD,U021
T8583,Car28,2015-11-16 19:00:00.000,ZoneB,ZoneD,U092
T8584,Car17,2017-02-23 19:00:00.000,ZoneB,ZoneA,U105
T8585,Car24,2017-11-02 06:00:00.000,ZoneD,ZoneB,U106
T8586,Car06,2021-06-26 23:00:00.000,ZoneB,ZoneC,U011
T8587,Car01,2020-08-28 16:00:00.000,ZoneD,ZoneB,U054
T8588,Car15,2020-11-23 13:00:00.000,ZoneB,ZoneC,U154
T8589,Car07,2020-02-02 13:00:00.000,ZoneD,ZoneA,U150
T8590,Car18,2018-03-19 13:00:00.000,ZoneB,ZoneA,U043
T8591,Car01,2017-01-14 14:00:00.000,ZoneD,ZoneB,U089
T8592,Car29,2016-03-18 07:00:00.000,ZoneA,ZoneC,U041
T8593,Car28,2018-10-03 06:00:00.000,ZoneB,ZoneA,U088
T8594,Car02,2018-07-11 02:00:00.000,ZoneA,ZoneC,U077
T8595,Car05,2018-05-13 03:00:00.000,ZoneA,ZoneB,U055
T8596,Car25,2018-05-09 04:00:00.000,ZoneB,ZoneB,U154
T8597,Car17,2016-05-09 04:00:00.000,ZoneC,ZoneD,U056
T8598,Car02,2015-10-21 18:00:00.000,ZoneD,ZoneD,U112
T8599,Car30,2020-05-07 13:00:00.000,ZoneC,ZoneB,U095
T8600,Car20,2015-08-13 09:00:00.000,ZoneC,ZoneA,U036
T8601,Car22,2015-12-05 08:00:00.000,ZoneC,ZoneC,U143
T8602,Car23,2021-07-06 08:00:00.000,ZoneA,ZoneA,U060
T8603,Car08,2020-11-05 15:00:00.000,ZoneC,ZoneB,U139
T8604,Car21,2018-03-17 16:00:00.000,ZoneA,ZoneC,U073
T8605,Car09,2018-04-11 21:00:00.000,ZoneC,ZoneA,U032
T8606,Car23,2018-01-26 01:00:00.000,ZoneD,ZoneD,U133
T8608,Car24,2020-10-05 14:00:00.000,ZoneB,ZoneA,U064
T8609,Car03,2020-12-07 12:00:00.000,ZoneC,ZoneD,U046
T8610,Car20,2016-12-31 00:00:00.000,ZoneA,ZoneA,U076
T8611,Car18,2020-10-28 22:00:00.000,ZoneB,ZoneC,U085
T8612,Car26,2019-07-11 17:00:00.000,ZoneC,ZoneB,U017
T8613,Car07,2017-10-20 08:00:00.000,ZoneD,ZoneB,U099
T8614,Car11,2017-12-23 07:00:00.000,ZoneD,ZoneD,U083
T8615,Car16,2020-05-16 22:00:00.000,ZoneB,ZoneA,U092
T8616,Car10,2021-06-04 01:00:00.000,ZoneB,ZoneA,U090
T8617,Car29,2016-02-16 01:00:00.000,ZoneB,ZoneB,U061
T8618,Car23,2019-10-03 11:00:00.000,ZoneA,ZoneC,U103
T8619,Car03,2016-06-09 20:00:00.000,ZoneD,ZoneD,U083
T8620,Car26,2020-05-23 04:00:00.000,ZoneA,ZoneB,U143
T8621,Car07,2019-05-15 10:00:00.000,ZoneB,ZoneA,U149
T8622,Car21,2015-03-23 01:00:00.000,ZoneD,ZoneC,U061
T8623,Car17,2017-02-12 23:00:00.000,ZoneB,ZoneB,U101
T8624,Car14,2016-10-08 16:00:00.000,ZoneA,ZoneD,U112
T8625,Car16,2017-06-04 05:00:00.000,ZoneA,ZoneA,U032
T8626,Car02,2020-04-04 05:00:00.000,ZoneB,ZoneC,U010
T8627,Car21,2021-03-21 01:00:00.000,ZoneD,ZoneB,U110
T8628,Car15,2017-05-23 03:00:00.000,ZoneD,ZoneB,U151
T8629,Car07,2016-07-12 08:00:00.000,ZoneD,ZoneC,U047
T8631,Car13,2020-10-05 09:00:00.000,ZoneD,ZoneD,U127
T8632,Car13,2019-08-02 19:00:00.000,ZoneB,ZoneC,U135
T8633,Car12,2018-04-15 15:00:00.000,ZoneC,ZoneC,U070
T8634,Car02,2015-02-22 17:00:00.000,ZoneC,ZoneB,U071
T8635,Car16,2015-09-12 14:00:00.000,ZoneA,ZoneB,U119
T8636,Car01,2021-07-01 18:00:00.000,ZoneB,ZoneD,U158
T8637,Car07,2019-08-24 16:00:00.000,ZoneB,ZoneD,U043
T8638,Car03,2019-09-19 17:00:00.000,ZoneD,ZoneA,U124
T8639,Car23,2015-04-13 02:00:00.000,ZoneA,ZoneB,U050
T8640,Car13,2019-12-04 13:00:00.000,ZoneC,ZoneA,U142
T8641,Car12,2016-03-01 20:00:00.000,ZoneC,ZoneD,U039
T8642,Car16,2017-05-22 07:00:00.000,ZoneD,ZoneA,U160
T8643,Car16,2017-12-02 01:00:00.000,ZoneC,ZoneC,U095
T8644,Car17,2021-06-09 06:00:00.000,ZoneD,ZoneA,U087
T8645,Car28,2015-01-23 07:00:00.000,ZoneC,ZoneA,U032
T8646,Car24,2015-03-20 23:00:00.000,ZoneA,ZoneB,U068
T8647,Car04,2017-08-22 09:00:00.000,ZoneB,ZoneA,U039
T8648,Car06,2020-04-16 22:00:00.000,ZoneB,ZoneD,U067
T8649,Car02,2021-03-29 04:00:00.000,ZoneC,ZoneC,U083
T8650,Car08,2017-06-30 06:00:00.000,ZoneC,ZoneD,U108
T8651,Car15,2016-09-09 07:00:00.000,ZoneC,ZoneA,U100
T8652,Car25,2018-02-22 03:00:00.000,ZoneC,ZoneA,U071
T8653,Car06,2017-02-26 12:00:00.000,ZoneB,ZoneA,U066
T8654,Car16,2021-04-14 10:00:00.000,ZoneA,ZoneB,U078
T8655,Car14,2017-10-07 05:00:00.000,ZoneD,ZoneB,U141
T8656,Car23,2021-04-06 17:00:00.000,ZoneB,ZoneA,U015
T8657,Car20,2016-01-07 16:00:00.000,ZoneA,ZoneA,U067
T8658,Car15,2019-06-02 08:00:00.000,ZoneC,ZoneB,U117
T8659,Car12,2015-09-26 13:00:00.000,ZoneC,ZoneB,U038
T8660,Car24,2018-01-11 16:00:00.000,ZoneA,ZoneB,U073
T8661,Car05,2019-04-24 19:00:00.000,ZoneD,ZoneC,U148
T8662,Car10,2017-04-30 05:00:00.000,ZoneA,ZoneC,U029
T8663,Car22,2017-07-24 20:00:00.000,ZoneA,ZoneA,U029
T8664,Car20,2019-11-15 19:00:00.000,ZoneA,ZoneA,U075
T8665,Car22,2017-03-09 23:00:00.000,ZoneC,ZoneA,U125
T8666,Car06,2016-11-12 11:00:00.000,ZoneB,ZoneB,U141
T8667,Car20,2016-01-17 21:00:00.000,ZoneC,ZoneD,U018
T8668,Car04,2019-01-16 16:00:00.000,ZoneA,ZoneA,U124
T8669,Car23,2016-04-05 15:00:00.000,ZoneB,ZoneB,U128
T8670,Car22,2017-08-09 01:00:00.000,ZoneD,ZoneC,U090
T8671,Car13,2020-01-27 17:00:00.000,ZoneD,ZoneB,U025
T8672,Car28,2018-12-13 12:00:00.000,ZoneC,ZoneC,U089
T8673,Car18,2017-12-06 10:00:00.000,ZoneC,ZoneC,U085
T8674,Car07,2017-10-03 16:00:00.000,ZoneC,ZoneA,U068
T8675,Car23,2021-07-09 01:00:00.000,ZoneD,ZoneC,U037
T8676,Car11,2015-11-12 00:00:00.000,ZoneA,ZoneA,U076
T8677,Car01,2019-08-06 23:00:00.000,ZoneC,ZoneD,U088
T8678,Car14,2015-07-10 15:00:00.000,ZoneC,ZoneA,U027
T8679,Car10,2021-02-10 07:00:00.000,ZoneB,ZoneD,U019
T8680,Car21,2016-08-09 01:00:00.000,ZoneB,ZoneD,U088
T8681,Car14,2015-09-07 09:00:00.000,ZoneC,ZoneD,U048
T8682,Car12,2016-07-07 13:00:00.000,ZoneD,ZoneC,U155
T8684,Car21,2019-03-25 04:00:00.000,ZoneC,ZoneB,U124
T8685,Car15,2017-06-09 05:00:00.000,ZoneA,ZoneD,U047
T8686,Car11,2015-06-17 22:00:00.000,ZoneC,ZoneA,U126
T8687,Car01,2016-09-08 21:00:00.000,ZoneB,ZoneD,U068
T8688,Car18,2018-09-19 22:00:00.000,ZoneA,ZoneC,U112
T8689,Car29,2016-07-22 18:00:00.000,ZoneC,ZoneB,U118
T8690,Car22,2016-07-08 09:00:00.000,ZoneD,ZoneD,U147
T8691,Car23,2017-11-17 01:00:00.000,ZoneD,ZoneC,U014
T8692,Car19,2018-07-29 10:00:00.000,ZoneA,ZoneC,U136
T8693,Car16,2016-08-18 05:00:00.000,ZoneD,ZoneD,U131
T8694,Car15,2019-09-30 18:00:00.000,ZoneC,ZoneC,U073
T8695,Car09,2015-06-11 21:00:00.000,ZoneB,ZoneB,U033
T8696,Car11,2021-03-11 11:00:00.000,ZoneC,ZoneD,U158
T8697,Car10,2017-07-27 23:00:00.000,ZoneC,ZoneC,U149
T8698,Car27,2017-06-01 17:00:00.000,ZoneD,ZoneC,U155
T8699,Car26,2021-12-15 20:00:00.000,ZoneB,ZoneB,U097
T8700,Car24,2020-08-24 07:00:00.000,ZoneB,ZoneC,U026
T8701,Car28,2020-01-04 09:00:00.000,ZoneD,ZoneA,U081
T8702,Car30,2016-05-07 12:00:00.000,ZoneB,ZoneB,U037
T8703,Car02,2021-07-25 02:00:00.000,ZoneC,ZoneC,U048
T8704,Car18,2018-03-28 17:00:00.000,ZoneC,ZoneC,U081
T8705,Car14,2017-10-12 05:00:00.000,ZoneD,ZoneC,U157
T8706,Car17,2017-11-16 05:00:00.000,ZoneB,ZoneB,U063
T8707,Car01,2018-05-04 14:00:00.000,ZoneD,ZoneB,U117
T8708,Car19,2019-05-03 08:00:00.000,ZoneA,ZoneB,U044
T8709,Car07,2016-12-21 05:00:00.000,ZoneA,ZoneC,U105
T8710,Car10,2019-11-17 16:00:00.000,ZoneD,ZoneD,U040
T8711,Car05,2015-11-06 14:00:00.000,ZoneB,ZoneB,U014
T8712,Car05,2018-07-02 08:00:00.000,ZoneC,ZoneB,U010
T8713,Car26,2018-11-02 11:00:00.000,ZoneB,ZoneA,U074
T8714,Car07,2015-01-30 14:00:00.000,ZoneD,ZoneB,U123
T8715,Car19,2020-05-24 00:00:00.000,ZoneB,ZoneB,U025
T8716,Car25,2017-02-03 19:00:00.000,ZoneB,ZoneA,U106
T8717,Car09,2019-09-19 12:00:00.000,ZoneA,ZoneA,U100
T8718,Car01,2020-02-02 18:00:00.000,ZoneC,ZoneB,U094
T8719,Car22,2021-02-09 01:00:00.000,ZoneD,ZoneA,U099
T8720,Car13,2018-07-13 04:00:00.000,ZoneD,ZoneC,U029
T8721,Car19,2015-08-08 04:00:00.000,ZoneB,ZoneB,U056
T8722,Car24,2019-03-10 14:00:00.000,ZoneA,ZoneA,U153
T8723,Car18,2020-01-20 05:00:00.000,ZoneB,ZoneC,U068
T8724,Car01,2018-10-22 15:00:00.000,ZoneC,ZoneD,U063
T8725,Car18,2016-04-08 13:00:00.000,ZoneA,ZoneB,U045
T8726,Car29,2020-06-03 10:00:00.000,ZoneD,ZoneC,U150
T8727,Car16,2015-11-25 13:00:00.000,ZoneA,ZoneB,U100
T8728,Car24,2018-11-10 09:00:00.000,ZoneA,ZoneA,U126
T8729,Car04,2016-06-15 21:00:00.000,ZoneC,ZoneA,U038
T8730,Car08,2017-07-06 07:00:00.000,ZoneD,ZoneA,U131
T8731,Car14,2016-08-25 22:00:00.000,ZoneB,ZoneC,U146
T8732,Car28,2020-02-10 01:00:00.000,ZoneA,ZoneB,U154
T8733,Car23,2015-05-29 13:00:00.000,ZoneB,ZoneA,U029
T8734,Car30,2016-06-26 07:00:00.000,ZoneA,ZoneA,U026
T8735,Car29,2015-04-16 00:00:00.000,ZoneA,ZoneC,U073
T8736,Car09,2016-04-20 05:00:00.000,ZoneB,ZoneC,U101
T8737,Car09,2021-06-09 16:00:00.000,ZoneC,ZoneD,U044
T8738,Car01,2017-07-16 02:00:00.000,ZoneB,ZoneB,U115
T8739,Car26,2017-03-21 05:00:00.000,ZoneC,ZoneC,U126
T8740,Car07,2017-05-20 10:00:00.000,ZoneA,ZoneD,U078
T8741,Car13,2021-04-24 15:00:00.000,ZoneC,ZoneC,U027
T8742,Car29,2016-07-19 20:00:00.000,ZoneC,ZoneA,U137
T8743,Car09,2021-07-03 15:00:00.000,ZoneB,ZoneD,U142
T8744,Car17,2021-09-16 20:00:00.000,ZoneC,ZoneB,U022
T8745,Car04,2021-11-06 16:00:00.000,ZoneB,ZoneD,U028
T8746,Car18,2021-02-25 22:00:00.000,ZoneA,ZoneA,U128
T8747,Car22,2017-10-14 12:00:00.000,ZoneA,ZoneD,U070
T8748,Car09,2021-05-14 15:00:00.000,ZoneD,ZoneC,U112
T8749,Car06,2015-01-25 09:00:00.000,ZoneC,ZoneA,U131
T8750,Car07,2015-04-05 19:00:00.000,ZoneC,ZoneB,U152
T8751,Car07,2019-12-20 19:00:00.000,ZoneC,ZoneA,U073
T7522,Car24,2019-09-27 15:00:00.000,ZoneD,ZoneA,U069
T7523,Car21,2019-10-30 03:00:00.000,ZoneB,ZoneB,U115
T7524,Car29,2021-04-25 21:00:00.000,ZoneB,ZoneA,U079
T7525,Car05,2018-02-16 17:00:00.000,ZoneD,ZoneB,U082
T7526,Car02,2020-09-22 06:00:00.000,ZoneC,ZoneD,U107
T7527,Car02,2020-05-20 01:00:00.000,ZoneD,ZoneD,U162
T7528,Car17,2019-07-04 10:00:00.000,ZoneC,ZoneC,U066
T7529,Car27,2021-02-17 19:00:00.000,ZoneC,ZoneB,U059
T7530,Car12,2017-08-28 05:00:00.000,ZoneA,ZoneC,U087
T7531,Car03,2021-04-07 03:00:00.000,ZoneC,ZoneB,U011
T7532,Car18,2017-03-05 14:00:00.000,ZoneD,ZoneA,U078
T7533,Car06,2015-10-30 12:00:00.000,ZoneA,ZoneC,U109
T7534,Car23,2015-10-24 21:00:00.000,ZoneC,ZoneC,U072
T7535,Car25,2017-05-30 20:00:00.000,ZoneA,ZoneA,U134
T7536,Car25,2015-03-29 12:00:00.000,ZoneB,ZoneA,U056
T7537,Car25,2017-04-09 19:00:00.000,ZoneA,ZoneB,U086
T7538,Car16,2019-02-07 08:00:00.000,ZoneA,ZoneA,U082
T7539,Car02,2016-10-01 19:00:00.000,ZoneB,ZoneD,U068
T7540,Car11,2017-08-24 21:00:00.000,ZoneB,ZoneC,U138
T7541,Car02,2019-09-24 12:00:00.000,ZoneD,ZoneC,U059
T7542,Car30,2021-02-04 21:00:00.000,ZoneB,ZoneC,U013
T7543,Car25,2015-05-20 14:00:00.000,ZoneD,ZoneC,U144
T7544,Car08,2018-10-09 02:00:00.000,ZoneA,ZoneC,U144
T7545,Car29,2019-09-21 04:00:00.000,ZoneB,ZoneD,U080
T7546,Car26,2019-10-21 09:00:00.000,ZoneD,ZoneB,U107
T7547,Car28,2021-06-21 13:00:00.000,ZoneD,ZoneA,U158
T7548,Car07,2017-06-14 05:00:00.000,ZoneA,ZoneB,U067
T7549,Car21,2020-05-05 11:00:00.000,ZoneA,ZoneB,U144
T7550,Car20,2018-06-19 20:00:00.000,ZoneA,ZoneA,U048
T7551,Car23,2015-04-19 08:00:00.000,ZoneA,ZoneD,U074
T7552,Car10,2016-03-05 19:00:00.000,ZoneD,ZoneD,U043
T7553,Car16,2017-06-26 22:00:00.000,ZoneC,ZoneA,U159
T7554,Car15,2015-04-24 08:00:00.000,ZoneA,ZoneB,U072
T7555,Car17,2016-10-19 17:00:00.000,ZoneD,ZoneA,U063
T7556,Car07,2020-07-20 02:00:00.000,ZoneC,ZoneA,U052
T7557,Car07,2016-08-02 14:00:00.000,ZoneA,ZoneB,U147
T7558,Car13,2020-09-17 11:00:00.000,ZoneD,ZoneC,U075
T7559,Car14,2015-03-29 02:00:00.000,ZoneA,ZoneC,U037
T7560,Car30,2018-02-02 03:00:00.000,ZoneA,ZoneD,U076
T7561,Car17,2015-10-13 20:00:00.000,ZoneD,ZoneC,U137
T7562,Car26,2021-03-19 09:00:00.000,ZoneC,ZoneB,U054
T7563,Car22,2017-04-25 00:00:00.000,ZoneD,ZoneB,U132
T7564,Car24,2021-07-09 06:00:00.000,ZoneC,ZoneD,U082
T7565,Car21,2016-03-21 20:00:00.000,ZoneC,ZoneA,U116
T7566,Car12,2018-05-31 06:00:00.000,ZoneD,ZoneC,U016
T7567,Car19,2021-01-29 00:00:00.000,ZoneC,ZoneB,U137
T7568,Car02,2019-02-17 23:00:00.000,ZoneA,ZoneD,U016
T7569,Car11,2021-08-06 14:00:00.000,ZoneC,ZoneA,U043
T7570,Car18,2020-02-25 21:00:00.000,ZoneB,ZoneC,U128
T7571,Car30,2018-01-06 16:00:00.000,ZoneC,ZoneA,U124
T7572,Car13,2019-10-08 06:00:00.000,ZoneA,ZoneA,U139
T7573,Car21,2021-11-15 00:00:00.000,ZoneB,ZoneD,U012
T7574,Car02,2017-05-01 16:00:00.000,ZoneC,ZoneC,U116
T7575,Car13,2020-01-17 12:00:00.000,ZoneC,ZoneB,U139
T7576,Car26,2019-07-15 21:00:00.000,ZoneD,ZoneB,U147
T7577,Car03,2021-01-28 14:00:00.000,ZoneA,ZoneD,U094
T7578,Car07,2015-07-16 21:00:00.000,ZoneA,ZoneC,U093
T7579,Car12,2021-08-03 21:00:00.000,ZoneC,ZoneC,U027
T7580,Car24,2018-06-27 18:00:00.000,ZoneD,ZoneB,U041
T7581,Car24,2021-11-19 04:00:00.000,ZoneD,ZoneC,U045
T7582,Car28,2019-11-05 14:00:00.000,ZoneB,ZoneC,U113
T7583,Car21,2016-10-28 16:00:00.000,ZoneB,ZoneA,U110
T7584,Car30,2017-03-14 23:00:00.000,ZoneB,ZoneB,U016
T7585,Car04,2016-07-26 17:00:00.000,ZoneB,ZoneB,U159
T7586,Car27,2018-02-19 00:00:00.000,ZoneB,ZoneD,U070
T7587,Car22,2018-12-04 18:00:00.000,ZoneA,ZoneD,U138
T7588,Car18,2021-03-06 11:00:00.000,ZoneA,ZoneA,U126
T7589,Car28,2021-09-22 16:00:00.000,ZoneB,ZoneC,U129
T7590,Car01,2015-04-29 23:00:00.000,ZoneD,ZoneA,U066
T7591,Car03,2015-09-04 16:00:00.000,ZoneB,ZoneC,U093
T7592,Car03,2020-03-09 14:00:00.000,ZoneA,ZoneB,U113
T7593,Car02,2019-10-16 14:00:00.000,ZoneC,ZoneA,U038
T7594,Car09,2018-12-22 06:00:00.000,ZoneC,ZoneB,U108
T7595,Car11,2015-10-14 21:00:00.000,ZoneC,ZoneA,U076
T7596,Car22,2017-07-01 17:00:00.000,ZoneC,ZoneC,U076
T7597,Car06,2015-05-30 09:00:00.000,ZoneB,ZoneA,U014
T7598,Car24,2015-04-27 16:00:00.000,ZoneC,ZoneB,U023
T7599,Car12,2015-12-18 06:00:00.000,ZoneB,ZoneA,U045
T7600,Car21,2016-07-21 22:00:00.000,ZoneD,ZoneD,U041
T7601,Car03,2019-03-11 10:00:00.000,ZoneD,ZoneA,U137
T7602,Car23,2017-04-27 02:00:00.000,ZoneB,ZoneD,U114
T7603,Car29,2016-08-17 14:00:00.000,ZoneC,ZoneD,U129
T7604,Car18,2015-02-10 00:00:00.000,ZoneA,ZoneB,U019
T7605,Car21,2016-07-22 08:00:00.000,ZoneA,ZoneA,U162
T7606,Car09,2018-02-15 11:00:00.000,ZoneA,ZoneA,U063
T7607,Car27,2019-08-12 19:00:00.000,ZoneB,ZoneB,U085
T7608,Car12,2020-10-24 23:00:00.000,ZoneB,ZoneC,U088
T7609,Car16,2015-01-02 21:00:00.000,ZoneA,ZoneB,U119
T7610,Car26,2018-06-10 01:00:00.000,ZoneB,ZoneA,U036
T7611,Car22,2021-03-11 01:00:00.000,ZoneA,ZoneA,U153
T7612,Car09,2018-05-26 01:00:00.000,ZoneA,ZoneA,U149
T7613,Car01,2015-07-13 23:00:00.000,ZoneA,ZoneD,U135
T7614,Car28,2020-04-12 23:00:00.000,ZoneD,ZoneB,U069
T7615,Car29,2021-06-22 09:00:00.000,ZoneD,ZoneC,U068
T7616,Car03,2016-12-21 00:00:00.000,ZoneB,ZoneB,U029
T7617,Car02,2016-02-03 13:00:00.000,ZoneB,ZoneC,U034
T7618,Car20,2016-07-07 13:00:00.000,ZoneB,ZoneD,U094
T7619,Car23,2015-08-28 09:00:00.000,ZoneA,ZoneA,U078
T7620,Car28,2015-08-28 14:00:00.000,ZoneD,ZoneA,U091
T7621,Car20,2019-09-24 22:00:00.000,ZoneD,ZoneA,U042
T7622,Car11,2019-03-14 03:00:00.000,ZoneC,ZoneD,U105
T7623,Car01,2021-09-17 01:00:00.000,ZoneC,ZoneB,U048
T7624,Car20,2015-01-27 01:00:00.000,ZoneA,ZoneD,U057
T7625,Car07,2017-01-28 23:00:00.000,ZoneB,ZoneC,U063
T7626,Car12,2016-08-09 01:00:00.000,ZoneD,ZoneD,U013
T7627,Car09,2016-05-25 15:00:00.000,ZoneC,ZoneC,U065
T7628,Car11,2019-02-21 17:00:00.000,ZoneB,ZoneC,U012
T7629,Car05,2021-04-12 23:00:00.000,ZoneA,ZoneD,U031
T7630,Car23,2015-09-09 01:00:00.000,ZoneA,ZoneC,U073
T7631,Car11,2021-09-11 20:00:00.000,ZoneD,ZoneD,U115
T7632,Car01,2021-06-11 08:00:00.000,ZoneA,ZoneD,U149
T7633,Car03,2021-01-27 08:00:00.000,ZoneA,ZoneA,U131
T7634,Car03,2021-06-06 23:00:00.000,ZoneC,ZoneD,U070
T7635,Car20,2021-08-08 11:00:00.000,ZoneC,ZoneB,U159
T7636,Car12,2016-10-19 12:00:00.000,ZoneB,ZoneA,U149
T7637,Car28,2021-09-26 00:00:00.000,ZoneB,ZoneD,U022
T7638,Car22,2018-07-11 22:00:00.000,ZoneB,ZoneA,U070
T7639,Car22,2019-01-04 19:00:00.000,ZoneA,ZoneD,U137
T7640,Car30,2020-09-11 15:00:00.000,ZoneB,ZoneA,U033
T7641,Car29,2015-07-28 23:00:00.000,ZoneD,ZoneB,U120
T7642,Car16,2018-06-07 13:00:00.000,ZoneA,ZoneC,U124
T7643,Car13,2020-08-23 01:00:00.000,ZoneB,ZoneD,U052
T7644,Car25,2020-10-06 20:00:00.000,ZoneB,ZoneC,U042
T7645,Car02,2018-06-21 12:00:00.000,ZoneA,ZoneC,U065
T7646,Car26,2015-02-17 02:00:00.000,ZoneA,ZoneA,U065
T7647,Car13,2020-05-18 19:00:00.000,ZoneC,ZoneB,U047
T7648,Car24,2018-04-22 02:00:00.000,ZoneA,ZoneD,U110
T7649,Car11,2021-01-26 02:00:00.000,ZoneD,ZoneB,U074
T7650,Car23,2019-08-31 08:00:00.000,ZoneA,ZoneA,U021
T7651,Car24,2020-02-12 08:00:00.000,ZoneB,ZoneC,U149
T7652,Car24,2016-03-13 17:00:00.000,ZoneA,ZoneC,U120
T7653,Car07,2015-02-12 07:00:00.000,ZoneA,ZoneA,U085
T7654,Car02,2021-05-10 06:00:00.000,ZoneD,ZoneA,U114
T7655,Car07,2020-03-09 14:00:00.000,ZoneC,ZoneA,U049
T7656,Car01,2021-01-29 00:00:00.000,ZoneA,ZoneA,U040
T7657,Car26,2015-06-03 23:00:00.000,ZoneC,ZoneA,U116
T7658,Car22,2021-01-31 07:00:00.000,ZoneB,ZoneC,U117
T7659,Car06,2016-08-28 10:00:00.000,ZoneD,ZoneC,U067
T7660,Car15,2020-10-03 12:00:00.000,ZoneD,ZoneC,U076
T7661,Car01,2016-08-13 00:00:00.000,ZoneC,ZoneD,U108
T7662,Car27,2016-11-08 12:00:00.000,ZoneB,ZoneA,U125
T7663,Car05,2015-10-09 06:00:00.000,ZoneA,ZoneB,U091
T7664,Car05,2018-07-19 10:00:00.000,ZoneC,ZoneB,U162
T7665,Car04,2015-11-24 17:00:00.000,ZoneB,ZoneC,U132
T7666,Car28,2021-07-25 02:00:00.000,ZoneD,ZoneC,U136
T7667,Car25,2020-10-04 03:00:00.000,ZoneA,ZoneB,U053
T7668,Car01,2016-07-20 16:00:00.000,ZoneC,ZoneB,U087
T7669,Car27,2015-10-22 19:00:00.000,ZoneB,ZoneA,U078
T7670,Car12,2017-06-20 16:00:00.000,ZoneA,ZoneB,U055
T7671,Car01,2017-09-19 07:00:00.000,ZoneA,ZoneB,U115
T7672,Car05,2018-05-22 17:00:00.000,ZoneB,ZoneB,U107
T7673,Car29,2016-06-14 10:00:00.000,ZoneC,ZoneA,U153
T7674,Car11,2016-05-04 19:00:00.000,ZoneC,ZoneA,U094
T7675,Car28,2017-10-14 17:00:00.000,ZoneB,ZoneC,U106
T7676,Car29,2017-10-23 21:00:00.000,ZoneA,ZoneC,U106
T7677,Car17,2018-08-05 17:00:00.000,ZoneA,ZoneA,U115
T7678,Car17,2017-07-01 07:00:00.000,ZoneB,ZoneC,U096
T7679,Car14,2017-10-14 12:00:00.000,ZoneA,ZoneD,U047
T7680,Car12,2019-08-17 09:00:00.000,ZoneB,ZoneB,U081
T7681,Car16,2016-05-31 11:00:00.000,ZoneB,ZoneA,U111
T7682,Car17,2019-05-23 13:00:00.000,ZoneC,ZoneC,U135
T7683,Car18,2019-03-16 05:00:00.000,ZoneA,ZoneD,U042
T7684,Car18,2020-07-06 03:00:00.000,ZoneD,ZoneB,U046
T7685,Car07,2018-01-28 13:00:00.000,ZoneC,ZoneB,U155
T7686,Car05,2020-08-17 05:00:00.000,ZoneA,ZoneD,U081
T7687,Car23,2021-07-31 03:00:00.000,ZoneA,ZoneA,U040
T7688,Car14,2017-04-19 19:00:00.000,ZoneB,ZoneD,U118
T7689,Car29,2015-05-07 06:00:00.000,ZoneA,ZoneC,U045
T7690,Car19,2016-03-21 20:00:00.000,ZoneC,ZoneC,U106
T7691,Car25,2017-05-19 09:00:00.000,ZoneD,ZoneA,U060
T7692,Car15,2020-04-12 23:00:00.000,ZoneB,ZoneB,U157
T7693,Car27,2021-02-23 10:00:00.000,ZoneB,ZoneD,U101
T7694,Car30,2020-06-07 19:00:00.000,ZoneD,ZoneC,U118
T7696,Car16,2016-11-10 09:00:00.000,ZoneB,ZoneB,U030
T7697,Car10,2015-05-03 07:00:00.000,ZoneD,ZoneB,U062
T7698,Car09,2019-07-26 22:00:00.000,ZoneA,ZoneD,U025
T7699,Car15,2015-10-10 17:00:00.000,ZoneD,ZoneC,U148
T7700,Car26,2019-04-08 23:00:00.000,ZoneB,ZoneB,U143
T7701,Car09,2016-11-17 06:00:00.000,ZoneB,ZoneC,U161
T7702,Car18,2017-02-16 07:00:00.000,ZoneA,ZoneC,U083
T7703,Car14,2017-08-01 23:00:00.000,ZoneB,ZoneD,U104
T7704,Car26,2017-07-21 07:00:00.000,ZoneA,ZoneB,U132
T7705,Car19,2019-09-05 23:00:00.000,ZoneD,ZoneD,U104
T7706,Car09,2019-08-31 03:00:00.000,ZoneA,ZoneB,U156
T7707,Car29,2021-01-09 20:00:00.000,ZoneA,ZoneB,U071
T7708,Car07,2021-09-21 20:00:00.000,ZoneD,ZoneD,U140
T7709,Car03,2020-06-30 12:00:00.000,ZoneD,ZoneD,U125
T7710,Car24,2020-01-10 15:00:00.000,ZoneB,ZoneD,U085
T7711,Car25,2016-12-29 18:00:00.000,ZoneB,ZoneA,U050
T7712,Car03,2020-08-25 13:00:00.000,ZoneB,ZoneD,U022
T7713,Car01,2019-08-11 03:00:00.000,ZoneC,ZoneA,U077
T7714,Car10,2019-07-21 02:00:00.000,ZoneB,ZoneD,U100
T7715,Car07,2020-11-17 22:00:00.000,ZoneC,ZoneD,U073
T7716,Car28,2018-08-10 17:00:00.000,ZoneC,ZoneD,U159
T7717,Car12,2020-04-24 05:00:00.000,ZoneD,ZoneC,U151
T7718,Car21,2020-09-06 15:00:00.000,ZoneD,ZoneC,U048
T7719,Car21,2017-10-21 19:00:00.000,ZoneB,ZoneD,U011
T7720,Car20,2018-04-26 21:00:00.000,ZoneA,ZoneB,U047
T7721,Car20,2018-03-09 03:00:00.000,ZoneD,ZoneA,U076
T7722,Car15,2020-03-22 07:00:00.000,ZoneA,ZoneA,U056
T7723,Car10,2015-06-15 00:00:00.000,ZoneA,ZoneD,U037
T7724,Car24,2020-11-26 11:00:00.000,ZoneC,ZoneA,U018
T7725,Car11,2020-10-01 20:00:00.000,ZoneA,ZoneC,U016
T7726,Car03,2015-08-11 22:00:00.000,ZoneD,ZoneC,U062
T7727,Car04,2017-11-06 10:00:00.000,ZoneA,ZoneC,U091
T7728,Car16,2015-03-07 10:00:00.000,ZoneD,ZoneB,U059
T7729,Car12,2017-09-18 21:00:00.000,ZoneC,ZoneD,U020
T7730,Car30,2019-05-29 09:00:00.000,ZoneC,ZoneD,U106
T7731,Car20,2021-01-29 10:00:00.000,ZoneB,ZoneC,U116
T7732,Car25,2015-01-11 05:00:00.000,ZoneB,ZoneB,U074
T7733,Car27,2018-07-13 09:00:00.000,ZoneC,ZoneB,U084
T7734,Car04,2019-11-22 11:00:00.000,ZoneB,ZoneC,U162
T7735,Car19,2017-04-03 23:00:00.000,ZoneA,ZoneC,U079
T7736,Car29,2019-08-09 11:00:00.000,ZoneB,ZoneA,U146
T7737,Car10,2016-02-18 18:00:00.000,ZoneA,ZoneA,U112
T7738,Car11,2020-07-08 00:00:00.000,ZoneD,ZoneB,U159
T7739,Car05,2017-12-23 17:00:00.000,ZoneB,ZoneB,U032
T7740,Car04,2015-05-16 00:00:00.000,ZoneA,ZoneB,U077
T7741,Car13,2019-01-21 01:00:00.000,ZoneD,ZoneD,U125
T7743,Car11,2015-11-26 09:00:00.000,ZoneD,ZoneC,U123
T7744,Car23,2017-04-16 16:00:00.000,ZoneD,ZoneC,U012
T7745,Car29,2015-08-21 22:00:00.000,ZoneB,ZoneA,U128
T7746,Car17,2019-08-27 09:00:00.000,ZoneC,ZoneD,U121
T7747,Car24,2020-06-05 17:00:00.000,ZoneA,ZoneD,U092
T7748,Car06,2016-06-10 21:00:00.000,ZoneC,ZoneC,U154
T7749,Car16,2016-08-01 08:00:00.000,ZoneA,ZoneD,U039
T7751,Car08,2017-10-19 02:00:00.000,ZoneC,ZoneB,U067
T7752,Car23,2015-04-09 13:00:00.000,ZoneB,ZoneA,U095
T7753,Car13,2017-05-25 00:00:00.000,ZoneA,ZoneC,U086
T7754,Car21,2019-05-13 13:00:00.000,ZoneC,ZoneD,U123
T7755,Car16,2016-11-26 15:00:00.000,ZoneC,ZoneC,U158
T7756,Car09,2015-12-01 19:00:00.000,ZoneC,ZoneC,U041
T7757,Car07,2016-12-22 11:00:00.000,ZoneA,ZoneA,U096
T7758,Car12,2017-11-19 23:00:00.000,ZoneC,ZoneB,U158
T7759,Car15,2019-09-24 22:00:00.000,ZoneB,ZoneB,U046
T7760,Car13,2021-12-30 15:00:00.000,ZoneB,ZoneB,U049
T7761,Car02,2020-03-08 18:00:00.000,ZoneA,ZoneA,U090
T7762,Car03,2017-06-19 05:00:00.000,ZoneB,ZoneA,U065
T7763,Car24,2020-06-10 22:00:00.000,ZoneA,ZoneA,U139
T7764,Car27,2017-07-09 05:00:00.000,ZoneD,ZoneC,U047
T7765,Car13,2018-03-31 15:00:00.000,ZoneB,ZoneC,U131
T7766,Car18,2015-12-30 23:00:00.000,ZoneA,ZoneB,U086
T7768,Car10,2018-04-22 12:00:00.000,ZoneA,ZoneB,U134
T7769,Car10,2015-03-10 08:00:00.000,ZoneD,ZoneB,U114
T7770,Car25,2020-10-07 21:00:00.000,ZoneA,ZoneA,U071
T7771,Car07,2019-12-03 17:00:00.000,ZoneC,ZoneD,U032
T7772,Car19,2017-10-01 19:00:00.000,ZoneB,ZoneD,U149
T7773,Car18,2017-05-09 19:00:00.000,ZoneD,ZoneB,U077
T7774,Car30,2020-10-11 00:00:00.000,ZoneC,ZoneA,U059
T7775,Car29,2019-01-25 05:00:00.000,ZoneD,ZoneD,U135
T7776,Car23,2019-01-18 13:00:00.000,ZoneB,ZoneB,U028
T7777,Car09,2018-06-02 18:00:00.000,ZoneB,ZoneD,U109
T7778,Car25,2016-02-26 11:00:00.000,ZoneB,ZoneA,U011
T7779,Car26,2015-11-07 20:00:00.000,ZoneB,ZoneC,U129
T7780,Car04,2015-01-03 07:00:00.000,ZoneC,ZoneD,U155
T7781,Car25,2018-03-06 00:00:00.000,ZoneA,ZoneC,U108
T7782,Car13,2017-11-04 03:00:00.000,ZoneA,ZoneD,U092
T7783,Car28,2016-05-06 06:00:00.000,ZoneB,ZoneD,U054
T7784,Car07,2015-09-04 06:00:00.000,ZoneA,ZoneA,U020
T7785,Car28,2019-06-09 00:00:00.000,ZoneC,ZoneC,U128
T7786,Car30,2018-09-23 16:00:00.000,ZoneB,ZoneA,U045
T7787,Car22,2017-05-05 05:00:00.000,ZoneD,ZoneD,U076
T7788,Car10,2016-11-18 12:00:00.000,ZoneA,ZoneD,U084
T7789,Car11,2015-12-03 16:00:00.000,ZoneD,ZoneA,U039
T7790,Car14,2021-09-22 01:00:00.000,ZoneD,ZoneD,U064
T7791,Car19,2015-04-16 05:00:00.000,ZoneC,ZoneC,U058
T7792,Car12,2015-03-14 07:00:00.000,ZoneA,ZoneB,U144
T7793,Car27,2018-12-22 21:00:00.000,ZoneD,ZoneD,U060
T7794,Car13,2015-07-04 04:00:00.000,ZoneC,ZoneB,U117
T7795,Car09,2021-07-01 08:00:00.000,ZoneB,ZoneC,U064
T7796,Car27,2021-02-16 08:00:00.000,ZoneA,ZoneC,U106
T7797,Car14,2018-03-15 09:00:00.000,ZoneC,ZoneA,U114
T7798,Car06,2020-02-20 01:00:00.000,ZoneB,ZoneC,U046
T7799,Car29,2019-09-17 20:00:00.000,ZoneC,ZoneB,U083
T7800,Car02,2019-01-22 02:00:00.000,ZoneC,ZoneB,U023
T7801,Car26,2015-04-09 18:00:00.000,ZoneD,ZoneB,U138
T7802,Car05,2015-01-03 07:00:00.000,ZoneC,ZoneC,U160
T7803,Car29,2018-05-08 18:00:00.000,ZoneD,ZoneB,U029
T7804,Car04,2019-08-29 06:00:00.000,ZoneA,ZoneA,U122
T7805,Car25,2021-05-26 07:00:00.000,ZoneB,ZoneC,U075
T7806,Car14,2021-03-01 01:00:00.000,ZoneB,ZoneA,U034
T7807,Car07,2021-05-16 22:00:00.000,ZoneD,ZoneB,U015
T7808,Car01,2015-01-02 11:00:00.000,ZoneB,ZoneB,U064
T7809,Car05,2018-04-11 16:00:00.000,ZoneA,ZoneD,U058
T7810,Car05,2018-08-22 19:00:00.000,ZoneD,ZoneA,U065
T7811,Car06,2016-10-17 10:00:00.000,ZoneC,ZoneB,U018
T7812,Car01,2017-02-14 05:00:00.000,ZoneC,ZoneA,U144
T7813,Car24,2016-06-12 13:00:00.000,ZoneB,ZoneA,U159
T7814,Car23,2016-10-03 16:00:00.000,ZoneB,ZoneC,U060
T7815,Car11,2018-01-19 04:00:00.000,ZoneA,ZoneA,U118
T7816,Car01,2021-01-07 08:00:00.000,ZoneA,ZoneC,U122
T7817,Car07,2018-07-30 01:00:00.000,ZoneA,ZoneA,U054
T7818,Car21,2018-01-10 15:00:00.000,ZoneC,ZoneA,U146
T7820,Car03,2019-04-05 10:00:00.000,ZoneC,ZoneC,U155
T7821,Car26,2017-06-03 04:00:00.000,ZoneD,ZoneC,U092
T7822,Car07,2021-07-29 06:00:00.000,ZoneB,ZoneC,U020
T7823,Car28,2020-07-09 01:00:00.000,ZoneD,ZoneA,U101
T7824,Car26,2018-06-15 16:00:00.000,ZoneD,ZoneD,U140
T7825,Car23,2019-09-20 13:00:00.000,ZoneC,ZoneD,U037
T7826,Car26,2020-06-13 10:00:00.000,ZoneB,ZoneD,U136
T7827,Car13,2021-07-28 15:00:00.000,ZoneC,ZoneB,U035
T7828,Car19,2019-05-21 11:00:00.000,ZoneC,ZoneA,U157
T7829,Car15,2021-10-08 22:00:00.000,ZoneB,ZoneD,U162
T7830,Car22,2015-09-19 11:00:00.000,ZoneD,ZoneA,U155
T7831,Car08,2019-04-06 11:00:00.000,ZoneC,ZoneC,U154
T7832,Car22,2019-06-08 09:00:00.000,ZoneA,ZoneB,U019
T7833,Car20,2016-05-03 13:00:00.000,ZoneB,ZoneD,U161
T7834,Car11,2020-06-30 02:00:00.000,ZoneD,ZoneD,U075
T7835,Car16,2021-05-14 20:00:00.000,ZoneD,ZoneA,U144
T7836,Car02,2018-06-01 02:00:00.000,ZoneD,ZoneD,U055
T7837,Car09,2018-02-01 07:00:00.000,ZoneB,ZoneA,U158
T7838,Car05,2016-01-22 06:00:00.000,ZoneC,ZoneD,U122
T7839,Car09,2021-01-22 23:00:00.000,ZoneD,ZoneD,U107
T7840,Car02,2021-04-07 13:00:00.000,ZoneB,ZoneB,U032
T7841,Car08,2021-02-04 21:00:00.000,ZoneB,ZoneC,U075
T7842,Car07,2020-08-25 18:00:00.000,ZoneD,ZoneA,U103
T7843,Car03,2019-12-17 11:00:00.000,ZoneB,ZoneA,U055
T7844,Car19,2016-12-21 20:00:00.000,ZoneA,ZoneC,U060
T7845,Car26,2021-01-14 00:00:00.000,ZoneC,ZoneD,U100
T7846,Car22,2015-04-12 06:00:00.000,ZoneD,ZoneB,U123
T7847,Car05,2015-11-14 22:00:00.000,ZoneA,ZoneB,U010
T7848,Car30,2021-04-17 03:00:00.000,ZoneA,ZoneA,U063
T7849,Car28,2021-10-30 19:00:00.000,ZoneB,ZoneB,U035
T7850,Car15,2018-01-03 08:00:00.000,ZoneD,ZoneD,U131
T7851,Car18,2016-04-18 23:00:00.000,ZoneC,ZoneD,U153
T7852,Car10,2021-07-06 13:00:00.000,ZoneB,ZoneC,U147
T7853,Car09,2019-03-29 13:00:00.000,ZoneD,ZoneA,U037
T7854,Car15,2018-06-19 10:00:00.000,ZoneD,ZoneB,U112
T7855,Car14,2018-04-04 14:00:00.000,ZoneA,ZoneC,U064
T7856,Car12,2017-06-12 08:00:00.000,ZoneC,ZoneB,U012
T7857,Car30,2018-04-26 16:00:00.000,ZoneC,ZoneB,U127
T7858,Car04,2016-08-10 17:00:00.000,ZoneD,ZoneD,U055
T7859,Car14,2021-03-30 15:00:00.000,ZoneB,ZoneA,U134
T7860,Car15,2018-12-04 08:00:00.000,ZoneC,ZoneA,U044
T7861,Car16,2019-01-18 23:00:00.000,ZoneD,ZoneC,U124
T7862,Car07,2016-01-28 12:00:00.000,ZoneC,ZoneA,U055
T7863,Car02,2019-01-29 09:00:00.000,ZoneB,ZoneC,U012
T7864,Car29,2015-09-10 07:00:00.000,ZoneB,ZoneA,U061
T7865,Car27,2017-07-11 02:00:00.000,ZoneA,ZoneA,U066
T7866,Car09,2015-07-05 15:00:00.000,ZoneA,ZoneD,U099
T7867,Car25,2018-01-18 08:00:00.000,ZoneD,ZoneA,U128
T7868,Car26,2015-09-29 06:00:00.000,ZoneB,ZoneC,U056
T7869,Car13,2020-06-20 02:00:00.000,ZoneC,ZoneA,U146
T7870,Car02,2017-03-05 14:00:00.000,ZoneB,ZoneA,U014
T7871,Car02,2019-09-04 07:00:00.000,ZoneA,ZoneD,U153
T7872,Car13,2018-09-10 08:00:00.000,ZoneA,ZoneC,U044
T7873,Car19,2021-11-30 20:00:00.000,ZoneC,ZoneD,U057
T7874,Car13,2019-09-25 23:00:00.000,ZoneA,ZoneD,U134
T7875,Car08,2020-03-08 03:00:00.000,ZoneC,ZoneC,U099
T7876,Car06,2017-01-27 12:00:00.000,ZoneA,ZoneA,U042
T7877,Car05,2015-11-21 04:00:00.000,ZoneA,ZoneC,U097
T7879,Car23,2021-05-16 22:00:00.000,ZoneA,ZoneB,U153
T7880,Car15,2018-11-02 11:00:00.000,ZoneA,ZoneA,U027
T7881,Car18,2018-08-13 05:00:00.000,ZoneC,ZoneC,U137
T7882,Car17,2017-04-02 22:00:00.000,ZoneC,ZoneA,U157
T7883,Car18,2017-09-25 23:00:00.000,ZoneC,ZoneA,U103
T7884,Car10,2019-12-25 19:00:00.000,ZoneD,ZoneB,U053
T7885,Car16,2015-02-07 22:00:00.000,ZoneD,ZoneB,U017
T7886,Car07,2016-06-22 03:00:00.000,ZoneB,ZoneB,U090
T7887,Car28,2016-02-17 07:00:00.000,ZoneA,ZoneA,U105
T7888,Car07,2020-01-15 05:00:00.000,ZoneB,ZoneC,U038
T7889,Car26,2020-08-07 10:00:00.000,ZoneA,ZoneC,U027
T7890,Car05,2021-02-05 02:00:00.000,ZoneB,ZoneA,U113
T7891,Car16,2017-07-15 11:00:00.000,ZoneA,ZoneB,U153
T7892,Car03,2016-04-03 18:00:00.000,ZoneB,ZoneA,U069
T7893,Car24,2017-05-23 03:00:00.000,ZoneA,ZoneA,U123
T7894,Car03,2016-10-13 01:00:00.000,ZoneA,ZoneA,U117
T7895,Car18,2016-04-14 09:00:00.000,ZoneD,ZoneA,U098
T7896,Car20,2015-07-01 06:00:00.000,ZoneC,ZoneD,U085
T7897,Car07,2017-05-30 10:00:00.000,ZoneC,ZoneC,U143
T7898,Car07,2019-01-05 05:00:00.000,ZoneA,ZoneD,U052
T7899,Car30,2016-01-02 16:00:00.000,ZoneA,ZoneD,U156
T7900,Car27,2016-04-22 02:00:00.000,ZoneD,ZoneB,U048
T7901,Car22,2017-11-04 13:00:00.000,ZoneC,ZoneB,U062
T7902,Car15,2019-03-21 10:00:00.000,ZoneC,ZoneB,U033
T7903,Car27,2021-10-13 07:00:00.000,ZoneB,ZoneD,U106
T7904,Car14,2016-09-15 13:00:00.000,ZoneA,ZoneA,U147
T7905,Car20,2019-10-13 16:00:00.000,ZoneB,ZoneC,U068
T7907,Car16,2017-05-10 20:00:00.000,ZoneC,ZoneA,U154
T7908,Car16,2017-06-24 15:00:00.000,ZoneC,ZoneC,U019
T7909,Car02,2020-08-24 07:00:00.000,ZoneA,ZoneC,U047
T7910,Car30,2017-01-11 11:00:00.000,ZoneD,ZoneB,U148
T7911,Car13,2020-01-21 06:00:00.000,ZoneD,ZoneC,U020
T7912,Car29,2018-08-10 22:00:00.000,ZoneD,ZoneC,U055
T7913,Car09,2015-12-27 05:00:00.000,ZoneD,ZoneD,U016
T7914,Car25,2016-10-26 09:00:00.000,ZoneC,ZoneB,U058
T7915,Car20,2020-12-10 10:00:00.000,ZoneD,ZoneA,U065
T7916,Car22,2018-12-03 22:00:00.000,ZoneD,ZoneA,U062
T7917,Car20,2020-12-24 19:00:00.000,ZoneA,ZoneC,U099
T7918,Car29,2018-06-14 00:00:00.000,ZoneA,ZoneB,U048
T7919,Car13,2020-11-02 02:00:00.000,ZoneA,ZoneA,U046
T7920,Car03,2015-09-26 03:00:00.000,ZoneD,ZoneC,U041
T7921,Car03,2019-09-13 16:00:00.000,ZoneA,ZoneC,U078
T7922,Car08,2021-05-15 11:00:00.000,ZoneD,ZoneB,U062
T7924,Car24,2018-04-17 12:00:00.000,ZoneC,ZoneB,U050
T7925,Car15,2020-04-17 08:00:00.000,ZoneB,ZoneC,U127
T7926,Car02,2020-02-07 23:00:00.000,ZoneB,ZoneA,U092
T7927,Car02,2019-07-09 20:00:00.000,ZoneC,ZoneC,U090
T7928,Car23,2017-10-17 20:00:00.000,ZoneA,ZoneB,U049
T7929,Car10,2016-09-11 14:00:00.000,ZoneC,ZoneD,U037
T7930,Car20,2019-08-31 03:00:00.000,ZoneB,ZoneA,U034
T7931,Car25,2016-10-10 23:00:00.000,ZoneA,ZoneD,U153
T7932,Car12,2016-06-29 10:00:00.000,ZoneB,ZoneA,U048
T7933,Car30,2019-06-25 21:00:00.000,ZoneD,ZoneB,U046
T7934,Car30,2015-04-29 18:00:00.000,ZoneD,ZoneC,U037
T7935,Car14,2015-08-29 20:00:00.000,ZoneC,ZoneA,U023
T7936,Car23,2018-12-26 10:00:00.000,ZoneB,ZoneA,U102
T7937,Car21,2021-02-04 06:00:00.000,ZoneC,ZoneD,U062
T7938,Car15,2016-08-28 00:00:00.000,ZoneA,ZoneD,U039
T7939,Car25,2018-11-09 08:00:00.000,ZoneD,ZoneB,U096
T7940,Car04,2018-11-09 13:00:00.000,ZoneD,ZoneA,U108
T7941,Car18,2021-06-26 18:00:00.000,ZoneC,ZoneD,U139
T7942,Car22,2017-07-22 18:00:00.000,ZoneC,ZoneC,U052
T7943,Car07,2016-07-12 18:00:00.000,ZoneD,ZoneA,U119
T7944,Car21,2020-08-22 15:00:00.000,ZoneC,ZoneC,U161
T7945,Car06,2015-07-07 17:00:00.000,ZoneD,ZoneC,U135
T7946,Car02,2018-05-13 03:00:00.000,ZoneB,ZoneB,U054
T7947,Car02,2017-08-22 04:00:00.000,ZoneC,ZoneC,U146
T7948,Car23,2015-01-09 13:00:00.000,ZoneA,ZoneA,U139
T7949,Car24,2020-04-01 07:00:00.000,ZoneA,ZoneC,U018
T7950,Car21,2015-05-05 09:00:00.000,ZoneD,ZoneB,U021
T7951,Car07,2015-04-05 14:00:00.000,ZoneA,ZoneC,U053
T7952,Car26,2019-11-03 12:00:00.000,ZoneD,ZoneA,U152
T7954,Car15,2021-12-27 17:00:00.000,ZoneA,ZoneA,U066
T7955,Car14,2017-10-12 20:00:00.000,ZoneD,ZoneA,U125
T7956,Car17,2016-03-10 19:00:00.000,ZoneB,ZoneC,U092
T7957,Car02,2018-08-29 21:00:00.000,ZoneA,ZoneC,U039
T7958,Car27,2016-06-09 00:00:00.000,ZoneC,ZoneB,U078
T7959,Car11,2018-12-05 04:00:00.000,ZoneB,ZoneB,U078
T7960,Car18,2017-03-21 15:00:00.000,ZoneC,ZoneB,U118
T7961,Car03,2017-12-08 22:00:00.000,ZoneD,ZoneA,U045
T7962,Car23,2018-03-07 11:00:00.000,ZoneD,ZoneD,U150
T7963,Car25,2019-07-11 17:00:00.000,ZoneB,ZoneD,U149
T7964,Car20,2017-02-07 23:00:00.000,ZoneA,ZoneA,U058
T7965,Car19,2020-07-14 11:00:00.000,ZoneA,ZoneB,U020
T7966,Car26,2017-10-22 10:00:00.000,ZoneD,ZoneA,U087
T7967,Car25,2019-07-17 03:00:00.000,ZoneD,ZoneC,U139
T7968,Car16,2020-04-21 17:00:00.000,ZoneD,ZoneA,U084
T7969,Car27,2019-04-24 19:00:00.000,ZoneC,ZoneB,U092
T7970,Car11,2021-02-19 06:00:00.000,ZoneA,ZoneC,U102
T7971,Car17,2019-05-31 16:00:00.000,ZoneC,ZoneB,U150
T7972,Car03,2021-02-08 05:00:00.000,ZoneD,ZoneA,U116
T7973,Car12,2017-02-05 11:00:00.000,ZoneD,ZoneC,U097
T7974,Car04,2019-11-07 21:00:00.000,ZoneD,ZoneC,U106
T7975,Car25,2018-07-24 00:00:00.000,ZoneC,ZoneB,U096
T7976,Car13,2015-08-28 04:00:00.000,ZoneA,ZoneA,U117
T7977,Car15,2021-02-23 00:00:00.000,ZoneA,ZoneD,U130
T7978,Car30,2016-03-16 20:00:00.000,ZoneB,ZoneA,U060
T7979,Car20,2016-03-17 01:00:00.000,ZoneA,ZoneA,U079
T7980,Car12,2021-02-10 12:00:00.000,ZoneC,ZoneB,U029
T7981,Car13,2017-09-30 08:00:00.000,ZoneC,ZoneC,U036
T7983,Car12,2021-07-31 23:00:00.000,ZoneB,ZoneC,U025
T7984,Car09,2015-06-02 07:00:00.000,ZoneC,ZoneC,U101
T7985,Car08,2019-05-22 12:00:00.000,ZoneA,ZoneC,U089
T7986,Car25,2018-11-28 07:00:00.000,ZoneA,ZoneB,U011
T7987,Car23,2020-09-11 00:00:00.000,ZoneA,ZoneD,U069
T7988,Car07,2015-07-12 12:00:00.000,ZoneB,ZoneB,U056
T7989,Car14,2019-11-10 09:00:00.000,ZoneD,ZoneC,U145
T7990,Car13,2017-11-02 11:00:00.000,ZoneC,ZoneB,U061
T7991,Car05,2021-05-07 18:00:00.000,ZoneC,ZoneA,U035
T7992,Car02,2020-11-16 06:00:00.000,ZoneC,ZoneB,U061
T7993,Car22,2021-01-10 21:00:00.000,ZoneA,ZoneD,U036
T7994,Car13,2020-10-29 23:00:00.000,ZoneC,ZoneD,U116
T7995,Car27,2019-02-12 23:00:00.000,ZoneC,ZoneB,U048
T7996,Car04,2021-09-29 18:00:00.000,ZoneA,ZoneB,U077
T7997,Car08,2016-01-07 16:00:00.000,ZoneB,ZoneD,U099
T7998,Car27,2015-02-17 12:00:00.000,ZoneB,ZoneB,U161
T7999,Car23,2016-12-30 04:00:00.000,ZoneA,ZoneA,U155
T8000,Car21,2017-11-22 16:00:00.000,ZoneC,ZoneB,U026
T8001,Car09,2021-11-05 15:00:00.000,ZoneD,ZoneA,U119
T8002,Car22,2021-07-18 00:00:00.000,ZoneB,ZoneA,U011
T8003,Car03,2015-11-21 14:00:00.000,ZoneB,ZoneC,U114
T8004,Car24,2017-03-13 22:00:00.000,ZoneB,ZoneA,U162
T8005,Car13,2018-01-26 21:00:00.000,ZoneB,ZoneA,U105
T8006,Car24,2015-01-21 10:00:00.000,ZoneC,ZoneC,U023
T8007,Car21,2015-12-19 12:00:00.000,ZoneB,ZoneB,U149
T8008,Car06,2019-02-05 21:00:00.000,ZoneC,ZoneC,U096
T8009,Car27,2020-12-24 19:00:00.000,ZoneA,ZoneB,U159
T8010,Car24,2017-09-07 15:00:00.000,ZoneD,ZoneD,U071
T8011,Car09,2017-07-21 02:00:00.000,ZoneC,ZoneD,U104
T8012,Car10,2021-05-10 11:00:00.000,ZoneA,ZoneB,U028
T8013,Car13,2016-10-10 13:00:00.000,ZoneA,ZoneB,U126
T8014,Car06,2016-03-08 12:00:00.000,ZoneD,ZoneC,U148
T8015,Car13,2020-09-26 05:00:00.000,ZoneD,ZoneA,U055
T8016,Car21,2018-07-21 17:00:00.000,ZoneB,ZoneC,U113
T8017,Car28,2021-03-30 20:00:00.000,ZoneB,ZoneB,U027
T8018,Car03,2015-12-31 19:00:00.000,ZoneD,ZoneC,U124
T8019,Car20,2018-01-19 09:00:00.000,ZoneA,ZoneD,U104
T8020,Car24,2020-10-29 03:00:00.000,ZoneD,ZoneA,U121
T8021,Car19,2017-04-16 16:00:00.000,ZoneA,ZoneB,U085
T8023,Car21,2021-01-02 08:00:00.000,ZoneD,ZoneB,U019
T8024,Car26,2017-11-29 23:00:00.000,ZoneA,ZoneB,U052
T8025,Car17,2019-07-12 23:00:00.000,ZoneC,ZoneA,U076
T8026,Car23,2017-11-18 12:00:00.000,ZoneA,ZoneB,U082
T8027,Car18,2018-10-09 02:00:00.000,ZoneA,ZoneC,U081
T8028,Car23,2016-01-16 00:00:00.000,ZoneD,ZoneB,U015
T8029,Car18,2017-01-15 05:00:00.000,ZoneB,ZoneD,U022
T8030,Car25,2017-05-12 22:00:00.000,ZoneA,ZoneA,U099
T8031,Car12,2019-09-14 02:00:00.000,ZoneC,ZoneD,U138
T8032,Car29,2020-04-09 20:00:00.000,ZoneB,ZoneA,U074
T8033,Car21,2017-12-21 00:00:00.000,ZoneC,ZoneA,U035
T8034,Car23,2017-10-04 22:00:00.000,ZoneB,ZoneC,U064
T8035,Car20,2018-06-30 21:00:00.000,ZoneC,ZoneA,U035
T8036,Car15,2015-10-31 03:00:00.000,ZoneC,ZoneA,U087
T8037,Car22,2015-09-04 11:00:00.000,ZoneC,ZoneC,U109
T8038,Car13,2018-07-15 11:00:00.000,ZoneA,ZoneB,U012
T8039,Car08,2020-09-28 12:00:00.000,ZoneA,ZoneA,U127
T8040,Car29,2017-09-29 17:00:00.000,ZoneA,ZoneA,U067
T8041,Car20,2019-01-22 17:00:00.000,ZoneC,ZoneA,U053
T8043,Car23,2016-12-14 23:00:00.000,ZoneD,ZoneC,U049
T8044,Car25,2018-03-22 11:00:00.000,ZoneD,ZoneA,U061
T8045,Car12,2015-09-22 09:00:00.000,ZoneC,ZoneB,U149
T8046,Car06,2021-10-29 08:00:00.000,ZoneD,ZoneA,U053
T8047,Car25,2015-12-16 19:00:00.000,ZoneB,ZoneB,U122
T8048,Car03,2019-11-11 00:00:00.000,ZoneC,ZoneD,U071
T8049,Car23,2017-09-30 18:00:00.000,ZoneA,ZoneD,U092
T8050,Car17,2021-04-25 11:00:00.000,ZoneD,ZoneC,U084
T8051,Car27,2021-06-17 09:00:00.000,ZoneD,ZoneD,U130
T8052,Car03,2017-12-23 22:00:00.000,ZoneC,ZoneC,U122
T8053,Car26,2017-08-14 11:00:00.000,ZoneA,ZoneA,U136
T8054,Car11,2019-08-07 09:00:00.000,ZoneD,ZoneC,U035
T8055,Car04,2021-04-13 19:00:00.000,ZoneB,ZoneD,U082
T8056,Car27,2018-10-18 06:00:00.000,ZoneB,ZoneA,U080
T8057,Car10,2018-12-07 21:00:00.000,ZoneA,ZoneB,U140
T8058,Car08,2017-10-04 17:00:00.000,ZoneA,ZoneC,U062
T8059,Car19,2021-03-18 23:00:00.000,ZoneC,ZoneB,U047
T8060,Car25,2015-07-28 23:00:00.000,ZoneA,ZoneA,U129
T8061,Car26,2021-02-04 11:00:00.000,ZoneC,ZoneC,U039
T8062,Car04,2015-01-12 21:00:00.000,ZoneC,ZoneB,U097
T8063,Car17,2018-12-07 11:00:00.000,ZoneC,ZoneC,U054
T8064,Car10,2015-02-01 11:00:00.000,ZoneC,ZoneC,U067
T8065,Car29,2015-11-20 18:00:00.000,ZoneB,ZoneB,U111
T8066,Car28,2017-12-10 19:00:00.000,ZoneC,ZoneD,U056
T8067,Car12,2020-02-05 01:00:00.000,ZoneD,ZoneA,U038
T8068,Car24,2021-03-02 02:00:00.000,ZoneB,ZoneD,U136
T8069,Car06,2019-03-28 22:00:00.000,ZoneB,ZoneD,U116
T8070,Car18,2020-06-26 03:00:00.000,ZoneB,ZoneA,U069
T8071,Car09,2017-07-06 07:00:00.000,ZoneB,ZoneB,U114
T8072,Car06,2021-05-10 11:00:00.000,ZoneC,ZoneA,U147
T8073,Car26,2017-08-20 12:00:00.000,ZoneA,ZoneC,U056
T8074,Car09,2016-12-27 11:00:00.000,ZoneA,ZoneA,U017
T8075,Car25,2021-07-02 19:00:00.000,ZoneC,ZoneC,U068
T8076,Car21,2018-04-05 10:00:00.000,ZoneD,ZoneC,U086
T8077,Car23,2017-07-31 07:00:00.000,ZoneB,ZoneB,U106
T8078,Car01,2019-10-02 10:00:00.000,ZoneA,ZoneC,U020
T8079,Car07,2019-07-18 04:00:00.000,ZoneD,ZoneC,U066
T8080,Car21,2017-12-07 11:00:00.000,ZoneB,ZoneB,U054
T8081,Car29,2019-11-11 10:00:00.000,ZoneC,ZoneA,U106
T8082,Car10,2015-08-19 00:00:00.000,ZoneB,ZoneC,U156
T8083,Car17,2018-10-03 01:00:00.000,ZoneA,ZoneC,U071
T8084,Car19,2020-05-24 15:00:00.000,ZoneD,ZoneC,U136
T8085,Car19,2021-04-19 05:00:00.000,ZoneD,ZoneB,U016
T8086,Car23,2017-07-30 11:00:00.000,ZoneB,ZoneB,U159
T8087,Car23,2019-01-24 04:00:00.000,ZoneD,ZoneC,U041
T8088,Car22,2019-11-04 18:00:00.000,ZoneB,ZoneA,U147
T8089,Car18,2018-01-30 10:00:00.000,ZoneC,ZoneA,U073
T8090,Car26,2015-10-24 11:00:00.000,ZoneD,ZoneA,U013
T8091,Car02,2016-05-17 12:00:00.000,ZoneC,ZoneC,U032
T8092,Car18,2016-10-08 11:00:00.000,ZoneA,ZoneC,U119
T8093,Car02,2019-04-18 18:00:00.000,ZoneB,ZoneB,U048
T8094,Car23,2020-06-08 10:00:00.000,ZoneD,ZoneC,U015
T8095,Car09,2017-05-26 01:00:00.000,ZoneA,ZoneA,U066
T8096,Car12,2018-09-13 21:00:00.000,ZoneC,ZoneD,U052
T8097,Car23,2019-03-21 15:00:00.000,ZoneA,ZoneD,U147
T8098,Car29,2018-04-07 22:00:00.000,ZoneD,ZoneC,U083
T8100,Car18,2020-04-09 00:00:00.000,ZoneC,ZoneB,U040
T8101,Car24,2017-03-08 02:00:00.000,ZoneA,ZoneA,U151
T8102,Car16,2018-08-11 08:00:00.000,ZoneC,ZoneC,U130
T8103,Car21,2019-10-08 06:00:00.000,ZoneA,ZoneB,U161
T8104,Car10,2018-01-07 02:00:00.000,ZoneD,ZoneC,U071
T8105,Car20,2015-10-10 12:00:00.000,ZoneA,ZoneB,U048
T8106,Car18,2018-11-22 21:00:00.000,ZoneB,ZoneB,U041
T8107,Car10,2015-05-28 07:00:00.000,ZoneB,ZoneC,U137
T8108,Car19,2018-06-03 14:00:00.000,ZoneB,ZoneA,U048
T8109,Car10,2016-12-21 05:00:00.000,ZoneD,ZoneB,U126
T8110,Car05,2017-11-20 14:00:00.000,ZoneD,ZoneA,U156
T8111,Car15,2019-11-01 00:00:00.000,ZoneC,ZoneD,U041
T8112,Car27,2015-09-06 13:00:00.000,ZoneD,ZoneD,U026
T8113,Car27,2015-08-11 22:00:00.000,ZoneA,ZoneD,U031
T8114,Car11,2020-02-16 02:00:00.000,ZoneD,ZoneB,U095
T8115,Car27,2020-01-05 15:00:00.000,ZoneA,ZoneB,U069
T8116,Car05,2017-06-03 14:00:00.000,ZoneB,ZoneD,U140
T8117,Car06,2019-03-13 22:00:00.000,ZoneB,ZoneD,U147
T8119,Car07,2019-04-09 19:00:00.000,ZoneB,ZoneB,U096
T8120,Car17,2015-01-05 19:00:00.000,ZoneB,ZoneA,U099
T8121,Car15,2019-09-27 15:00:00.000,ZoneC,ZoneC,U029
T8122,Car18,2015-10-27 09:00:00.000,ZoneB,ZoneB,U101
T8123,Car26,2017-06-05 06:00:00.000,ZoneC,ZoneC,U157
T8124,Car21,2019-10-09 22:00:00.000,ZoneB,ZoneD,U127
T8125,Car02,2016-12-12 21:00:00.000,ZoneB,ZoneA,U157
T8126,Car06,2017-02-10 06:00:00.000,ZoneA,ZoneB,U020
T8127,Car18,2018-12-18 22:00:00.000,ZoneA,ZoneB,U133
T8128,Car04,2018-03-23 17:00:00.000,ZoneC,ZoneD,U102
T8129,Car04,2021-01-11 07:00:00.000,ZoneA,ZoneA,U046
T8131,Car21,2015-11-03 21:00:00.000,ZoneA,ZoneD,U017
T8132,Car20,2019-11-20 04:00:00.000,ZoneA,ZoneC,U146
T8133,Car03,2015-02-06 01:00:00.000,ZoneB,ZoneB,U108
T8134,Car25,2018-11-29 23:00:00.000,ZoneD,ZoneA,U012
T8135,Car08,2018-02-10 06:00:00.000,ZoneC,ZoneC,U034
T8136,Car08,2021-11-20 20:00:00.000,ZoneD,ZoneB,U054
T8137,Car16,2016-09-27 10:00:00.000,ZoneD,ZoneB,U049
T8138,Car19,2017-06-22 13:00:00.000,ZoneC,ZoneD,U115
T8139,Car12,2015-10-06 08:00:00.000,ZoneB,ZoneB,U054
T8140,Car18,2021-06-04 01:00:00.000,ZoneD,ZoneA,U155
T8141,Car25,2019-01-27 02:00:00.000,ZoneA,ZoneA,U084
T8142,Car29,2015-01-12 11:00:00.000,ZoneA,ZoneC,U137
T8143,Car24,2015-07-07 22:00:00.000,ZoneC,ZoneC,U075
T8144,Car16,2015-12-26 19:00:00.000,ZoneD,ZoneA,U084
T8145,Car22,2020-03-14 04:00:00.000,ZoneD,ZoneB,U062
T8146,Car14,2019-10-19 12:00:00.000,ZoneB,ZoneB,U076
T8147,Car21,2020-03-22 17:00:00.000,ZoneA,ZoneB,U119
T8148,Car16,2018-02-26 22:00:00.000,ZoneC,ZoneA,U135
T8149,Car07,2015-05-26 05:00:00.000,ZoneA,ZoneA,U090
T8150,Car25,2017-02-08 09:00:00.000,ZoneB,ZoneA,U066
T8151,Car15,2015-07-21 11:00:00.000,ZoneB,ZoneA,U114
T8152,Car13,2017-02-20 11:00:00.000,ZoneB,ZoneB,U088
T8153,Car02,2021-10-24 23:00:00.000,ZoneA,ZoneA,U109
T8154,Car02,2016-07-24 10:00:00.000,ZoneC,ZoneD,U047
T8155,Car02,2019-10-01 19:00:00.000,ZoneB,ZoneB,U098
T8156,Car10,2020-11-12 22:00:00.000,ZoneB,ZoneB,U084
T8157,Car15,2021-11-02 07:00:00.000,ZoneB,ZoneC,U069
T8158,Car25,2021-07-18 00:00:00.000,ZoneA,ZoneC,U103
T8159,Car11,2018-04-05 00:00:00.000,ZoneD,ZoneB,U024
T8160,Car27,2015-01-20 04:00:00.000,ZoneC,ZoneA,U026
T8161,Car30,2020-12-28 08:00:00.000,ZoneD,ZoneD,U091
T8162,Car09,2018-09-28 01:00:00.000,ZoneD,ZoneD,U145
T8163,Car06,2019-12-10 19:00:00.000,ZoneA,ZoneA,U080
T8164,Car21,2017-05-19 19:00:00.000,ZoneB,ZoneD,U032
T8165,Car12,2015-03-03 21:00:00.000,ZoneA,ZoneC,U017
T8166,Car13,2015-09-19 01:00:00.000,ZoneA,ZoneB,U056
T8167,Car18,2015-01-01 15:00:00.000,ZoneA,ZoneB,U023
T8168,Car03,2020-01-13 18:00:00.000,ZoneC,ZoneD,U136
T8169,Car25,2020-03-21 11:00:00.000,ZoneC,ZoneB,U093
T8170,Car09,2020-11-12 07:00:00.000,ZoneD,ZoneC,U083
T8171,Car27,2019-09-05 08:00:00.000,ZoneD,ZoneD,U108
T8172,Car28,2017-09-08 01:00:00.000,ZoneA,ZoneC,U085
T8173,Car27,2016-07-07 08:00:00.000,ZoneA,ZoneB,U051
T8174,Car24,2018-12-02 06:00:00.000,ZoneB,ZoneB,U094
T8175,Car21,2021-10-13 07:00:00.000,ZoneB,ZoneA,U092
T8176,Car10,2015-12-13 11:00:00.000,ZoneA,ZoneA,U098
T8177,Car16,2020-09-21 05:00:00.000,ZoneC,ZoneD,U161
T8178,Car14,2020-03-23 18:00:00.000,ZoneA,ZoneA,U045
T8179,Car15,2015-07-28 23:00:00.000,ZoneB,ZoneC,U149
T8180,Car07,2019-02-11 17:00:00.000,ZoneB,ZoneC,U090
T8181,Car28,2016-02-23 13:00:00.000,ZoneB,ZoneD,U084
T8182,Car27,2019-09-05 23:00:00.000,ZoneB,ZoneB,U127
T8183,Car16,2021-02-21 08:00:00.000,ZoneD,ZoneA,U023
T8184,Car16,2016-07-30 11:00:00.000,ZoneC,ZoneC,U147
T8185,Car15,2018-09-30 23:00:00.000,ZoneD,ZoneA,U093
T8186,Car08,2020-03-03 18:00:00.000,ZoneA,ZoneC,U132
T8187,Car22,2019-01-12 07:00:00.000,ZoneC,ZoneB,U020
T8188,Car02,2019-05-14 19:00:00.000,ZoneC,ZoneC,U116
T8189,Car11,2015-09-29 01:00:00.000,ZoneC,ZoneB,U140
T8190,Car16,2021-07-31 18:00:00.000,ZoneC,ZoneA,U028
T8191,Car28,2021-08-25 23:00:00.000,ZoneB,ZoneC,U108
T8192,Car20,2016-02-26 01:00:00.000,ZoneA,ZoneC,U126
T8193,Car02,2016-03-22 11:00:00.000,ZoneB,ZoneB,U142
T8194,Car06,2019-06-03 19:00:00.000,ZoneC,ZoneB,U025
T8195,Car19,2020-07-03 05:00:00.000,ZoneC,ZoneB,U047
T8196,Car16,2016-10-20 03:00:00.000,ZoneB,ZoneD,U068
T8197,Car27,2017-09-24 22:00:00.000,ZoneB,ZoneD,U043
T8198,Car22,2017-11-11 20:00:00.000,ZoneB,ZoneB,U103
T8199,Car05,2021-02-12 09:00:00.000,ZoneD,ZoneD,U030
T8200,Car11,2018-10-15 18:00:00.000,ZoneA,ZoneA,U135
T8201,Car06,2021-12-04 19:00:00.000,ZoneC,ZoneA,U058
T8202,Car02,2021-01-27 13:00:00.000,ZoneA,ZoneA,U046
T8203,Car17,2021-06-12 09:00:00.000,ZoneA,ZoneB,U162
T8204,Car05,2017-07-18 04:00:00.000,ZoneD,ZoneD,U133
T8205,Car19,2019-05-10 05:00:00.000,ZoneA,ZoneD,U037
T8207,Car21,2019-01-24 04:00:00.000,ZoneA,ZoneC,U162
T8208,Car12,2016-01-24 23:00:00.000,ZoneA,ZoneD,U097
T8209,Car30,2021-02-09 16:00:00.000,ZoneC,ZoneC,U147
T8210,Car19,2020-01-12 22:00:00.000,ZoneD,ZoneA,U125
T8211,Car30,2019-05-02 22:00:00.000,ZoneB,ZoneD,U130
T8212,Car05,2021-03-10 10:00:00.000,ZoneD,ZoneA,U103
T8213,Car11,2017-03-08 07:00:00.000,ZoneD,ZoneC,U117
T8214,Car24,2017-12-21 20:00:00.000,ZoneB,ZoneC,U087
T8215,Car18,2021-12-05 10:00:00.000,ZoneB,ZoneB,U025
T8216,Car11,2018-10-30 18:00:00.000,ZoneD,ZoneC,U094
T8217,Car13,2017-10-29 02:00:00.000,ZoneA,ZoneB,U070
T8218,Car13,2020-10-04 23:00:00.000,ZoneB,ZoneB,U057
T8219,Car06,2018-08-03 15:00:00.000,ZoneB,ZoneD,U047
T8220,Car21,2017-06-22 13:00:00.000,ZoneA,ZoneB,U040
T8221,Car13,2015-10-05 12:00:00.000,ZoneC,ZoneB,U142
T8222,Car30,2015-06-25 20:00:00.000,ZoneC,ZoneA,U109
T8223,Car16,2015-10-30 17:00:00.000,ZoneD,ZoneC,U063
T8224,Car20,2019-01-11 11:00:00.000,ZoneD,ZoneD,U078
T8225,Car29,2015-12-11 04:00:00.000,ZoneD,ZoneC,U036
T8226,Car16,2020-02-26 12:00:00.000,ZoneD,ZoneA,U030
T8227,Car30,2017-01-30 05:00:00.000,ZoneA,ZoneD,U055
T8228,Car25,2017-10-14 22:00:00.000,ZoneB,ZoneB,U083
T8229,Car29,2017-03-26 20:00:00.000,ZoneA,ZoneC,U160
T8230,Car02,2017-09-09 22:00:00.000,ZoneA,ZoneC,U093
T8231,Car04,2020-11-07 02:00:00.000,ZoneD,ZoneA,U134
T8232,Car24,2020-12-08 18:00:00.000,ZoneB,ZoneB,U077
T8233,Car19,2015-06-11 16:00:00.000,ZoneD,ZoneD,U121
T8234,Car20,2018-12-08 12:00:00.000,ZoneB,ZoneD,U148
T8235,Car10,2019-05-24 09:00:00.000,ZoneB,ZoneB,U158
T8236,Car26,2019-11-27 06:00:00.000,ZoneC,ZoneB,U089
T8237,Car19,2016-03-27 01:00:00.000,ZoneB,ZoneD,U136
T8238,Car27,2018-09-06 19:00:00.000,ZoneA,ZoneB,U086
T8239,Car13,2015-06-28 08:00:00.000,ZoneC,ZoneD,U148
T8240,Car06,2021-05-30 01:00:00.000,ZoneB,ZoneC,U120
T8241,Car01,2021-05-21 12:00:00.000,ZoneC,ZoneB,U042
T8242,Car28,2015-02-11 06:00:00.000,ZoneA,ZoneC,U051
T8243,Car15,2017-03-13 22:00:00.000,ZoneC,ZoneA,U062
T8244,Car21,2020-04-30 01:00:00.000,ZoneB,ZoneA,U016
T8245,Car27,2016-03-02 11:00:00.000,ZoneC,ZoneB,U060
T8246,Car15,2020-06-20 02:00:00.000,ZoneC,ZoneA,U144
T8247,Car13,2016-02-11 01:00:00.000,ZoneA,ZoneA,U046
T8248,Car10,2019-08-26 08:00:00.000,ZoneC,ZoneB,U052
T8249,Car25,2017-04-25 05:00:00.000,ZoneB,ZoneB,U054
T8250,Car01,2020-03-25 10:00:00.000,ZoneD,ZoneA,U087
T8251,Car14,2015-07-11 01:00:00.000,ZoneB,ZoneC,U129
T8252,Car15,2015-12-16 04:00:00.000,ZoneD,ZoneB,U119
T8253,Car18,2017-11-12 21:00:00.000,ZoneC,ZoneC,U037
T8254,Car05,2018-04-02 07:00:00.000,ZoneD,ZoneA,U014
T8255,Car07,2018-11-20 09:00:00.000,ZoneA,ZoneA,U115
T8256,Car25,2018-05-09 09:00:00.000,ZoneA,ZoneD,U059
T8257,Car11,2015-07-10 20:00:00.000,ZoneD,ZoneC,U076
T8258,Car20,2018-08-16 18:00:00.000,ZoneD,ZoneA,U053
T8259,Car06,2021-03-30 20:00:00.000,ZoneD,ZoneB,U161
T8261,Car17,2021-04-12 18:00:00.000,ZoneD,ZoneB,U080
T8262,Car29,2021-01-24 20:00:00.000,ZoneC,ZoneD,U024
T8263,Car22,2021-02-22 04:00:00.000,ZoneA,ZoneD,U099
T8264,Car15,2017-07-31 07:00:00.000,ZoneC,ZoneD,U051
T8265,Car17,2020-05-25 11:00:00.000,ZoneA,ZoneB,U012
T8266,Car17,2017-03-13 02:00:00.000,ZoneB,ZoneB,U016
T8267,Car11,2017-04-26 11:00:00.000,ZoneC,ZoneA,U057
T8268,Car14,2020-04-18 09:00:00.000,ZoneC,ZoneC,U029
T8269,Car20,2017-06-01 12:00:00.000,ZoneC,ZoneC,U075
T8270,Car13,2020-01-17 17:00:00.000,ZoneB,ZoneB,U023
T8271,Car01,2021-12-16 16:00:00.000,ZoneC,ZoneD,U142
T8272,Car17,2021-05-02 13:00:00.000,ZoneD,ZoneD,U086
T8273,Car22,2015-01-22 01:00:00.000,ZoneA,ZoneD,U019
T8274,Car04,2015-10-24 01:00:00.000,ZoneD,ZoneC,U111
T8275,Car15,2018-04-10 15:00:00.000,ZoneA,ZoneA,U124
T8276,Car04,2020-02-20 01:00:00.000,ZoneA,ZoneA,U149
T8277,Car17,2017-11-14 13:00:00.000,ZoneC,ZoneB,U060
T8278,Car08,2018-02-26 22:00:00.000,ZoneC,ZoneB,U015
T8279,Car06,2016-03-16 10:00:00.000,ZoneB,ZoneD,U131
T8280,Car18,2020-02-06 12:00:00.000,ZoneD,ZoneD,U021
T8281,Car12,2021-09-03 07:00:00.000,ZoneB,ZoneA,U079
T8282,Car24,2018-05-18 03:00:00.000,ZoneB,ZoneB,U062
T8283,Car04,2020-08-10 23:00:00.000,ZoneC,ZoneD,U099
T8284,Car04,2020-02-27 13:00:00.000,ZoneC,ZoneA,U154
T8285,Car23,2016-11-29 08:00:00.000,ZoneC,ZoneD,U140
T8286,Car19,2017-10-26 09:00:00.000,ZoneD,ZoneC,U033
T8287,Car15,2016-10-20 08:00:00.000,ZoneC,ZoneA,U093
T8288,Car19,2018-10-20 13:00:00.000,ZoneA,ZoneB,U035
T8289,Car14,2015-10-01 03:00:00.000,ZoneA,ZoneC,U160
T8290,Car23,2016-01-20 04:00:00.000,ZoneC,ZoneD,U157
T8291,Car28,2020-05-01 17:00:00.000,ZoneB,ZoneD,U068
T8292,Car12,2019-12-05 09:00:00.000,ZoneC,ZoneC,U083
T8293,Car26,2021-05-04 15:00:00.000,ZoneC,ZoneB,U072
T8294,Car22,2019-04-25 15:00:00.000,ZoneA,ZoneA,U023
T8295,Car05,2021-09-18 12:00:00.000,ZoneD,ZoneD,U083
T8296,Car11,2020-10-03 07:00:00.000,ZoneD,ZoneA,U076
T8297,Car12,2021-05-21 22:00:00.000,ZoneD,ZoneC,U088
T8298,Car17,2015-09-19 16:00:00.000,ZoneC,ZoneD,U046
T8299,Car21,2021-01-12 18:00:00.000,ZoneB,ZoneC,U135
T8300,Car14,2015-06-10 00:00:00.000,ZoneD,ZoneB,U088
T8301,Car01,2021-03-23 23:00:00.000,ZoneB,ZoneB,U085
T8302,Car30,2019-03-20 09:00:00.000,ZoneD,ZoneD,U047
T8303,Car26,2016-05-24 09:00:00.000,ZoneD,ZoneD,U038
T8304,Car28,2017-11-28 22:00:00.000,ZoneC,ZoneB,U059
T8305,Car26,2017-10-18 16:00:00.000,ZoneB,ZoneB,U152
T8306,Car12,2021-03-24 04:00:00.000,ZoneA,ZoneC,U127
T8307,Car18,2016-04-20 15:00:00.000,ZoneB,ZoneA,U031
T8308,Car21,2016-01-04 23:00:00.000,ZoneA,ZoneB,U151
T8309,Car07,2018-03-09 03:00:00.000,ZoneD,ZoneA,U046
T8310,Car20,2021-11-17 22:00:00.000,ZoneA,ZoneA,U108
T8311,Car08,2016-08-03 05:00:00.000,ZoneD,ZoneC,U064
T8312,Car25,2019-09-14 07:00:00.000,ZoneB,ZoneB,U062
T8313,Car17,2020-02-06 22:00:00.000,ZoneB,ZoneB,U115
T8314,Car13,2015-07-10 00:00:00.000,ZoneA,ZoneA,U056
T8315,Car01,2020-10-17 11:00:00.000,ZoneD,ZoneC,U063
T8317,Car23,2016-08-04 21:00:00.000,ZoneC,ZoneC,U062
T8318,Car23,2020-07-20 22:00:00.000,ZoneA,ZoneC,U092
T8319,Car25,2020-07-10 17:00:00.000,ZoneA,ZoneD,U122
T8320,Car04,2016-07-06 17:00:00.000,ZoneB,ZoneC,U121
T8321,Car04,2016-12-18 02:00:00.000,ZoneD,ZoneC,U063
T8322,Car10,2019-12-03 17:00:00.000,ZoneB,ZoneD,U108
T8323,Car03,2019-08-04 16:00:00.000,ZoneA,ZoneD,U127
T8324,Car15,2016-01-01 15:00:00.000,ZoneC,ZoneA,U145
T8325,Car25,2017-06-19 20:00:00.000,ZoneC,ZoneD,U127
T8326,Car17,2016-02-02 17:00:00.000,ZoneB,ZoneB,U149
T8327,Car11,2016-07-18 14:00:00.000,ZoneB,ZoneA,U081
T8328,Car29,2018-07-19 10:00:00.000,ZoneA,ZoneA,U156
T8329,Car09,2016-03-04 08:00:00.000,ZoneD,ZoneB,U053
T8330,Car16,2015-06-25 10:00:00.000,ZoneB,ZoneC,U017
T8331,Car17,2020-12-14 14:00:00.000,ZoneC,ZoneB,U108
T8332,Car11,2021-04-18 19:00:00.000,ZoneB,ZoneA,U017
T8333,Car12,2019-04-11 16:00:00.000,ZoneC,ZoneC,U146
T8334,Car18,2016-09-15 18:00:00.000,ZoneA,ZoneC,U056
T8335,Car14,2019-07-03 19:00:00.000,ZoneB,ZoneB,U019
T8336,Car03,2015-01-19 23:00:00.000,ZoneD,ZoneD,U104
T8337,Car24,2021-11-26 01:00:00.000,ZoneA,ZoneA,U044
T8338,Car06,2015-08-21 17:00:00.000,ZoneA,ZoneA,U133
T8339,Car03,2020-02-19 00:00:00.000,ZoneC,ZoneB,U068
T8340,Car03,2020-08-10 03:00:00.000,ZoneC,ZoneB,U065
T8341,Car17,2021-03-05 15:00:00.000,ZoneA,ZoneB,U072
T8342,Car11,2019-12-12 06:00:00.000,ZoneA,ZoneD,U126
T8343,Car29,2017-03-25 14:00:00.000,ZoneA,ZoneA,U067
T8344,Car20,2018-06-05 11:00:00.000,ZoneC,ZoneD,U124
T8345,Car29,2015-05-26 10:00:00.000,ZoneB,ZoneC,U075
T8346,Car29,2021-01-07 13:00:00.000,ZoneA,ZoneA,U138
T8347,Car24,2021-05-29 05:00:00.000,ZoneD,ZoneC,U138
T8348,Car18,2020-03-13 03:00:00.000,ZoneC,ZoneD,U093
T8349,Car25,2017-07-25 06:00:00.000,ZoneB,ZoneA,U120
T8350,Car15,2015-06-16 11:00:00.000,ZoneC,ZoneB,U038
T8351,Car16,2019-08-23 15:00:00.000,ZoneB,ZoneB,U017
T8352,Car30,2016-11-09 08:00:00.000,ZoneA,ZoneA,U133
T8353,Car04,2015-11-21 19:00:00.000,ZoneD,ZoneC,U012
T8354,Car04,2020-09-22 21:00:00.000,ZoneA,ZoneC,U103
T8355,Car11,2021-12-26 11:00:00.000,ZoneB,ZoneA,U158
T8356,Car30,2019-05-31 06:00:00.000,ZoneC,ZoneB,U079
T8357,Car10,2016-06-16 12:00:00.000,ZoneC,ZoneD,U055
T8358,Car24,2019-04-23 13:00:00.000,ZoneB,ZoneA,U091
T8359,Car23,2016-09-09 17:00:00.000,ZoneA,ZoneC,U051
T8360,Car18,2021-01-26 22:00:00.000,ZoneB,ZoneD,U076
T8361,Car16,2018-12-21 00:00:00.000,ZoneB,ZoneA,U076
T8362,Car03,2015-05-15 04:00:00.000,ZoneB,ZoneA,U111
T8363,Car19,2018-02-09 05:00:00.000,ZoneC,ZoneB,U113
T8364,Car12,2019-10-09 22:00:00.000,ZoneA,ZoneD,U102
T8365,Car30,2020-08-15 18:00:00.000,ZoneD,ZoneD,U160
T8367,Car08,2021-04-09 00:00:00.000,ZoneD,ZoneC,U099
T8368,Car18,2021-08-30 23:00:00.000,ZoneC,ZoneA,U136
T8370,Car03,2019-11-14 18:00:00.000,ZoneC,ZoneB,U050
T8371,Car20,2019-08-22 19:00:00.000,ZoneA,ZoneD,U068
T8372,Car18,2016-12-17 11:00:00.000,ZoneD,ZoneD,U079
T8373,Car27,2019-11-28 12:00:00.000,ZoneA,ZoneA,U104
T8374,Car20,2016-08-02 09:00:00.000,ZoneD,ZoneC,U043
T8375,Car09,2017-05-22 02:00:00.000,ZoneD,ZoneB,U033
T8376,Car02,2019-02-20 06:00:00.000,ZoneD,ZoneC,U079
T8377,Car09,2018-11-28 02:00:00.000,ZoneB,ZoneB,U127
T8378,Car23,2018-05-22 02:00:00.000,ZoneB,ZoneB,U139
T8379,Car12,2017-11-14 08:00:00.000,ZoneA,ZoneA,U039
T8381,Car15,2021-08-17 15:00:00.000,ZoneD,ZoneC,U040
T8382,Car17,2015-10-19 11:00:00.000,ZoneA,ZoneD,U141
T8383,Car15,2016-02-03 08:00:00.000,ZoneB,ZoneA,U114
T8384,Car08,2018-09-14 02:00:00.000,ZoneA,ZoneB,U141
T8385,Car03,2016-11-04 23:00:00.000,ZoneB,ZoneA,U077
T8386,Car13,2017-04-16 01:00:00.000,ZoneB,ZoneC,U147
T8387,Car12,2020-04-24 20:00:00.000,ZoneB,ZoneA,U088
T8388,Car01,2017-10-05 18:00:00.000,ZoneB,ZoneC,U150
T8389,Car27,2020-08-24 17:00:00.000,ZoneD,ZoneD,U144
T8390,Car12,2018-04-06 06:00:00.000,ZoneC,ZoneD,U050
T8391,Car23,2017-10-12 00:00:00.000,ZoneB,ZoneC,U137
T8392,Car23,2015-06-08 23:00:00.000,ZoneD,ZoneC,U048
T8393,Car01,2015-07-23 03:00:00.000,ZoneB,ZoneD,U069
T8394,Car20,2020-03-01 16:00:00.000,ZoneD,ZoneC,U021
T8395,Car30,2015-01-16 10:00:00.000,ZoneB,ZoneC,U142
T8396,Car26,2015-12-04 07:00:00.000,ZoneD,ZoneC,U047
T8397,Car11,2021-10-14 18:00:00.000,ZoneD,ZoneB,U119
T8398,Car04,2015-11-02 05:00:00.000,ZoneA,ZoneD,U015
T8399,Car03,2020-05-01 07:00:00.000,ZoneA,ZoneB,U130
T8400,Car11,2018-08-18 05:00:00.000,ZoneC,ZoneD,U126
T8401,Car21,2019-01-22 02:00:00.000,ZoneA,ZoneD,U066
T8402,Car12,2021-09-26 15:00:00.000,ZoneC,ZoneB,U069
T9311,Car07,2021-10-05 19:00:00.000,ZoneB,ZoneA,U020
T9312,Car24,2021-01-04 05:00:00.000,ZoneC,ZoneA,U018
T9313,Car07,2021-10-02 06:00:00.000,ZoneA,ZoneA,U035
T9314,Car09,2019-05-09 04:00:00.000,ZoneB,ZoneC,U071
T9315,Car17,2017-11-11 10:00:00.000,ZoneC,ZoneD,U069
T9317,Car28,2017-08-23 00:00:00.000,ZoneA,ZoneB,U016
T9318,Car22,2016-03-01 00:00:00.000,ZoneC,ZoneB,U128
T9319,Car10,2015-04-03 02:00:00.000,ZoneC,ZoneA,U095
T9320,Car17,2020-04-09 10:00:00.000,ZoneB,ZoneC,U063
T9321,Car16,2021-10-26 20:00:00.000,ZoneC,ZoneC,U100
T9322,Car28,2021-10-25 14:00:00.000,ZoneB,ZoneB,U102
T9323,Car13,2021-08-19 17:00:00.000,ZoneD,ZoneC,U059
T9324,Car14,2016-12-01 05:00:00.000,ZoneD,ZoneC,U119
T9325,Car12,2018-07-09 20:00:00.000,ZoneD,ZoneD,U102
T9326,Car13,2021-08-30 18:00:00.000,ZoneB,ZoneD,U108
T9327,Car06,2021-07-23 10:00:00.000,ZoneD,ZoneC,U092
T9328,Car14,2021-05-29 15:00:00.000,ZoneB,ZoneA,U055
T9330,Car27,2019-02-18 09:00:00.000,ZoneA,ZoneC,U079
T9331,Car15,2021-10-11 10:00:00.000,ZoneD,ZoneB,U097
T9332,Car11,2018-02-27 18:00:00.000,ZoneB,ZoneB,U146
T9333,Car21,2018-03-03 17:00:00.000,ZoneC,ZoneC,U084
T9334,Car04,2016-10-03 06:00:00.000,ZoneA,ZoneB,U093
T9335,Car05,2017-05-26 11:00:00.000,ZoneB,ZoneC,U048
T9336,Car16,2015-05-24 08:00:00.000,ZoneD,ZoneA,U026
T9337,Car01,2021-04-26 07:00:00.000,ZoneD,ZoneB,U107
T9338,Car23,2016-06-11 22:00:00.000,ZoneC,ZoneB,U031
T9339,Car22,2015-03-21 09:00:00.000,ZoneA,ZoneA,U043
T9340,Car22,2020-02-01 07:00:00.000,ZoneC,ZoneA,U125
T9341,Car10,2017-10-13 01:00:00.000,ZoneD,ZoneB,U057
T9342,Car09,2020-04-20 16:00:00.000,ZoneC,ZoneD,U052
T9343,Car03,2015-11-09 12:00:00.000,ZoneC,ZoneC,U122
T9344,Car04,2020-06-25 17:00:00.000,ZoneA,ZoneD,U020
T9345,Car15,2019-09-28 06:00:00.000,ZoneD,ZoneB,U152
T9346,Car09,2020-12-01 16:00:00.000,ZoneA,ZoneA,U049
T9347,Car02,2020-09-06 00:00:00.000,ZoneD,ZoneB,U016
T9348,Car20,2015-02-28 23:00:00.000,ZoneB,ZoneA,U117
T9349,Car10,2017-06-25 11:00:00.000,ZoneC,ZoneA,U095
T9350,Car04,2016-04-23 03:00:00.000,ZoneB,ZoneB,U031
T9351,Car05,2016-03-05 19:00:00.000,ZoneA,ZoneA,U064
T9352,Car21,2020-05-16 12:00:00.000,ZoneA,ZoneB,U064
T9353,Car05,2021-07-09 21:00:00.000,ZoneA,ZoneA,U066
T9354,Car29,2021-03-30 00:00:00.000,ZoneC,ZoneB,U159
T9355,Car27,2016-02-20 05:00:00.000,ZoneD,ZoneA,U062
T9356,Car29,2016-09-04 12:00:00.000,ZoneD,ZoneB,U150
T9357,Car21,2017-10-16 09:00:00.000,ZoneD,ZoneC,U125
T9358,Car26,2017-06-30 06:00:00.000,ZoneA,ZoneB,U095
T9359,Car29,2020-08-09 22:00:00.000,ZoneA,ZoneA,U045
T9360,Car08,2017-09-01 14:00:00.000,ZoneB,ZoneB,U102
T9361,Car25,2016-04-14 19:00:00.000,ZoneA,ZoneB,U144
T9362,Car25,2018-06-20 11:00:00.000,ZoneD,ZoneB,U152
T9363,Car05,2015-03-09 22:00:00.000,ZoneB,ZoneD,U062
T9364,Car10,2020-05-21 17:00:00.000,ZoneC,ZoneB,U093
T9365,Car14,2020-03-12 17:00:00.000,ZoneB,ZoneA,U063
T9366,Car05,2015-12-16 09:00:00.000,ZoneC,ZoneA,U050
T9367,Car18,2020-09-23 17:00:00.000,ZoneB,ZoneA,U064
T9368,Car12,2017-09-01 14:00:00.000,ZoneA,ZoneB,U071
T9369,Car30,2015-06-23 08:00:00.000,ZoneB,ZoneB,U015
T9370,Car10,2020-12-03 18:00:00.000,ZoneD,ZoneD,U143
T9371,Car12,2016-12-22 16:00:00.000,ZoneB,ZoneD,U054
T9372,Car10,2017-11-12 01:00:00.000,ZoneD,ZoneD,U040
T9373,Car28,2018-08-08 00:00:00.000,ZoneB,ZoneD,U139
T9374,Car01,2018-11-05 04:00:00.000,ZoneB,ZoneB,U143
T9375,Car19,2018-03-04 03:00:00.000,ZoneA,ZoneB,U050
T9376,Car11,2017-01-02 22:00:00.000,ZoneB,ZoneB,U040
T9377,Car11,2019-05-01 16:00:00.000,ZoneA,ZoneA,U034
T9378,Car04,2017-07-25 01:00:00.000,ZoneA,ZoneD,U038
T9379,Car05,2018-05-11 01:00:00.000,ZoneC,ZoneD,U142
T9380,Car06,2016-12-10 09:00:00.000,ZoneD,ZoneB,U036
T9381,Car18,2019-07-03 19:00:00.000,ZoneD,ZoneD,U016
T9382,Car08,2019-02-27 03:00:00.000,ZoneC,ZoneA,U025
T9383,Car26,2020-07-24 01:00:00.000,ZoneC,ZoneA,U064
T9384,Car01,2020-08-17 00:00:00.000,ZoneB,ZoneC,U134
T9385,Car01,2017-08-22 04:00:00.000,ZoneC,ZoneA,U029
T9386,Car01,2019-10-24 12:00:00.000,ZoneC,ZoneA,U134
T9387,Car05,2020-07-12 09:00:00.000,ZoneA,ZoneC,U138
T9388,Car18,2015-11-23 01:00:00.000,ZoneA,ZoneC,U038
T9389,Car23,2020-01-04 09:00:00.000,ZoneA,ZoneA,U152
T9390,Car17,2017-03-03 07:00:00.000,ZoneB,ZoneB,U145
T9391,Car29,2020-09-06 05:00:00.000,ZoneC,ZoneC,U135
T9392,Car04,2021-10-25 14:00:00.000,ZoneD,ZoneD,U047
T9393,Car19,2016-10-10 03:00:00.000,ZoneA,ZoneD,U057
T9394,Car17,2015-01-04 03:00:00.000,ZoneB,ZoneC,U101
T9395,Car16,2016-09-14 12:00:00.000,ZoneB,ZoneD,U014
T9396,Car30,2016-11-14 03:00:00.000,ZoneD,ZoneD,U137
T9399,Car28,2015-07-07 02:00:00.000,ZoneD,ZoneD,U143
T9400,Car03,2015-05-17 21:00:00.000,ZoneB,ZoneD,U110
T9401,Car05,2020-12-29 04:00:00.000,ZoneD,ZoneB,U136
T9402,Car27,2018-11-11 05:00:00.000,ZoneA,ZoneC,U062
T9403,Car21,2019-03-03 07:00:00.000,ZoneD,ZoneC,U106
T9404,Car21,2015-03-24 12:00:00.000,ZoneD,ZoneB,U033
T9405,Car09,2021-01-11 22:00:00.000,ZoneB,ZoneD,U099
T9406,Car08,2017-11-20 19:00:00.000,ZoneB,ZoneD,U037
T9407,Car19,2016-05-22 07:00:00.000,ZoneA,ZoneA,U130
T9408,Car28,2019-06-26 22:00:00.000,ZoneC,ZoneD,U054
T9409,Car06,2016-10-15 18:00:00.000,ZoneA,ZoneC,U119
T9410,Car12,2018-10-26 14:00:00.000,ZoneB,ZoneD,U021
T9411,Car20,2015-03-23 06:00:00.000,ZoneB,ZoneA,U015
T9412,Car02,2019-09-14 12:00:00.000,ZoneA,ZoneA,U146
T9413,Car02,2015-07-02 12:00:00.000,ZoneA,ZoneB,U067
T9414,Car19,2021-06-17 14:00:00.000,ZoneD,ZoneA,U157
T9415,Car29,2018-05-25 15:00:00.000,ZoneB,ZoneD,U145
T9416,Car18,2019-07-22 23:00:00.000,ZoneB,ZoneC,U046
T9417,Car21,2019-08-28 00:00:00.000,ZoneC,ZoneB,U015
T9418,Car02,2019-06-25 06:00:00.000,ZoneD,ZoneD,U018
T9419,Car03,2020-05-25 16:00:00.000,ZoneD,ZoneC,U120
T9420,Car21,2018-05-13 13:00:00.000,ZoneC,ZoneA,U101
T9421,Car13,2020-03-20 05:00:00.000,ZoneA,ZoneC,U116
T9422,Car09,2018-07-12 23:00:00.000,ZoneB,ZoneA,U065
T9423,Car29,2016-07-19 15:00:00.000,ZoneA,ZoneC,U111
T9424,Car24,2019-06-23 09:00:00.000,ZoneA,ZoneD,U033
T9425,Car27,2017-03-16 10:00:00.000,ZoneA,ZoneD,U132
T9426,Car12,2018-07-05 21:00:00.000,ZoneB,ZoneD,U081
T9427,Car16,2017-04-03 03:00:00.000,ZoneB,ZoneC,U124
T9428,Car03,2019-11-03 02:00:00.000,ZoneB,ZoneA,U068
T9429,Car21,2017-05-20 10:00:00.000,ZoneA,ZoneB,U121
T9430,Car03,2015-08-21 22:00:00.000,ZoneD,ZoneC,U084
T9431,Car08,2017-01-22 02:00:00.000,ZoneA,ZoneC,U142
T9432,Car24,2018-05-23 03:00:00.000,ZoneA,ZoneA,U118
T9433,Car28,2018-09-29 17:00:00.000,ZoneA,ZoneD,U023
T9434,Car27,2016-11-24 13:00:00.000,ZoneA,ZoneC,U162
T9435,Car02,2017-10-30 08:00:00.000,ZoneA,ZoneA,U070
T9436,Car17,2020-09-02 01:00:00.000,ZoneC,ZoneD,U125
T9437,Car25,2017-02-01 07:00:00.000,ZoneA,ZoneC,U149
T9438,Car15,2019-06-01 17:00:00.000,ZoneB,ZoneA,U118
T9439,Car30,2021-01-06 02:00:00.000,ZoneC,ZoneA,U120
T9440,Car18,2016-09-24 07:00:00.000,ZoneC,ZoneD,U093
T9441,Car11,2017-05-08 03:00:00.000,ZoneD,ZoneC,U124
T9442,Car19,2015-11-11 04:00:00.000,ZoneB,ZoneC,U131
T9443,Car21,2017-12-05 04:00:00.000,ZoneD,ZoneD,U132
T9444,Car22,2021-10-17 01:00:00.000,ZoneD,ZoneB,U147
T9445,Car03,2015-02-21 06:00:00.000,ZoneB,ZoneC,U031
T9446,Car14,2021-09-26 05:00:00.000,ZoneC,ZoneD,U038
T9447,Car04,2019-04-18 13:00:00.000,ZoneA,ZoneB,U113
T9448,Car11,2018-11-04 23:00:00.000,ZoneD,ZoneB,U025
T9449,Car15,2018-06-28 14:00:00.000,ZoneC,ZoneB,U096
T9450,Car02,2015-01-30 14:00:00.000,ZoneA,ZoneD,U139
T9451,Car09,2017-08-29 11:00:00.000,ZoneB,ZoneC,U129
T9452,Car26,2018-05-29 09:00:00.000,ZoneB,ZoneA,U050
T9453,Car11,2016-07-29 00:00:00.000,ZoneC,ZoneB,U020
T9454,Car30,2021-06-06 13:00:00.000,ZoneB,ZoneD,U108
T9455,Car05,2019-04-17 07:00:00.000,ZoneB,ZoneD,U060
T9456,Car06,2020-02-09 10:00:00.000,ZoneB,ZoneC,U013
T9457,Car06,2018-11-22 21:00:00.000,ZoneB,ZoneB,U065
T9458,Car21,2019-06-04 00:00:00.000,ZoneD,ZoneB,U020
T9459,Car05,2020-11-08 03:00:00.000,ZoneC,ZoneA,U040
T9461,Car09,2015-04-01 05:00:00.000,ZoneA,ZoneA,U153
T9462,Car24,2017-06-22 23:00:00.000,ZoneA,ZoneD,U122
T9463,Car02,2017-11-12 16:00:00.000,ZoneD,ZoneC,U079
T9464,Car09,2019-02-09 00:00:00.000,ZoneD,ZoneD,U029
T9465,Car10,2018-08-29 06:00:00.000,ZoneD,ZoneA,U072
T9466,Car19,2020-04-22 03:00:00.000,ZoneC,ZoneD,U046
T9467,Car03,2016-10-25 23:00:00.000,ZoneC,ZoneB,U057
T9468,Car13,2015-09-24 16:00:00.000,ZoneB,ZoneB,U057
T9469,Car27,2020-09-17 06:00:00.000,ZoneA,ZoneB,U093
T9470,Car08,2015-04-25 14:00:00.000,ZoneA,ZoneC,U034
T9471,Car01,2018-07-13 09:00:00.000,ZoneA,ZoneB,U142
T9472,Car14,2021-05-06 17:00:00.000,ZoneC,ZoneA,U128
T9473,Car23,2019-08-25 02:00:00.000,ZoneB,ZoneB,U124
T9474,Car07,2017-05-03 08:00:00.000,ZoneC,ZoneC,U018
T9475,Car08,2016-05-03 08:00:00.000,ZoneD,ZoneC,U056
T9476,Car19,2019-11-10 09:00:00.000,ZoneB,ZoneA,U080
T9477,Car12,2021-07-26 13:00:00.000,ZoneA,ZoneC,U081
T9478,Car23,2017-10-14 12:00:00.000,ZoneA,ZoneA,U159
T9479,Car30,2018-02-09 10:00:00.000,ZoneB,ZoneB,U039
T9480,Car23,2017-11-29 03:00:00.000,ZoneB,ZoneB,U032
T9481,Car10,2019-02-03 14:00:00.000,ZoneD,ZoneD,U072
T9482,Car28,2015-10-07 09:00:00.000,ZoneB,ZoneA,U112
T9483,Car01,2018-03-04 13:00:00.000,ZoneB,ZoneB,U128
T9484,Car08,2019-09-23 21:00:00.000,ZoneD,ZoneC,U140
T9485,Car30,2016-02-02 07:00:00.000,ZoneD,ZoneC,U054
T9486,Car03,2016-08-08 10:00:00.000,ZoneC,ZoneA,U097
T9487,Car05,2016-08-26 03:00:00.000,ZoneC,ZoneB,U089
T9488,Car11,2015-09-11 08:00:00.000,ZoneB,ZoneA,U104
T9489,Car08,2015-11-28 11:00:00.000,ZoneA,ZoneD,U153
T9490,Car30,2020-09-05 09:00:00.000,ZoneB,ZoneA,U108
T9491,Car18,2021-04-15 01:00:00.000,ZoneC,ZoneB,U137
T9493,Car20,2021-03-22 22:00:00.000,ZoneA,ZoneB,U047
T9494,Car19,2020-05-23 09:00:00.000,ZoneC,ZoneB,U148
T9495,Car24,2021-01-09 00:00:00.000,ZoneD,ZoneD,U067
T9496,Car10,2019-04-23 18:00:00.000,ZoneC,ZoneC,U056
T9497,Car23,2020-07-07 04:00:00.000,ZoneC,ZoneB,U103
T9498,Car17,2021-02-17 19:00:00.000,ZoneC,ZoneB,U079
T9499,Car14,2019-08-18 20:00:00.000,ZoneD,ZoneD,U012
T9500,Car04,2018-05-02 07:00:00.000,ZoneB,ZoneA,U063
T9501,Car26,2019-02-26 22:00:00.000,ZoneD,ZoneC,U025
T9502,Car09,2016-09-30 23:00:00.000,ZoneC,ZoneB,U125
T9503,Car13,2015-07-24 19:00:00.000,ZoneA,ZoneA,U114
T9504,Car20,2018-07-09 20:00:00.000,ZoneA,ZoneB,U142
T9505,Car09,2021-01-29 15:00:00.000,ZoneC,ZoneA,U156
T9506,Car19,2019-06-27 03:00:00.000,ZoneD,ZoneC,U040
T9507,Car04,2017-01-05 15:00:00.000,ZoneC,ZoneA,U159
T9508,Car17,2016-01-16 00:00:00.000,ZoneD,ZoneC,U045
T9509,Car05,2020-11-21 11:00:00.000,ZoneC,ZoneA,U023
T9510,Car21,2020-09-02 11:00:00.000,ZoneD,ZoneC,U162
T9511,Car20,2017-12-29 03:00:00.000,ZoneA,ZoneC,U110
T9512,Car19,2016-10-23 21:00:00.000,ZoneB,ZoneC,U038
T9513,Car27,2018-11-06 15:00:00.000,ZoneC,ZoneC,U042
T9514,Car30,2019-01-11 11:00:00.000,ZoneB,ZoneB,U156
T9515,Car14,2018-05-18 18:00:00.000,ZoneA,ZoneC,U063
T9516,Car01,2019-02-11 07:00:00.000,ZoneC,ZoneD,U042
T9517,Car06,2018-07-28 14:00:00.000,ZoneD,ZoneB,U011
T9518,Car21,2018-03-02 21:00:00.000,ZoneB,ZoneB,U123
T9519,Car27,2016-11-15 04:00:00.000,ZoneC,ZoneD,U073
T9520,Car11,2016-12-12 21:00:00.000,ZoneA,ZoneD,U101
T9521,Car29,2018-03-31 00:00:00.000,ZoneA,ZoneD,U128
T9522,Car29,2015-08-23 14:00:00.000,ZoneD,ZoneA,U023
T9523,Car30,2016-02-18 03:00:00.000,ZoneD,ZoneB,U125
T9524,Car09,2015-03-05 18:00:00.000,ZoneC,ZoneD,U082
T9525,Car16,2017-10-02 05:00:00.000,ZoneC,ZoneD,U132
T9526,Car16,2017-08-21 03:00:00.000,ZoneC,ZoneC,U068
T9527,Car03,2019-01-26 06:00:00.000,ZoneB,ZoneD,U127
T9528,Car08,2020-06-11 13:00:00.000,ZoneC,ZoneC,U149
T9529,Car30,2016-07-27 13:00:00.000,ZoneB,ZoneB,U124
T9530,Car16,2015-01-01 20:00:00.000,ZoneB,ZoneB,U082
T9531,Car11,2018-07-20 06:00:00.000,ZoneA,ZoneD,U110
T9532,Car23,2016-03-03 22:00:00.000,ZoneA,ZoneD,U061
T9533,Car27,2017-03-10 09:00:00.000,ZoneB,ZoneB,U025
T9534,Car18,2016-12-01 00:00:00.000,ZoneD,ZoneD,U066
T9535,Car23,2015-04-06 00:00:00.000,ZoneB,ZoneC,U083
T9536,Car14,2016-07-19 00:00:00.000,ZoneD,ZoneA,U132
T9537,Car04,2015-03-19 07:00:00.000,ZoneA,ZoneD,U092
T9538,Car19,2019-09-30 18:00:00.000,ZoneB,ZoneC,U142
T9539,Car28,2017-07-09 20:00:00.000,ZoneA,ZoneB,U141
T9540,Car06,2017-03-12 16:00:00.000,ZoneC,ZoneB,U078
T9541,Car07,2021-09-17 21:00:00.000,ZoneA,ZoneC,U035
T9542,Car26,2017-05-22 12:00:00.000,ZoneD,ZoneA,U159
T9543,Car06,2021-09-02 16:00:00.000,ZoneA,ZoneA,U104
T9544,Car15,2020-04-12 03:00:00.000,ZoneD,ZoneC,U058
T9545,Car10,2019-04-21 06:00:00.000,ZoneA,ZoneB,U152
T9546,Car05,2018-10-05 13:00:00.000,ZoneA,ZoneB,U090
T9547,Car02,2019-04-06 11:00:00.000,ZoneC,ZoneA,U086
T9548,Car29,2021-09-11 00:00:00.000,ZoneA,ZoneB,U118
T9549,Car24,2021-04-25 21:00:00.000,ZoneA,ZoneB,U036
T9551,Car16,2018-07-21 17:00:00.000,ZoneA,ZoneD,U134
T9552,Car12,2015-12-15 13:00:00.000,ZoneA,ZoneA,U122
T9553,Car08,2017-01-15 10:00:00.000,ZoneB,ZoneB,U056
T9554,Car02,2021-02-11 23:00:00.000,ZoneB,ZoneD,U104
T9555,Car18,2019-02-21 12:00:00.000,ZoneA,ZoneA,U120
T9556,Car06,2016-10-13 21:00:00.000,ZoneD,ZoneC,U102
T9557,Car02,2018-11-16 10:00:00.000,ZoneA,ZoneC,U055
T9558,Car29,2020-03-12 12:00:00.000,ZoneD,ZoneD,U020
T9559,Car18,2019-09-14 22:00:00.000,ZoneA,ZoneA,U098
T9561,Car17,2016-04-26 16:00:00.000,ZoneB,ZoneA,U048
T9562,Car19,2020-05-30 16:00:00.000,ZoneD,ZoneA,U048
T9563,Car30,2018-03-07 11:00:00.000,ZoneB,ZoneB,U010
T9564,Car19,2020-12-14 14:00:00.000,ZoneB,ZoneA,U016
T9565,Car12,2019-04-22 12:00:00.000,ZoneD,ZoneC,U026
T9566,Car02,2017-01-20 00:00:00.000,ZoneC,ZoneD,U145
T9567,Car13,2020-11-05 05:00:00.000,ZoneB,ZoneB,U060
T9568,Car06,2021-12-03 08:00:00.000,ZoneC,ZoneD,U093
T9569,Car21,2016-03-21 00:00:00.000,ZoneD,ZoneC,U129
T9570,Car24,2016-03-11 15:00:00.000,ZoneB,ZoneB,U071
T9571,Car20,2020-01-24 19:00:00.000,ZoneA,ZoneC,U115
T9572,Car21,2015-05-13 22:00:00.000,ZoneC,ZoneC,U035
T9573,Car15,2017-07-04 00:00:00.000,ZoneD,ZoneD,U136
T9574,Car05,2018-09-11 19:00:00.000,ZoneC,ZoneB,U017
T9575,Car20,2016-07-19 00:00:00.000,ZoneD,ZoneD,U156
T9576,Car08,2019-11-21 10:00:00.000,ZoneB,ZoneB,U043
T9577,Car28,2019-10-23 11:00:00.000,ZoneA,ZoneB,U092
T9578,Car17,2021-10-19 08:00:00.000,ZoneB,ZoneA,U080
T9579,Car18,2021-09-11 00:00:00.000,ZoneD,ZoneD,U039
T9580,Car17,2015-08-19 10:00:00.000,ZoneA,ZoneA,U125
T9581,Car21,2020-08-09 07:00:00.000,ZoneB,ZoneB,U072
T9582,Car02,2020-06-04 16:00:00.000,ZoneB,ZoneC,U115
T9583,Car25,2019-05-19 04:00:00.000,ZoneA,ZoneC,U044
T9584,Car05,2018-05-17 17:00:00.000,ZoneC,ZoneA,U157
T9585,Car14,2015-04-02 11:00:00.000,ZoneA,ZoneB,U092
T9586,Car13,2020-09-06 00:00:00.000,ZoneA,ZoneC,U064
T9587,Car04,2020-08-12 15:00:00.000,ZoneB,ZoneD,U135
T9588,Car23,2015-09-07 04:00:00.000,ZoneB,ZoneD,U016
T9589,Car15,2019-01-08 13:00:00.000,ZoneB,ZoneA,U014
T9590,Car09,2017-09-20 18:00:00.000,ZoneA,ZoneD,U039
T9591,Car06,2021-09-04 23:00:00.000,ZoneD,ZoneC,U066
T9592,Car25,2020-03-01 06:00:00.000,ZoneB,ZoneC,U014
T9593,Car18,2020-07-24 11:00:00.000,ZoneB,ZoneD,U059
T9594,Car09,2020-01-27 22:00:00.000,ZoneA,ZoneD,U053
T9595,Car03,2021-10-13 02:00:00.000,ZoneD,ZoneD,U025
T9596,Car11,2017-12-22 21:00:00.000,ZoneB,ZoneC,U094
T9597,Car06,2017-09-08 01:00:00.000,ZoneD,ZoneC,U110
T9598,Car14,2020-08-30 08:00:00.000,ZoneD,ZoneD,U094
T9599,Car20,2015-05-07 16:00:00.000,ZoneC,ZoneD,U154
T9600,Car18,2015-10-19 21:00:00.000,ZoneB,ZoneA,U108
T9601,Car11,2019-05-13 08:00:00.000,ZoneC,ZoneB,U068
T9602,Car08,2016-09-29 07:00:00.000,ZoneA,ZoneC,U049
T9603,Car07,2021-04-17 13:00:00.000,ZoneC,ZoneA,U064
T9604,Car05,2018-07-03 09:00:00.000,ZoneB,ZoneB,U115
T9605,Car19,2017-06-02 03:00:00.000,ZoneD,ZoneA,U128
T9606,Car25,2016-12-16 10:00:00.000,ZoneC,ZoneA,U135
T9607,Car25,2015-09-16 23:00:00.000,ZoneA,ZoneC,U155
T9608,Car19,2020-01-07 07:00:00.000,ZoneC,ZoneC,U146
T9609,Car13,2016-07-29 15:00:00.000,ZoneA,ZoneA,U098
T9610,Car14,2018-04-25 20:00:00.000,ZoneA,ZoneB,U109
T9611,Car21,2021-07-14 06:00:00.000,ZoneD,ZoneC,U137
T9612,Car15,2016-05-27 02:00:00.000,ZoneB,ZoneA,U037
T9613,Car20,2017-01-31 16:00:00.000,ZoneA,ZoneC,U081
T9614,Car17,2021-05-16 12:00:00.000,ZoneD,ZoneA,U033
T9615,Car20,2019-04-09 19:00:00.000,ZoneC,ZoneC,U060
T9616,Car26,2020-01-11 16:00:00.000,ZoneD,ZoneC,U127
T9617,Car21,2018-05-16 06:00:00.000,ZoneD,ZoneD,U142
T9618,Car16,2015-05-01 10:00:00.000,ZoneB,ZoneC,U038
T9619,Car01,2019-12-01 05:00:00.000,ZoneC,ZoneA,U078
T9620,Car16,2017-09-23 06:00:00.000,ZoneA,ZoneC,U156
T9622,Car30,2016-11-19 08:00:00.000,ZoneD,ZoneB,U023
T9623,Car05,2017-02-01 12:00:00.000,ZoneD,ZoneD,U021
T9624,Car14,2019-01-11 16:00:00.000,ZoneC,ZoneC,U034
T9626,Car27,2021-12-08 03:00:00.000,ZoneC,ZoneC,U111
T9627,Car02,2020-05-20 16:00:00.000,ZoneC,ZoneC,U127
T9628,Car07,2021-02-16 13:00:00.000,ZoneA,ZoneB,U036
T9629,Car17,2019-10-03 11:00:00.000,ZoneA,ZoneB,U104
T9630,Car17,2019-06-07 18:00:00.000,ZoneA,ZoneC,U016
T9631,Car24,2020-08-23 01:00:00.000,ZoneA,ZoneB,U011
T9632,Car18,2018-01-17 22:00:00.000,ZoneC,ZoneC,U012
T9633,Car08,2016-10-24 22:00:00.000,ZoneD,ZoneC,U026
T9634,Car16,2021-01-25 21:00:00.000,ZoneA,ZoneB,U095
T9635,Car05,2020-07-16 08:00:00.000,ZoneC,ZoneD,U019
T9636,Car22,2016-02-15 20:00:00.000,ZoneB,ZoneD,U014
T9637,Car21,2016-08-22 14:00:00.000,ZoneA,ZoneB,U018
T9639,Car21,2015-12-20 18:00:00.000,ZoneD,ZoneA,U041
T9640,Car02,2018-05-05 10:00:00.000,ZoneB,ZoneA,U022
T9642,Car26,2019-07-22 08:00:00.000,ZoneA,ZoneD,U031
T9643,Car11,2020-09-17 06:00:00.000,ZoneC,ZoneA,U061
T9644,Car05,2021-05-02 18:00:00.000,ZoneC,ZoneA,U116
T9645,Car22,2021-06-28 00:00:00.000,ZoneD,ZoneC,U048
T9646,Car11,2020-08-27 05:00:00.000,ZoneB,ZoneD,U128
T9647,Car30,2021-10-11 10:00:00.000,ZoneB,ZoneC,U062
T9648,Car13,2021-04-07 13:00:00.000,ZoneA,ZoneA,U090
T9649,Car30,2018-06-09 15:00:00.000,ZoneD,ZoneD,U146
T9650,Car02,2019-09-02 15:00:00.000,ZoneD,ZoneB,U161
T9651,Car03,2017-09-14 02:00:00.000,ZoneC,ZoneA,U132
T9652,Car15,2017-03-12 11:00:00.000,ZoneD,ZoneD,U039
T9653,Car10,2019-10-25 18:00:00.000,ZoneC,ZoneC,U111
T9654,Car17,2018-01-22 02:00:00.000,ZoneD,ZoneC,U031
T9655,Car21,2015-05-24 13:00:00.000,ZoneC,ZoneC,U021
T9656,Car21,2018-06-25 06:00:00.000,ZoneA,ZoneC,U029
T9657,Car18,2018-01-03 18:00:00.000,ZoneD,ZoneC,U089
T9658,Car03,2017-07-08 14:00:00.000,ZoneD,ZoneD,U021
T9659,Car16,2017-03-04 03:00:00.000,ZoneC,ZoneC,U053
T9660,Car18,2020-10-08 12:00:00.000,ZoneB,ZoneA,U132
T9661,Car11,2018-10-09 02:00:00.000,ZoneA,ZoneC,U141
T9662,Car25,2018-02-18 09:00:00.000,ZoneD,ZoneB,U023
T9663,Car18,2019-10-04 02:00:00.000,ZoneD,ZoneD,U042
T9664,Car08,2015-04-28 02:00:00.000,ZoneC,ZoneA,U157
T9665,Car02,2020-12-23 23:00:00.000,ZoneD,ZoneA,U128
T9666,Car10,2021-03-22 17:00:00.000,ZoneA,ZoneA,U032
T9667,Car07,2015-12-05 08:00:00.000,ZoneB,ZoneD,U029
T9668,Car29,2015-11-22 05:00:00.000,ZoneA,ZoneA,U081
T9669,Car05,2018-08-31 03:00:00.000,ZoneB,ZoneB,U023
T9670,Car27,2020-01-07 17:00:00.000,ZoneC,ZoneA,U027
T9671,Car26,2016-08-01 23:00:00.000,ZoneA,ZoneD,U161
T9672,Car07,2018-01-17 17:00:00.000,ZoneC,ZoneD,U047
T9673,Car29,2017-03-17 01:00:00.000,ZoneA,ZoneD,U086
T9674,Car05,2019-02-23 19:00:00.000,ZoneD,ZoneD,U035
T9675,Car21,2018-05-11 06:00:00.000,ZoneA,ZoneA,U072
T9676,Car12,2019-06-19 00:00:00.000,ZoneC,ZoneB,U105
T9677,Car18,2020-10-11 10:00:00.000,ZoneA,ZoneD,U036
T9678,Car12,2017-12-09 23:00:00.000,ZoneD,ZoneD,U062
T9679,Car23,2017-01-18 18:00:00.000,ZoneC,ZoneA,U125
T9680,Car30,2016-06-21 22:00:00.000,ZoneD,ZoneA,U035
T9681,Car13,2020-09-21 10:00:00.000,ZoneD,ZoneD,U152
T9682,Car07,2020-07-12 09:00:00.000,ZoneA,ZoneB,U022
T9683,Car17,2019-06-29 00:00:00.000,ZoneB,ZoneA,U014
T9684,Car04,2021-08-09 07:00:00.000,ZoneC,ZoneA,U103
T9686,Car13,2015-08-16 12:00:00.000,ZoneC,ZoneB,U081
T9687,Car30,2020-04-03 04:00:00.000,ZoneC,ZoneB,U080
T9688,Car16,2020-04-17 08:00:00.000,ZoneA,ZoneA,U084
T9689,Car06,2021-02-04 21:00:00.000,ZoneA,ZoneC,U112
T9690,Car30,2015-06-22 02:00:00.000,ZoneA,ZoneC,U037
T9691,Car20,2020-12-09 14:00:00.000,ZoneD,ZoneC,U095
T9692,Car06,2018-11-11 00:00:00.000,ZoneB,ZoneC,U040
T9693,Car23,2016-11-27 01:00:00.000,ZoneC,ZoneC,U118
T9694,Car14,2018-12-21 10:00:00.000,ZoneC,ZoneB,U062
T9695,Car20,2020-09-18 12:00:00.000,ZoneA,ZoneA,U070
T9696,Car13,2015-10-03 15:00:00.000,ZoneA,ZoneB,U065
T9697,Car26,2021-01-07 13:00:00.000,ZoneB,ZoneA,U018
T9698,Car19,2018-08-12 19:00:00.000,ZoneD,ZoneD,U024
T9699,Car19,2018-07-22 23:00:00.000,ZoneB,ZoneB,U142
T9700,Car11,2021-07-24 06:00:00.000,ZoneC,ZoneD,U052
T9701,Car06,2017-06-14 05:00:00.000,ZoneA,ZoneB,U041
T9702,Car01,2016-05-29 09:00:00.000,ZoneD,ZoneC,U015
T9703,Car13,2018-02-04 15:00:00.000,ZoneD,ZoneD,U050
T9704,Car08,2017-10-07 10:00:00.000,ZoneA,ZoneB,U022
T9705,Car17,2018-07-04 05:00:00.000,ZoneD,ZoneB,U022
T9706,Car05,2017-09-16 09:00:00.000,ZoneA,ZoneB,U085
T9707,Car28,2017-09-25 18:00:00.000,ZoneB,ZoneC,U046
T9708,Car01,2018-09-08 16:00:00.000,ZoneC,ZoneC,U131
T9709,Car12,2017-07-21 17:00:00.000,ZoneD,ZoneA,U066
T9710,Car09,2020-11-22 02:00:00.000,ZoneB,ZoneD,U160
T9711,Car09,2016-12-12 01:00:00.000,ZoneB,ZoneB,U122
T9712,Car22,2020-06-04 06:00:00.000,ZoneD,ZoneD,U056
T9713,Car26,2015-01-02 01:00:00.000,ZoneA,ZoneD,U058
T9714,Car08,2020-01-16 06:00:00.000,ZoneC,ZoneA,U069
T9715,Car18,2021-09-13 02:00:00.000,ZoneD,ZoneA,U132
T9716,Car12,2017-01-08 18:00:00.000,ZoneC,ZoneB,U022
T9717,Car11,2017-03-26 05:00:00.000,ZoneA,ZoneB,U152
T9718,Car04,2021-04-02 23:00:00.000,ZoneC,ZoneB,U022
T9719,Car18,2021-01-01 22:00:00.000,ZoneD,ZoneC,U120
T9720,Car24,2021-09-09 23:00:00.000,ZoneA,ZoneA,U044
T9721,Car08,2017-10-10 03:00:00.000,ZoneB,ZoneC,U122
T9722,Car01,2020-03-12 22:00:00.000,ZoneC,ZoneA,U059
T9723,Car09,2020-08-13 06:00:00.000,ZoneA,ZoneA,U103
T9724,Car07,2019-11-24 18:00:00.000,ZoneA,ZoneB,U161
T9725,Car02,2015-07-15 20:00:00.000,ZoneA,ZoneA,U162
T9726,Car30,2016-03-24 08:00:00.000,ZoneA,ZoneA,U046
T9727,Car17,2017-11-01 05:00:00.000,ZoneA,ZoneA,U127
T9728,Car09,2019-03-31 20:00:00.000,ZoneD,ZoneD,U142
T9729,Car25,2018-12-31 15:00:00.000,ZoneD,ZoneB,U114
T9730,Car24,2015-06-07 17:00:00.000,ZoneC,ZoneB,U020
T9731,Car11,2017-02-15 16:00:00.000,ZoneD,ZoneD,U088
T9732,Car14,2018-10-17 05:00:00.000,ZoneD,ZoneA,U083
T9733,Car07,2018-11-09 08:00:00.000,ZoneA,ZoneC,U028
T9734,Car19,2019-10-09 12:00:00.000,ZoneB,ZoneA,U131
T9735,Car30,2016-05-21 06:00:00.000,ZoneD,ZoneC,U152
T9736,Car15,2017-01-29 14:00:00.000,ZoneB,ZoneC,U044
T9738,Car27,2020-11-17 02:00:00.000,ZoneD,ZoneB,U109
T9739,Car13,2019-01-29 04:00:00.000,ZoneC,ZoneD,U098
T9740,Car21,2021-11-02 07:00:00.000,ZoneC,ZoneC,U056
T9741,Car23,2018-08-13 05:00:00.000,ZoneA,ZoneC,U081
T9742,Car18,2020-06-07 19:00:00.000,ZoneC,ZoneC,U048
T9743,Car09,2015-04-16 05:00:00.000,ZoneA,ZoneC,U156
T9744,Car26,2015-08-13 04:00:00.000,ZoneC,ZoneA,U058
T9745,Car25,2021-05-20 11:00:00.000,ZoneA,ZoneD,U050
T9746,Car30,2018-07-06 12:00:00.000,ZoneB,ZoneD,U124
T9748,Car26,2015-10-04 16:00:00.000,ZoneD,ZoneB,U028
T9749,Car23,2015-08-28 14:00:00.000,ZoneD,ZoneD,U162
T9750,Car06,2016-04-20 05:00:00.000,ZoneD,ZoneC,U088
T9751,Car11,2017-05-28 08:00:00.000,ZoneC,ZoneC,U027
T9752,Car22,2020-04-11 17:00:00.000,ZoneA,ZoneC,U030
T9753,Car06,2021-06-13 05:00:00.000,ZoneB,ZoneB,U153
T9754,Car10,2021-10-17 16:00:00.000,ZoneB,ZoneC,U107
T9755,Car26,2019-12-07 06:00:00.000,ZoneA,ZoneA,U086
T9756,Car21,2019-09-11 14:00:00.000,ZoneB,ZoneD,U025
T9758,Car09,2016-08-02 14:00:00.000,ZoneC,ZoneB,U145
T9759,Car27,2021-08-07 15:00:00.000,ZoneA,ZoneC,U030
T9760,Car19,2017-12-30 09:00:00.000,ZoneA,ZoneD,U121
T9761,Car04,2018-03-08 07:00:00.000,ZoneB,ZoneB,U017
T9762,Car12,2015-07-01 01:00:00.000,ZoneC,ZoneB,U089
T9763,Car11,2015-04-03 12:00:00.000,ZoneA,ZoneB,U119
T9765,Car22,2017-03-07 11:00:00.000,ZoneB,ZoneC,U138
T9766,Car25,2018-12-12 21:00:00.000,ZoneB,ZoneD,U157
T9767,Car28,2017-11-28 07:00:00.000,ZoneD,ZoneD,U031
T9768,Car29,2020-04-18 09:00:00.000,ZoneC,ZoneC,U092
T9769,Car16,2016-02-24 04:00:00.000,ZoneB,ZoneD,U162
T9770,Car29,2020-04-19 15:00:00.000,ZoneC,ZoneB,U137
T9771,Car14,2017-01-22 07:00:00.000,ZoneD,ZoneC,U022
T9772,Car29,2021-03-05 20:00:00.000,ZoneA,ZoneB,U086
T9773,Car18,2019-03-26 20:00:00.000,ZoneA,ZoneA,U127
T9774,Car30,2016-03-03 12:00:00.000,ZoneB,ZoneD,U025
T9775,Car09,2017-02-23 14:00:00.000,ZoneC,ZoneA,U059
T9776,Car19,2019-01-18 13:00:00.000,ZoneC,ZoneC,U143
T9777,Car16,2017-06-01 02:00:00.000,ZoneC,ZoneA,U013
T9778,Car05,2017-07-11 07:00:00.000,ZoneC,ZoneA,U033
T9779,Car26,2017-09-18 11:00:00.000,ZoneD,ZoneA,U150
T9780,Car07,2018-09-22 05:00:00.000,ZoneD,ZoneD,U112
T9781,Car23,2017-01-10 00:00:00.000,ZoneC,ZoneB,U063
T9782,Car09,2021-04-01 17:00:00.000,ZoneA,ZoneC,U064
T9783,Car10,2018-02-19 05:00:00.000,ZoneC,ZoneC,U057
T9784,Car25,2019-02-13 09:00:00.000,ZoneC,ZoneD,U051
T9785,Car10,2021-12-10 10:00:00.000,ZoneA,ZoneC,U111
T9786,Car03,2015-09-25 22:00:00.000,ZoneB,ZoneD,U094
T9787,Car07,2020-10-19 03:00:00.000,ZoneC,ZoneD,U149
T9788,Car18,2016-01-06 10:00:00.000,ZoneA,ZoneB,U095
T9789,Car02,2017-01-27 02:00:00.000,ZoneC,ZoneB,U073
T9790,Car16,2017-07-07 23:00:00.000,ZoneB,ZoneB,U160
T9791,Car14,2016-10-25 23:00:00.000,ZoneC,ZoneC,U010
T9792,Car12,2015-05-21 05:00:00.000,ZoneB,ZoneC,U141
T9793,Car08,2019-02-18 19:00:00.000,ZoneD,ZoneA,U144
T9794,Car06,2021-08-09 12:00:00.000,ZoneA,ZoneA,U065
T9795,Car02,2016-07-30 21:00:00.000,ZoneB,ZoneB,U103
T9796,Car30,2017-01-21 16:00:00.000,ZoneC,ZoneA,U144
T9797,Car15,2019-11-04 08:00:00.000,ZoneC,ZoneB,U035
T9798,Car25,2017-02-23 19:00:00.000,ZoneD,ZoneB,U046
T9799,Car19,2016-05-07 22:00:00.000,ZoneD,ZoneB,U049
T9800,Car18,2017-06-09 00:00:00.000,ZoneD,ZoneB,U059
T9801,Car22,2015-10-20 12:00:00.000,ZoneB,ZoneB,U106
T9802,Car03,2018-01-07 07:00:00.000,ZoneC,ZoneD,U034
T9803,Car16,2018-05-15 00:00:00.000,ZoneC,ZoneA,U076
T9804,Car24,2015-12-25 08:00:00.000,ZoneB,ZoneC,U124
T9805,Car10,2020-09-19 08:00:00.000,ZoneC,ZoneC,U085
T9806,Car12,2015-03-25 03:00:00.000,ZoneA,ZoneB,U089
T9807,Car21,2019-07-16 07:00:00.000,ZoneD,ZoneD,U029
T9808,Car18,2021-08-12 05:00:00.000,ZoneC,ZoneB,U146
T9809,Car08,2015-03-05 03:00:00.000,ZoneB,ZoneB,U024
T9810,Car30,2017-09-10 13:00:00.000,ZoneA,ZoneB,U061
T9811,Car06,2017-11-12 06:00:00.000,ZoneC,ZoneA,U162
T9812,Car16,2021-03-01 21:00:00.000,ZoneA,ZoneD,U144
T9813,Car19,2021-11-03 18:00:00.000,ZoneA,ZoneC,U077
T9814,Car25,2017-05-10 00:00:00.000,ZoneB,ZoneA,U055
T9815,Car28,2019-04-30 05:00:00.000,ZoneA,ZoneA,U081
T9816,Car01,2021-02-01 08:00:00.000,ZoneA,ZoneC,U033
T9817,Car04,2018-09-30 23:00:00.000,ZoneA,ZoneD,U035
T9818,Car10,2016-05-21 11:00:00.000,ZoneC,ZoneD,U142
T9819,Car12,2015-10-08 00:00:00.000,ZoneC,ZoneA,U045
T9820,Car06,2017-12-26 05:00:00.000,ZoneB,ZoneA,U066
T9821,Car27,2017-02-16 17:00:00.000,ZoneA,ZoneB,U139
T9822,Car01,2019-12-03 12:00:00.000,ZoneC,ZoneC,U076
T9823,Car18,2015-03-20 23:00:00.000,ZoneC,ZoneD,U063
T9824,Car21,2018-12-02 16:00:00.000,ZoneA,ZoneD,U120
T9825,Car07,2015-08-30 11:00:00.000,ZoneD,ZoneA,U049
T9826,Car16,2019-10-26 19:00:00.000,ZoneC,ZoneB,U016
T9827,Car09,2017-11-12 01:00:00.000,ZoneB,ZoneD,U030
T9828,Car28,2021-03-20 00:00:00.000,ZoneA,ZoneD,U072
T9829,Car10,2018-03-12 06:00:00.000,ZoneA,ZoneA,U077
T9830,Car11,2020-09-12 21:00:00.000,ZoneB,ZoneB,U156
T9831,Car09,2020-12-11 11:00:00.000,ZoneC,ZoneD,U142
T9832,Car15,2019-08-26 18:00:00.000,ZoneA,ZoneA,U079
T9833,Car04,2017-01-09 09:00:00.000,ZoneD,ZoneD,U081
T9834,Car17,2020-07-05 12:00:00.000,ZoneB,ZoneC,U103
T9835,Car21,2020-08-22 10:00:00.000,ZoneB,ZoneA,U103
T9836,Car21,2015-02-02 02:00:00.000,ZoneA,ZoneA,U016
T9837,Car23,2021-06-20 17:00:00.000,ZoneA,ZoneD,U079
T9838,Car13,2018-08-17 14:00:00.000,ZoneC,ZoneD,U048
T9839,Car07,2020-06-04 21:00:00.000,ZoneC,ZoneA,U026
T9840,Car30,2016-12-27 21:00:00.000,ZoneD,ZoneB,U125
T9841,Car09,2020-04-02 23:00:00.000,ZoneB,ZoneA,U040
T9842,Car22,2019-08-19 21:00:00.000,ZoneC,ZoneB,U102
T9843,Car10,2015-09-18 10:00:00.000,ZoneD,ZoneC,U090
T9844,Car25,2021-06-20 07:00:00.000,ZoneB,ZoneA,U114
T9845,Car24,2017-06-18 09:00:00.000,ZoneD,ZoneB,U076
T9846,Car24,2015-04-12 21:00:00.000,ZoneB,ZoneD,U138
T9847,Car25,2016-03-03 22:00:00.000,ZoneC,ZoneC,U052
T9848,Car17,2019-09-03 11:00:00.000,ZoneD,ZoneD,U054
T9849,Car15,2017-04-25 20:00:00.000,ZoneB,ZoneA,U133
T9850,Car03,2018-12-27 01:00:00.000,ZoneD,ZoneB,U077
T9851,Car24,2016-03-22 01:00:00.000,ZoneB,ZoneB,U064
T9852,Car08,2017-01-02 17:00:00.000,ZoneD,ZoneB,U086
T9853,Car28,2015-10-21 03:00:00.000,ZoneD,ZoneD,U060
T9854,Car29,2015-12-26 19:00:00.000,ZoneD,ZoneC,U127
T9855,Car22,2020-08-21 19:00:00.000,ZoneB,ZoneC,U017
T9856,Car28,2016-12-08 12:00:00.000,ZoneD,ZoneA,U095
T9857,Car12,2020-05-14 15:00:00.000,ZoneA,ZoneD,U130
T9858,Car11,2019-11-19 08:00:00.000,ZoneA,ZoneA,U149
T9859,Car11,2018-12-24 13:00:00.000,ZoneC,ZoneC,U097
T9860,Car14,2017-05-12 17:00:00.000,ZoneD,ZoneA,U144
T9861,Car13,2016-08-26 08:00:00.000,ZoneC,ZoneA,U124
T9862,Car10,2017-01-28 18:00:00.000,ZoneD,ZoneD,U067
T9863,Car02,2020-11-14 09:00:00.000,ZoneA,ZoneA,U020
T9864,Car29,2021-08-04 07:00:00.000,ZoneD,ZoneC,U149
T9865,Car02,2020-04-26 07:00:00.000,ZoneD,ZoneA,U021
T9866,Car29,2018-06-20 06:00:00.000,ZoneC,ZoneB,U027
T9867,Car23,2018-09-11 19:00:00.000,ZoneB,ZoneB,U069
T9868,Car27,2019-01-13 13:00:00.000,ZoneB,ZoneA,U146
T9869,Car02,2020-09-25 19:00:00.000,ZoneB,ZoneA,U071
T9870,Car08,2018-05-30 05:00:00.000,ZoneA,ZoneB,U060
T9871,Car03,2018-05-12 02:00:00.000,ZoneD,ZoneB,U134
T9872,Car20,2018-11-09 23:00:00.000,ZoneD,ZoneD,U046
T9873,Car20,2020-08-21 04:00:00.000,ZoneC,ZoneA,U139
T9874,Car02,2018-02-19 05:00:00.000,ZoneC,ZoneA,U084
T9875,Car16,2015-02-15 10:00:00.000,ZoneA,ZoneD,U037
T9876,Car24,2018-11-18 07:00:00.000,ZoneA,ZoneB,U136
T9877,Car18,2017-06-11 22:00:00.000,ZoneB,ZoneA,U093
T9878,Car19,2018-08-20 17:00:00.000,ZoneC,ZoneD,U023
T9879,Car26,2019-11-14 03:00:00.000,ZoneC,ZoneA,U059
T9880,Car19,2016-08-12 04:00:00.000,ZoneD,ZoneD,U041
T9881,Car14,2017-06-23 04:00:00.000,ZoneC,ZoneC,U106
T9882,Car15,2018-09-26 09:00:00.000,ZoneB,ZoneA,U136
T9883,Car04,2020-09-17 16:00:00.000,ZoneD,ZoneD,U049
T9884,Car16,2017-04-04 09:00:00.000,ZoneC,ZoneC,U067
T9885,Car01,2019-06-12 23:00:00.000,ZoneC,ZoneD,U125
T9886,Car23,2018-05-17 07:00:00.000,ZoneD,ZoneD,U057
T9887,Car17,2019-01-21 06:00:00.000,ZoneD,ZoneB,U133
T9888,Car12,2021-03-28 18:00:00.000,ZoneA,ZoneC,U070
T9889,Car23,2016-08-09 16:00:00.000,ZoneD,ZoneD,U128
T9890,Car14,2021-07-20 12:00:00.000,ZoneD,ZoneA,U084
T9891,Car26,2018-12-21 10:00:00.000,ZoneC,ZoneC,U081
T9892,Car21,2018-08-15 17:00:00.000,ZoneB,ZoneA,U129
T9893,Car21,2018-02-24 00:00:00.000,ZoneB,ZoneA,U023
T9894,Car18,2016-10-25 18:00:00.000,ZoneC,ZoneA,U042
T9895,Car29,2019-09-24 12:00:00.000,ZoneB,ZoneB,U024
T9896,Car09,2015-05-21 15:00:00.000,ZoneD,ZoneB,U059
T9897,Car20,2019-02-01 22:00:00.000,ZoneB,ZoneA,U070
T9898,Car22,2016-10-21 14:00:00.000,ZoneB,ZoneC,U049
T9899,Car10,2015-12-23 16:00:00.000,ZoneC,ZoneA,U062
T9900,Car16,2019-12-31 05:00:00.000,ZoneA,ZoneB,U033
T9901,Car26,2021-11-28 03:00:00.000,ZoneA,ZoneB,U123
T9902,Car07,2019-01-08 08:00:00.000,ZoneB,ZoneB,U090
T9903,Car22,2019-08-22 09:00:00.000,ZoneC,ZoneA,U103
T9904,Car03,2018-06-19 05:00:00.000,ZoneD,ZoneA,U058
T9905,Car25,2021-08-16 19:00:00.000,ZoneB,ZoneB,U142
T9906,Car05,2019-01-13 08:00:00.000,ZoneA,ZoneB,U138
T9907,Car07,2021-08-25 18:00:00.000,ZoneB,ZoneC,U115
T9908,Car11,2020-01-01 06:00:00.000,ZoneA,ZoneB,U108
T9909,Car22,2020-04-18 14:00:00.000,ZoneB,ZoneD,U115
T9910,Car27,2018-05-30 00:00:00.000,ZoneB,ZoneC,U048
T9911,Car06,2018-10-02 10:00:00.000,ZoneD,ZoneC,U141
T9912,Car15,2021-10-06 20:00:00.000,ZoneA,ZoneA,U064
T9913,Car03,2017-09-07 00:00:00.000,ZoneA,ZoneD,U050
T9914,Car08,2020-02-07 18:00:00.000,ZoneA,ZoneB,U016
T9915,Car09,2015-09-04 01:00:00.000,ZoneA,ZoneA,U155
T9916,Car10,2018-02-01 12:00:00.000,ZoneA,ZoneB,U087
T9917,Car17,2015-11-05 23:00:00.000,ZoneC,ZoneC,U044
T9918,Car10,2021-07-18 15:00:00.000,ZoneD,ZoneD,U115
T9919,Car06,2020-10-29 13:00:00.000,ZoneC,ZoneD,U022
T9920,Car18,2017-09-02 05:00:00.000,ZoneB,ZoneA,U079
T9921,Car07,2021-06-23 05:00:00.000,ZoneA,ZoneC,U133
T9922,Car16,2016-10-23 06:00:00.000,ZoneD,ZoneD,U152
T9923,Car05,2021-10-07 11:00:00.000,ZoneD,ZoneD,U033
T9924,Car06,2015-02-02 17:00:00.000,ZoneB,ZoneB,U087
T9925,Car25,2020-10-28 07:00:00.000,ZoneD,ZoneA,U046
T9926,Car08,2021-04-06 12:00:00.000,ZoneC,ZoneC,U116
T9927,Car23,2015-04-24 23:00:00.000,ZoneD,ZoneA,U089
T9928,Car21,2016-03-22 21:00:00.000,ZoneB,ZoneA,U045
T9929,Car17,2017-08-23 00:00:00.000,ZoneA,ZoneB,U082
T9930,Car15,2020-01-31 01:00:00.000,ZoneC,ZoneD,U129
T9931,Car22,2021-04-17 23:00:00.000,ZoneB,ZoneC,U156
T9932,Car17,2015-05-01 05:00:00.000,ZoneA,ZoneA,U132
T9933,Car29,2018-02-16 12:00:00.000,ZoneB,ZoneD,U123
T9935,Car07,2019-03-27 06:00:00.000,ZoneB,ZoneA,U123
T9936,Car11,2021-08-01 19:00:00.000,ZoneB,ZoneB,U104
T9937,Car23,2021-04-27 23:00:00.000,ZoneA,ZoneA,U018
T9938,Car30,2021-07-11 23:00:00.000,ZoneC,ZoneB,U031
T9940,Car24,2017-12-06 10:00:00.000,ZoneB,ZoneB,U128
T9941,Car27,2017-10-20 18:00:00.000,ZoneD,ZoneC,U064
T9942,Car21,2019-08-17 09:00:00.000,ZoneA,ZoneB,U106
T9943,Car07,2016-11-21 05:00:00.000,ZoneB,ZoneB,U078
T9944,Car01,2018-11-16 00:00:00.000,ZoneA,ZoneB,U066
T9945,Car04,2019-05-09 09:00:00.000,ZoneC,ZoneB,U048
T9946,Car24,2021-11-15 00:00:00.000,ZoneD,ZoneC,U113
T9947,Car02,2015-03-23 11:00:00.000,ZoneB,ZoneB,U161
T9948,Car07,2020-03-26 01:00:00.000,ZoneC,ZoneC,U148
T9949,Car25,2019-06-25 11:00:00.000,ZoneC,ZoneA,U021
T9950,Car18,2017-09-23 11:00:00.000,ZoneA,ZoneA,U034
T9951,Car24,2021-01-16 22:00:00.000,ZoneD,ZoneC,U068
T9952,Car17,2016-06-21 12:00:00.000,ZoneD,ZoneA,U031
T9953,Car22,2015-06-07 07:00:00.000,ZoneC,ZoneA,U127
T9954,Car11,2016-10-10 18:00:00.000,ZoneB,ZoneA,U042
T9955,Car14,2018-11-04 13:00:00.000,ZoneB,ZoneC,U113
T9956,Car17,2015-03-02 10:00:00.000,ZoneC,ZoneA,U053
T9957,Car12,2021-11-01 01:00:00.000,ZoneB,ZoneA,U133
T9958,Car24,2021-04-06 17:00:00.000,ZoneB,ZoneD,U054
T9959,Car06,2015-12-27 20:00:00.000,ZoneC,ZoneB,U078
T9960,Car06,2015-05-05 19:00:00.000,ZoneA,ZoneD,U136
T9961,Car22,2019-03-31 10:00:00.000,ZoneC,ZoneD,U065
T9962,Car05,2018-10-09 17:00:00.000,ZoneC,ZoneC,U137
T9964,Car28,2017-10-08 01:00:00.000,ZoneC,ZoneC,U138
T9965,Car20,2021-01-30 01:00:00.000,ZoneC,ZoneC,U038
T9966,Car10,2016-10-14 07:00:00.000,ZoneD,ZoneD,U041
T9967,Car29,2019-08-03 10:00:00.000,ZoneB,ZoneB,U136
T9968,Car04,2018-01-23 18:00:00.000,ZoneD,ZoneD,U148
T9969,Car09,2018-04-28 13:00:00.000,ZoneD,ZoneC,U127
T9970,Car05,2021-12-02 17:00:00.000,ZoneD,ZoneC,U161
T9971,Car03,2020-02-08 19:00:00.000,ZoneA,ZoneB,U144
T9972,Car08,2021-08-02 20:00:00.000,ZoneA,ZoneB,U135
T9973,Car12,2015-07-21 21:00:00.000,ZoneD,ZoneD,U114
T9974,Car25,2015-04-14 08:00:00.000,ZoneD,ZoneB,U094
T9975,Car19,2018-04-12 02:00:00.000,ZoneD,ZoneD,U079
T9976,Car14,2017-01-18 23:00:00.000,ZoneD,ZoneD,U098
T9977,Car19,2018-07-09 05:00:00.000,ZoneC,ZoneD,U097
T9978,Car16,2015-05-20 14:00:00.000,ZoneA,ZoneA,U116
T9979,Car09,2020-02-10 16:00:00.000,ZoneB,ZoneC,U015
T9980,Car19,2018-11-08 02:00:00.000,ZoneD,ZoneD,U119
T9981,Car22,2015-07-06 21:00:00.000,ZoneC,ZoneB,U054
T9982,Car09,2016-03-12 01:00:00.000,ZoneB,ZoneB,U055
T9983,Car05,2019-12-06 15:00:00.000,ZoneB,ZoneD,U068
T9984,Car29,2016-01-21 15:00:00.000,ZoneB,ZoneB,U099
T9985,Car12,2016-09-17 00:00:00.000,ZoneD,ZoneB,U152
T9986,Car24,2016-11-17 06:00:00.000,ZoneB,ZoneA,U121
T9987,Car14,2018-07-03 09:00:00.000,ZoneC,ZoneC,U129
T9988,Car14,2019-04-09 14:00:00.000,ZoneD,ZoneD,U096
T9989,Car10,2021-09-12 21:00:00.000,ZoneD,ZoneD,U075
T9990,Car16,2016-03-07 01:00:00.000,ZoneB,ZoneB,U154
T9991,Car29,2021-05-10 01:00:00.000,ZoneD,ZoneB,U039
T9992,Car28,2020-10-28 22:00:00.000,ZoneB,ZoneD,U031
T9993,Car13,2017-06-12 23:00:00.000,ZoneC,ZoneB,U146
T9994,Car13,2017-02-16 22:00:00.000,ZoneC,ZoneB,U140
T9995,Car17,2015-01-03 22:00:00.000,ZoneC,ZoneB,U045
T9996,Car27,2019-03-16 15:00:00.000,ZoneC,ZoneD,U133
T9997,Car11,2016-01-10 19:00:00.000,ZoneB,ZoneB,U045
T9998,Car01,2015-10-10 02:00:00.000,ZoneA,ZoneA,U055
T9999,Car25,2015-12-08 06:00:00.000,ZoneD,ZoneD,U018
T10000,Car05,2019-03-02 16:00:00.000,ZoneA,ZoneC,U069
T10001,Car10,2019-07-28 19:00:00.000,ZoneA,ZoneC,U094
T10002,Car14,2018-09-22 05:00:00.000,ZoneC,ZoneA,U028
T10003,Car21,2015-05-26 15:00:00.000,ZoneB,ZoneC,U151
T10004,Car01,2016-01-05 04:00:00.000,ZoneA,ZoneD,U020
T10005,Car06,2015-06-22 02:00:00.000,ZoneD,ZoneC,U065
T10007,Car26,2021-09-16 05:00:00.000,ZoneB,ZoneA,U055
T10008,Car29,2019-01-30 15:00:00.000,ZoneC,ZoneC,U097
T10009,Car17,2020-08-15 03:00:00.000,ZoneC,ZoneC,U130
T10010,Car28,2018-02-01 22:00:00.000,ZoneC,ZoneD,U036
T10011,Car29,2015-11-15 18:00:00.000,ZoneC,ZoneD,U093
T10012,Car08,2020-10-18 02:00:00.000,ZoneD,ZoneB,U022
T10013,Car12,2016-01-22 21:00:00.000,ZoneB,ZoneD,U029
T10014,Car16,2017-05-06 21:00:00.000,ZoneD,ZoneA,U110
T10015,Car30,2016-11-16 10:00:00.000,ZoneD,ZoneC,U119
T10016,Car21,2017-07-01 07:00:00.000,ZoneB,ZoneB,U121
T10017,Car05,2016-09-09 02:00:00.000,ZoneD,ZoneA,U055
T10018,Car11,2019-02-22 03:00:00.000,ZoneC,ZoneB,U119
T10019,Car19,2017-11-04 08:00:00.000,ZoneA,ZoneA,U127
T8752,Car24,2020-02-10 06:00:00.000,ZoneD,ZoneC,U145
T8753,Car28,2016-07-05 16:00:00.000,ZoneA,ZoneC,U110
T8754,Car24,2015-01-26 10:00:00.000,ZoneB,ZoneA,U073
T8755,Car15,2020-06-16 23:00:00.000,ZoneC,ZoneC,U136
T8756,Car30,2016-05-07 17:00:00.000,ZoneD,ZoneD,U026
T8757,Car15,2020-10-20 09:00:00.000,ZoneB,ZoneC,U159
T8758,Car18,2016-04-25 05:00:00.000,ZoneD,ZoneB,U068
T8759,Car04,2016-01-24 08:00:00.000,ZoneA,ZoneC,U048
T8760,Car06,2020-10-25 09:00:00.000,ZoneC,ZoneD,U138
T8761,Car17,2015-03-18 01:00:00.000,ZoneC,ZoneA,U075
T8762,Car13,2020-12-03 08:00:00.000,ZoneD,ZoneB,U135
T8763,Car01,2016-10-18 01:00:00.000,ZoneD,ZoneB,U088
T8764,Car07,2015-04-23 17:00:00.000,ZoneA,ZoneB,U147
T8765,Car12,2015-01-27 11:00:00.000,ZoneA,ZoneB,U063
T8766,Car29,2020-06-16 13:00:00.000,ZoneC,ZoneD,U099
T8767,Car16,2016-02-11 01:00:00.000,ZoneA,ZoneD,U091
T8768,Car02,2018-08-01 23:00:00.000,ZoneA,ZoneC,U118
T8769,Car02,2018-01-13 23:00:00.000,ZoneC,ZoneC,U084
T8770,Car12,2016-05-01 11:00:00.000,ZoneD,ZoneA,U145
T8771,Car02,2021-12-25 20:00:00.000,ZoneA,ZoneA,U087
T8772,Car27,2016-04-16 01:00:00.000,ZoneA,ZoneD,U039
T8773,Car18,2021-07-20 12:00:00.000,ZoneD,ZoneD,U117
T8774,Car15,2018-10-29 12:00:00.000,ZoneC,ZoneC,U018
T8775,Car05,2015-03-23 16:00:00.000,ZoneA,ZoneA,U031
T8777,Car28,2021-12-05 05:00:00.000,ZoneA,ZoneB,U113
T8778,Car12,2015-12-04 22:00:00.000,ZoneD,ZoneC,U094
T8779,Car22,2019-06-28 04:00:00.000,ZoneB,ZoneC,U146
T8780,Car07,2019-03-28 17:00:00.000,ZoneB,ZoneA,U133
T8781,Car15,2018-09-13 16:00:00.000,ZoneA,ZoneC,U077
T8782,Car24,2016-05-22 17:00:00.000,ZoneD,ZoneA,U094
T8783,Car24,2021-10-13 07:00:00.000,ZoneD,ZoneD,U067
T8784,Car14,2019-01-01 16:00:00.000,ZoneC,ZoneB,U056
T8786,Car22,2015-08-17 18:00:00.000,ZoneB,ZoneD,U047
T8787,Car28,2016-03-21 00:00:00.000,ZoneD,ZoneB,U092
T8788,Car26,2017-07-01 22:00:00.000,ZoneC,ZoneA,U051
T8789,Car02,2015-01-13 07:00:00.000,ZoneC,ZoneA,U152
T8790,Car06,2021-06-25 07:00:00.000,ZoneD,ZoneA,U137
T8791,Car08,2018-12-27 06:00:00.000,ZoneD,ZoneC,U113
T8792,Car13,2018-11-07 21:00:00.000,ZoneB,ZoneC,U015
T8793,Car15,2017-12-17 11:00:00.000,ZoneA,ZoneB,U110
T8794,Car03,2019-03-30 14:00:00.000,ZoneA,ZoneC,U108
T8795,Car14,2015-06-21 21:00:00.000,ZoneB,ZoneD,U021
T8796,Car25,2017-06-18 19:00:00.000,ZoneC,ZoneB,U033
T8797,Car18,2021-11-07 07:00:00.000,ZoneA,ZoneB,U145
T8798,Car01,2018-12-01 20:00:00.000,ZoneC,ZoneC,U139
T8799,Car26,2020-03-05 00:00:00.000,ZoneD,ZoneA,U149
T8800,Car27,2021-06-27 14:00:00.000,ZoneB,ZoneA,U034
T8801,Car19,2021-11-07 02:00:00.000,ZoneA,ZoneA,U150
T8802,Car04,2018-02-06 02:00:00.000,ZoneA,ZoneC,U100
T8803,Car11,2018-10-24 12:00:00.000,ZoneA,ZoneB,U140
T8804,Car25,2020-10-25 14:00:00.000,ZoneB,ZoneA,U056
T8805,Car05,2017-09-25 03:00:00.000,ZoneC,ZoneA,U130
T8806,Car19,2019-04-09 19:00:00.000,ZoneC,ZoneC,U103
T8807,Car03,2020-05-09 10:00:00.000,ZoneB,ZoneC,U023
T8808,Car25,2016-01-29 18:00:00.000,ZoneA,ZoneB,U086
T8809,Car21,2019-12-08 12:00:00.000,ZoneC,ZoneA,U058
T8810,Car23,2015-08-02 03:00:00.000,ZoneC,ZoneC,U054
T8811,Car02,2021-09-29 03:00:00.000,ZoneD,ZoneC,U082
T8812,Car02,2020-10-01 00:00:00.000,ZoneC,ZoneC,U148
T8813,Car10,2020-08-24 22:00:00.000,ZoneD,ZoneD,U061
T8814,Car06,2017-12-19 18:00:00.000,ZoneC,ZoneD,U125
T8815,Car25,2021-01-31 07:00:00.000,ZoneB,ZoneB,U044
T8816,Car02,2020-05-16 12:00:00.000,ZoneD,ZoneC,U130
T8817,Car05,2020-01-17 17:00:00.000,ZoneB,ZoneC,U123
T8818,Car12,2017-02-17 23:00:00.000,ZoneA,ZoneA,U149
T8819,Car02,2020-06-09 01:00:00.000,ZoneB,ZoneC,U026
T8820,Car11,2017-07-08 09:00:00.000,ZoneB,ZoneD,U014
T8821,Car04,2018-07-12 18:00:00.000,ZoneA,ZoneB,U149
T8822,Car01,2021-10-01 05:00:00.000,ZoneC,ZoneD,U104
T8823,Car20,2015-07-10 20:00:00.000,ZoneB,ZoneD,U123
T8824,Car30,2020-08-01 04:00:00.000,ZoneB,ZoneD,U053
T8825,Car18,2015-12-05 23:00:00.000,ZoneD,ZoneB,U104
T8826,Car07,2018-06-06 07:00:00.000,ZoneB,ZoneD,U071
T8827,Car02,2019-09-17 15:00:00.000,ZoneB,ZoneB,U027
T8828,Car21,2020-07-05 07:00:00.000,ZoneB,ZoneC,U017
T8829,Car03,2020-02-09 15:00:00.000,ZoneB,ZoneB,U090
T8830,Car11,2019-06-05 21:00:00.000,ZoneD,ZoneA,U017
T8832,Car11,2019-11-24 08:00:00.000,ZoneB,ZoneB,U062
T8833,Car13,2015-04-29 03:00:00.000,ZoneD,ZoneD,U151
T8834,Car01,2018-01-05 20:00:00.000,ZoneD,ZoneA,U038
T8835,Car14,2021-07-31 08:00:00.000,ZoneC,ZoneD,U105
T8836,Car10,2017-05-20 15:00:00.000,ZoneB,ZoneA,U075
T8837,Car05,2016-06-26 17:00:00.000,ZoneA,ZoneB,U105
T8838,Car19,2015-12-29 02:00:00.000,ZoneA,ZoneC,U137
T8839,Car02,2016-09-03 11:00:00.000,ZoneA,ZoneB,U104
T8840,Car28,2017-12-01 00:00:00.000,ZoneC,ZoneA,U111
T8841,Car26,2018-04-30 20:00:00.000,ZoneA,ZoneA,U091
T8842,Car10,2016-08-29 11:00:00.000,ZoneC,ZoneB,U130
T8843,Car04,2021-05-10 21:00:00.000,ZoneD,ZoneD,U155
T8844,Car11,2020-09-08 17:00:00.000,ZoneA,ZoneA,U154
T8845,Car12,2019-03-28 07:00:00.000,ZoneB,ZoneA,U051
T8846,Car16,2019-12-02 11:00:00.000,ZoneD,ZoneD,U152
T8847,Car07,2020-04-09 10:00:00.000,ZoneA,ZoneA,U039
T8848,Car22,2017-11-25 19:00:00.000,ZoneD,ZoneC,U098
T8849,Car17,2018-12-27 16:00:00.000,ZoneD,ZoneA,U143
T8850,Car19,2021-06-04 06:00:00.000,ZoneC,ZoneA,U032
T8851,Car28,2015-12-14 22:00:00.000,ZoneA,ZoneD,U059
T8852,Car15,2017-10-12 00:00:00.000,ZoneD,ZoneD,U075
T8853,Car23,2018-09-18 01:00:00.000,ZoneA,ZoneD,U012
T8854,Car28,2019-03-30 04:00:00.000,ZoneB,ZoneA,U119
T8855,Car10,2018-04-22 07:00:00.000,ZoneD,ZoneD,U046
T8856,Car26,2015-08-02 08:00:00.000,ZoneA,ZoneA,U074
T8857,Car27,2017-07-05 21:00:00.000,ZoneB,ZoneC,U125
T8858,Car27,2016-12-22 16:00:00.000,ZoneB,ZoneB,U039
T8859,Car23,2018-11-26 05:00:00.000,ZoneB,ZoneC,U087
T8860,Car29,2019-10-22 15:00:00.000,ZoneB,ZoneB,U026
T8861,Car13,2015-01-10 09:00:00.000,ZoneC,ZoneB,U094
T8862,Car19,2018-10-18 06:00:00.000,ZoneC,ZoneC,U042
T8863,Car10,2018-02-12 13:00:00.000,ZoneA,ZoneA,U056
T8864,Car07,2021-10-08 17:00:00.000,ZoneC,ZoneC,U024
T8865,Car11,2020-10-03 17:00:00.000,ZoneA,ZoneA,U133
T8866,Car16,2020-12-17 02:00:00.000,ZoneD,ZoneC,U040
T8867,Car19,2021-01-23 09:00:00.000,ZoneA,ZoneB,U075
T8868,Car12,2017-02-27 08:00:00.000,ZoneA,ZoneD,U092
T8869,Car20,2016-11-04 03:00:00.000,ZoneC,ZoneD,U148
T8870,Car08,2018-07-20 21:00:00.000,ZoneB,ZoneA,U162
T8871,Car17,2017-09-18 11:00:00.000,ZoneD,ZoneD,U023
T8872,Car05,2019-01-12 17:00:00.000,ZoneD,ZoneB,U161
T8873,Car09,2016-02-17 17:00:00.000,ZoneB,ZoneB,U064
T8874,Car13,2015-09-17 04:00:00.000,ZoneD,ZoneA,U088
T8875,Car26,2018-02-17 13:00:00.000,ZoneA,ZoneB,U132
T8876,Car08,2017-06-24 00:00:00.000,ZoneB,ZoneD,U033
T8877,Car02,2020-01-13 03:00:00.000,ZoneD,ZoneC,U048
T8878,Car26,2017-11-04 23:00:00.000,ZoneC,ZoneC,U143
T8879,Car23,2020-07-12 19:00:00.000,ZoneD,ZoneD,U029
T8880,Car09,2015-10-17 19:00:00.000,ZoneB,ZoneB,U044
T8881,Car10,2020-03-17 02:00:00.000,ZoneC,ZoneA,U049
T8882,Car06,2019-04-06 06:00:00.000,ZoneC,ZoneD,U026
T8883,Car21,2017-05-04 19:00:00.000,ZoneA,ZoneB,U095
T8884,Car20,2019-01-12 22:00:00.000,ZoneD,ZoneA,U067
T8885,Car06,2017-04-27 07:00:00.000,ZoneA,ZoneB,U153
T8886,Car12,2021-05-26 07:00:00.000,ZoneB,ZoneC,U053
T8887,Car02,2019-02-03 14:00:00.000,ZoneD,ZoneB,U131
T8888,Car29,2015-08-25 01:00:00.000,ZoneD,ZoneB,U072
T8889,Car26,2019-10-05 08:00:00.000,ZoneC,ZoneB,U099
T8890,Car22,2017-03-15 09:00:00.000,ZoneC,ZoneC,U067
T8891,Car28,2020-04-25 16:00:00.000,ZoneA,ZoneA,U117
T8892,Car06,2017-02-12 18:00:00.000,ZoneC,ZoneC,U148
T8893,Car01,2015-08-15 11:00:00.000,ZoneD,ZoneD,U058
T8894,Car22,2015-10-24 01:00:00.000,ZoneA,ZoneC,U064
T8895,Car08,2015-02-21 11:00:00.000,ZoneD,ZoneB,U160
T8896,Car27,2021-02-11 23:00:00.000,ZoneA,ZoneA,U123
T8897,Car30,2020-08-08 21:00:00.000,ZoneC,ZoneA,U126
T8898,Car11,2017-10-05 13:00:00.000,ZoneC,ZoneD,U087
T8899,Car11,2016-04-30 15:00:00.000,ZoneA,ZoneD,U031
T8900,Car04,2015-05-05 14:00:00.000,ZoneB,ZoneA,U034
T8901,Car02,2018-05-26 01:00:00.000,ZoneD,ZoneA,U026
T8902,Car07,2017-02-04 00:00:00.000,ZoneA,ZoneA,U141
T8903,Car28,2017-11-07 11:00:00.000,ZoneC,ZoneA,U135
T8904,Car15,2019-11-13 17:00:00.000,ZoneD,ZoneC,U074
T8905,Car10,2017-10-03 11:00:00.000,ZoneB,ZoneA,U162
T8906,Car09,2019-10-04 02:00:00.000,ZoneA,ZoneA,U101
T8907,Car29,2021-01-14 00:00:00.000,ZoneB,ZoneC,U080
T8908,Car09,2017-03-23 07:00:00.000,ZoneC,ZoneA,U057
T8909,Car07,2019-12-26 15:00:00.000,ZoneD,ZoneB,U099
T8910,Car02,2020-12-01 21:00:00.000,ZoneA,ZoneA,U094
T8911,Car01,2016-01-19 23:00:00.000,ZoneB,ZoneB,U067
T8912,Car22,2016-01-10 19:00:00.000,ZoneD,ZoneC,U054
T8913,Car21,2016-07-07 23:00:00.000,ZoneB,ZoneA,U136
T8914,Car25,2020-08-19 07:00:00.000,ZoneD,ZoneB,U028
T8915,Car27,2015-09-12 09:00:00.000,ZoneA,ZoneC,U066
T8916,Car10,2017-07-15 01:00:00.000,ZoneB,ZoneC,U115
T8917,Car14,2018-06-06 17:00:00.000,ZoneB,ZoneD,U033
T8918,Car24,2021-04-16 22:00:00.000,ZoneA,ZoneB,U085
T8920,Car09,2017-07-18 09:00:00.000,ZoneD,ZoneA,U122
T8921,Car02,2015-10-15 22:00:00.000,ZoneC,ZoneC,U160
T8922,Car07,2020-09-11 15:00:00.000,ZoneA,ZoneB,U011
T8923,Car24,2021-07-04 16:00:00.000,ZoneD,ZoneA,U041
T8924,Car23,2020-06-26 08:00:00.000,ZoneB,ZoneB,U015
T1218,Car14,2018-07-29 00:00:00.000,ZoneD,ZoneB,U059
T8928,Car15,2020-08-28 21:00:00.000,ZoneC,ZoneC,U140
T8929,Car15,2021-05-23 19:00:00.000,ZoneB,ZoneD,U096
T8930,Car06,2015-12-13 21:00:00.000,ZoneC,ZoneA,U050
T8931,Car11,2018-09-08 11:00:00.000,ZoneA,ZoneD,U143
T8932,Car05,2021-05-01 22:00:00.000,ZoneA,ZoneA,U150
T8933,Car10,2020-09-15 19:00:00.000,ZoneB,ZoneD,U150
T8934,Car16,2019-06-20 06:00:00.000,ZoneB,ZoneB,U020
T8935,Car27,2017-12-23 17:00:00.000,ZoneD,ZoneC,U069
T8936,Car04,2019-11-20 04:00:00.000,ZoneC,ZoneB,U131
T8937,Car01,2017-07-13 14:00:00.000,ZoneC,ZoneD,U134
T8938,Car08,2018-10-17 20:00:00.000,ZoneC,ZoneB,U043
T8939,Car03,2015-04-26 05:00:00.000,ZoneC,ZoneC,U160
T8940,Car10,2020-01-23 08:00:00.000,ZoneC,ZoneB,U023
T8941,Car15,2021-03-03 03:00:00.000,ZoneB,ZoneB,U088
T8942,Car07,2019-12-23 17:00:00.000,ZoneD,ZoneA,U097
T8943,Car26,2018-08-14 16:00:00.000,ZoneA,ZoneB,U040
T8944,Car08,2021-05-11 07:00:00.000,ZoneD,ZoneA,U107
T8945,Car15,2020-09-08 12:00:00.000,ZoneA,ZoneD,U036
T8946,Car22,2018-10-04 22:00:00.000,ZoneC,ZoneA,U024
T8947,Car06,2016-06-30 11:00:00.000,ZoneA,ZoneB,U130
T8948,Car04,2015-02-27 02:00:00.000,ZoneA,ZoneA,U096
T8949,Car12,2015-10-12 09:00:00.000,ZoneA,ZoneB,U111
T8950,Car14,2015-11-24 07:00:00.000,ZoneB,ZoneA,U119
T8951,Car21,2018-07-02 18:00:00.000,ZoneB,ZoneB,U103
T8952,Car12,2015-01-25 19:00:00.000,ZoneA,ZoneB,U143
T8953,Car15,2015-11-10 13:00:00.000,ZoneD,ZoneB,U103
T8954,Car05,2018-09-17 20:00:00.000,ZoneC,ZoneA,U157
T8955,Car04,2020-09-30 09:00:00.000,ZoneD,ZoneC,U015
T8956,Car10,2021-07-16 03:00:00.000,ZoneC,ZoneA,U140
T8957,Car14,2017-08-06 08:00:00.000,ZoneD,ZoneC,U056
T8958,Car25,2018-12-09 08:00:00.000,ZoneB,ZoneC,U040
T8959,Car17,2016-12-28 07:00:00.000,ZoneB,ZoneD,U094
T8960,Car15,2019-09-14 02:00:00.000,ZoneA,ZoneC,U036
T8961,Car23,2015-07-27 07:00:00.000,ZoneC,ZoneA,U100
T8962,Car13,2015-06-08 13:00:00.000,ZoneD,ZoneA,U052
T8963,Car14,2018-11-21 15:00:00.000,ZoneB,ZoneD,U059
T8964,Car26,2016-02-16 11:00:00.000,ZoneC,ZoneD,U115
T8965,Car15,2015-03-19 17:00:00.000,ZoneA,ZoneB,U158
T8966,Car17,2019-09-15 08:00:00.000,ZoneA,ZoneB,U061
T8967,Car06,2016-09-23 21:00:00.000,ZoneB,ZoneB,U019
T8968,Car01,2019-10-01 09:00:00.000,ZoneD,ZoneD,U124
T8969,Car05,2021-12-26 06:00:00.000,ZoneA,ZoneC,U114
T8970,Car04,2018-06-26 07:00:00.000,ZoneA,ZoneC,U041
T8971,Car25,2015-10-29 21:00:00.000,ZoneC,ZoneA,U098
T8972,Car17,2015-12-17 05:00:00.000,ZoneC,ZoneA,U034
T8973,Car17,2021-12-02 22:00:00.000,ZoneB,ZoneB,U047
T8974,Car30,2020-07-14 21:00:00.000,ZoneB,ZoneC,U129
T8975,Car21,2020-04-05 01:00:00.000,ZoneC,ZoneA,U069
T8976,Car21,2020-02-10 01:00:00.000,ZoneA,ZoneD,U036
T8977,Car10,2015-06-10 15:00:00.000,ZoneA,ZoneC,U087
T8978,Car03,2021-09-13 07:00:00.000,ZoneA,ZoneD,U031
T8979,Car03,2021-03-22 02:00:00.000,ZoneD,ZoneA,U037
T8980,Car23,2016-09-19 12:00:00.000,ZoneC,ZoneC,U122
T8981,Car02,2021-11-05 15:00:00.000,ZoneC,ZoneB,U051
T8982,Car30,2018-12-22 21:00:00.000,ZoneB,ZoneC,U018
T8983,Car17,2019-01-16 16:00:00.000,ZoneA,ZoneB,U074
T8984,Car26,2021-07-10 22:00:00.000,ZoneC,ZoneD,U041
T8985,Car22,2020-05-06 02:00:00.000,ZoneC,ZoneD,U087
T8986,Car09,2021-01-25 21:00:00.000,ZoneD,ZoneA,U045
T8987,Car24,2018-04-11 16:00:00.000,ZoneD,ZoneB,U059
T8988,Car27,2015-03-01 09:00:00.000,ZoneA,ZoneD,U055
T8989,Car27,2019-09-14 07:00:00.000,ZoneB,ZoneB,U041
T8990,Car24,2021-06-23 05:00:00.000,ZoneB,ZoneC,U107
T8991,Car23,2015-12-11 04:00:00.000,ZoneC,ZoneB,U148
T8992,Car29,2021-03-19 09:00:00.000,ZoneB,ZoneC,U098
T8993,Car13,2015-07-07 12:00:00.000,ZoneC,ZoneB,U035
T8994,Car23,2018-03-05 09:00:00.000,ZoneC,ZoneC,U051
T8995,Car07,2020-12-14 09:00:00.000,ZoneB,ZoneC,U109
T8996,Car30,2016-05-16 01:00:00.000,ZoneC,ZoneD,U130
T8997,Car06,2017-11-05 19:00:00.000,ZoneA,ZoneC,U015
T8998,Car16,2015-07-05 15:00:00.000,ZoneD,ZoneB,U034
T8999,Car23,2018-11-02 06:00:00.000,ZoneB,ZoneB,U010
T9000,Car27,2020-02-11 22:00:00.000,ZoneC,ZoneC,U067
T9001,Car07,2015-12-25 18:00:00.000,ZoneA,ZoneD,U136
T9002,Car15,2017-09-03 06:00:00.000,ZoneB,ZoneD,U024
T9003,Car18,2020-01-21 06:00:00.000,ZoneB,ZoneC,U065
T9004,Car23,2016-02-03 03:00:00.000,ZoneB,ZoneD,U126
T9005,Car15,2018-06-18 14:00:00.000,ZoneD,ZoneC,U063
T9006,Car01,2015-11-26 14:00:00.000,ZoneD,ZoneA,U131
T9007,Car07,2015-12-06 19:00:00.000,ZoneD,ZoneD,U111
T9009,Car30,2021-07-31 18:00:00.000,ZoneA,ZoneD,U018
T9010,Car07,2017-06-25 11:00:00.000,ZoneA,ZoneC,U050
T9011,Car06,2019-04-14 04:00:00.000,ZoneC,ZoneC,U084
T9012,Car14,2016-07-27 23:00:00.000,ZoneD,ZoneD,U153
T9013,Car23,2017-12-15 04:00:00.000,ZoneB,ZoneD,U133
T9014,Car08,2017-01-06 16:00:00.000,ZoneD,ZoneA,U012
T9015,Car10,2021-09-13 17:00:00.000,ZoneC,ZoneC,U101
T9016,Car11,2018-09-01 04:00:00.000,ZoneB,ZoneA,U036
T9018,Car09,2021-01-12 13:00:00.000,ZoneD,ZoneA,U050
T9019,Car30,2016-01-13 17:00:00.000,ZoneC,ZoneA,U100
T9021,Car23,2021-01-10 21:00:00.000,ZoneB,ZoneC,U073
T9022,Car17,2017-10-23 11:00:00.000,ZoneC,ZoneA,U027
T9023,Car05,2018-11-02 01:00:00.000,ZoneD,ZoneA,U144
T9024,Car12,2017-06-05 16:00:00.000,ZoneD,ZoneD,U134
T9025,Car11,2019-05-06 21:00:00.000,ZoneB,ZoneA,U069
T9027,Car07,2017-09-05 18:00:00.000,ZoneB,ZoneB,U117
T9028,Car08,2017-06-20 01:00:00.000,ZoneA,ZoneD,U076
T9029,Car06,2015-05-29 08:00:00.000,ZoneB,ZoneD,U112
T9030,Car21,2017-01-29 04:00:00.000,ZoneD,ZoneB,U084
T9031,Car02,2019-09-09 12:00:00.000,ZoneC,ZoneD,U089
T9032,Car08,2020-11-22 07:00:00.000,ZoneA,ZoneB,U072
T9033,Car14,2017-03-20 19:00:00.000,ZoneD,ZoneD,U066
T9034,Car29,2018-08-05 12:00:00.000,ZoneD,ZoneA,U024
T9035,Car16,2015-08-01 12:00:00.000,ZoneB,ZoneD,U136
T9037,Car07,2017-01-16 16:00:00.000,ZoneB,ZoneA,U069
T9038,Car12,2020-12-26 11:00:00.000,ZoneA,ZoneD,U076
T9039,Car21,2020-02-12 03:00:00.000,ZoneA,ZoneC,U135
T9040,Car24,2020-06-20 17:00:00.000,ZoneC,ZoneC,U091
T9041,Car06,2018-04-18 03:00:00.000,ZoneC,ZoneB,U061
T9042,Car03,2017-11-23 02:00:00.000,ZoneB,ZoneA,U152
T9043,Car09,2021-05-09 00:00:00.000,ZoneA,ZoneD,U029
T9044,Car10,2017-02-19 15:00:00.000,ZoneB,ZoneB,U073
T9045,Car13,2017-01-12 22:00:00.000,ZoneA,ZoneB,U058
T9046,Car11,2019-08-11 23:00:00.000,ZoneB,ZoneC,U153
T9047,Car08,2018-05-20 05:00:00.000,ZoneC,ZoneB,U089
T9048,Car22,2019-10-26 04:00:00.000,ZoneB,ZoneB,U051
T9049,Car29,2017-03-16 05:00:00.000,ZoneC,ZoneC,U036
T9050,Car02,2016-09-21 14:00:00.000,ZoneB,ZoneA,U127
T9051,Car26,2021-12-25 20:00:00.000,ZoneC,ZoneD,U031
T9052,Car21,2020-02-05 16:00:00.000,ZoneC,ZoneA,U070
T9053,Car26,2020-12-15 05:00:00.000,ZoneC,ZoneA,U039
T9054,Car15,2015-11-06 04:00:00.000,ZoneC,ZoneC,U073
T9055,Car24,2015-05-27 01:00:00.000,ZoneA,ZoneC,U058
T9056,Car01,2019-06-05 06:00:00.000,ZoneA,ZoneD,U053
T9057,Car29,2021-03-02 02:00:00.000,ZoneC,ZoneD,U140
T9058,Car28,2021-05-11 22:00:00.000,ZoneD,ZoneD,U084
T9059,Car03,2016-01-05 19:00:00.000,ZoneA,ZoneC,U140
T9060,Car24,2018-06-22 08:00:00.000,ZoneC,ZoneA,U030
T9061,Car30,2019-04-09 19:00:00.000,ZoneC,ZoneC,U137
T9062,Car08,2017-02-28 19:00:00.000,ZoneC,ZoneA,U024
T9063,Car17,2018-12-12 11:00:00.000,ZoneD,ZoneA,U028
T9064,Car13,2020-06-19 21:00:00.000,ZoneD,ZoneD,U159
T9065,Car08,2020-08-20 13:00:00.000,ZoneD,ZoneD,U155
T9066,Car06,2021-12-29 19:00:00.000,ZoneB,ZoneD,U140
T9067,Car19,2017-01-14 14:00:00.000,ZoneD,ZoneC,U046
T9068,Car29,2020-12-01 06:00:00.000,ZoneB,ZoneC,U115
T9069,Car26,2020-10-02 21:00:00.000,ZoneA,ZoneD,U123
T9070,Car30,2016-07-15 06:00:00.000,ZoneA,ZoneB,U061
T9071,Car22,2015-02-04 04:00:00.000,ZoneA,ZoneC,U010
T9072,Car14,2021-08-10 13:00:00.000,ZoneD,ZoneA,U109
T9073,Car02,2019-12-14 03:00:00.000,ZoneA,ZoneA,U096
T9074,Car01,2020-02-17 13:00:00.000,ZoneA,ZoneD,U060
T9075,Car15,2021-04-21 07:00:00.000,ZoneB,ZoneC,U029
T9076,Car21,2020-05-31 02:00:00.000,ZoneB,ZoneC,U014
T9077,Car18,2021-12-09 14:00:00.000,ZoneA,ZoneA,U012
T9078,Car21,2018-08-23 10:00:00.000,ZoneB,ZoneA,U132
T9079,Car30,2021-12-28 18:00:00.000,ZoneC,ZoneA,U054
T9080,Car22,2021-10-09 23:00:00.000,ZoneC,ZoneD,U159
T9081,Car05,2018-06-01 12:00:00.000,ZoneA,ZoneB,U161
T9082,Car13,2018-10-02 00:00:00.000,ZoneA,ZoneA,U047
T9083,Car04,2016-11-29 13:00:00.000,ZoneA,ZoneD,U151
T9084,Car19,2018-07-08 14:00:00.000,ZoneC,ZoneC,U037
T9085,Car29,2020-01-13 18:00:00.000,ZoneA,ZoneD,U012
T9086,Car15,2019-12-26 05:00:00.000,ZoneC,ZoneA,U030
T9087,Car09,2020-03-17 02:00:00.000,ZoneC,ZoneC,U036
T9088,Car05,2015-02-23 23:00:00.000,ZoneB,ZoneA,U109
T9089,Car20,2017-10-14 17:00:00.000,ZoneA,ZoneC,U138
T9090,Car08,2018-07-17 18:00:00.000,ZoneC,ZoneB,U020
T9091,Car08,2018-06-06 02:00:00.000,ZoneB,ZoneB,U125
T9092,Car17,2019-11-17 06:00:00.000,ZoneB,ZoneA,U033
T9093,Car12,2018-10-27 15:00:00.000,ZoneC,ZoneB,U107
T9094,Car09,2018-02-26 12:00:00.000,ZoneB,ZoneA,U150
T9095,Car13,2017-01-05 05:00:00.000,ZoneA,ZoneB,U131
T9096,Car24,2017-12-22 11:00:00.000,ZoneC,ZoneB,U127
T9097,Car29,2020-03-23 23:00:00.000,ZoneB,ZoneC,U012
T9098,Car02,2018-08-16 03:00:00.000,ZoneB,ZoneC,U155
T9099,Car12,2021-04-17 23:00:00.000,ZoneA,ZoneB,U072
T9100,Car27,2019-12-04 03:00:00.000,ZoneB,ZoneB,U066
T9101,Car21,2019-11-10 14:00:00.000,ZoneA,ZoneC,U036
T9102,Car30,2020-11-25 05:00:00.000,ZoneA,ZoneD,U081
T9103,Car24,2021-10-21 10:00:00.000,ZoneA,ZoneC,U068
T9104,Car20,2017-05-01 11:00:00.000,ZoneD,ZoneD,U135
T9105,Car07,2017-02-01 02:00:00.000,ZoneD,ZoneD,U147
T9106,Car19,2020-07-11 23:00:00.000,ZoneC,ZoneD,U080
T9107,Car13,2019-12-28 22:00:00.000,ZoneD,ZoneB,U070
T9108,Car28,2015-02-25 00:00:00.000,ZoneD,ZoneC,U089
T9109,Car23,2018-04-03 08:00:00.000,ZoneB,ZoneD,U082
T9110,Car18,2019-04-07 17:00:00.000,ZoneC,ZoneB,U147
T9111,Car26,2020-12-14 19:00:00.000,ZoneD,ZoneD,U141
T9112,Car28,2019-03-18 12:00:00.000,ZoneC,ZoneB,U154
T9113,Car25,2017-03-20 19:00:00.000,ZoneB,ZoneD,U031
T9114,Car20,2020-05-20 06:00:00.000,ZoneC,ZoneB,U090
T9115,Car13,2017-11-23 17:00:00.000,ZoneD,ZoneC,U080
T9116,Car25,2018-09-18 11:00:00.000,ZoneB,ZoneB,U128
T9117,Car26,2017-01-01 11:00:00.000,ZoneB,ZoneC,U040
T9118,Car09,2015-09-25 22:00:00.000,ZoneD,ZoneC,U036
T9119,Car03,2020-02-18 19:00:00.000,ZoneB,ZoneD,U159
T9120,Car30,2015-03-21 04:00:00.000,ZoneA,ZoneB,U157
T9121,Car11,2021-09-27 06:00:00.000,ZoneB,ZoneA,U067
T9122,Car30,2021-05-31 22:00:00.000,ZoneB,ZoneC,U014
T9123,Car08,2020-02-17 18:00:00.000,ZoneB,ZoneC,U125
T9124,Car04,2015-03-31 19:00:00.000,ZoneB,ZoneB,U062
T9125,Car05,2021-03-22 17:00:00.000,ZoneD,ZoneD,U158
T9126,Car21,2018-06-17 03:00:00.000,ZoneC,ZoneC,U046
T9127,Car13,2020-04-02 18:00:00.000,ZoneD,ZoneD,U116
T9128,Car13,2021-08-01 19:00:00.000,ZoneC,ZoneA,U046
T9129,Car13,2018-03-06 05:00:00.000,ZoneC,ZoneA,U116
T9130,Car16,2021-06-09 11:00:00.000,ZoneC,ZoneC,U025
T10020,Car19,2018-08-18 20:00:00.000,ZoneC,ZoneD,U042
T10021,Car19,2019-09-30 13:00:00.000,ZoneC,ZoneC,U067
T10022,Car05,2015-05-26 10:00:00.000,ZoneD,ZoneC,U128
T10023,Car09,2018-06-30 21:00:00.000,ZoneD,ZoneA,U125
T10024,Car10,2015-05-04 13:00:00.000,ZoneC,ZoneC,U114
T10025,Car10,2018-02-05 11:00:00.000,ZoneA,ZoneB,U011
T10026,Car14,2015-02-08 03:00:00.000,ZoneB,ZoneC,U136
T10027,Car10,2020-10-02 21:00:00.000,ZoneD,ZoneC,U025
T10028,Car25,2016-02-03 03:00:00.000,ZoneA,ZoneD,U105
T10029,Car04,2020-04-15 06:00:00.000,ZoneA,ZoneD,U013
T10030,Car23,2021-06-15 17:00:00.000,ZoneD,ZoneD,U018
T10031,Car24,2015-10-10 22:00:00.000,ZoneB,ZoneA,U012
T10032,Car06,2020-07-21 13:00:00.000,ZoneB,ZoneA,U090
T10033,Car23,2021-05-17 18:00:00.000,ZoneD,ZoneC,U143
T10034,Car09,2018-10-24 17:00:00.000,ZoneA,ZoneD,U063
T10035,Car29,2018-05-08 03:00:00.000,ZoneC,ZoneC,U059
T10036,Car10,2021-02-20 12:00:00.000,ZoneB,ZoneA,U067
T10037,Car06,2017-01-22 22:00:00.000,ZoneA,ZoneB,U147
T10038,Car28,2017-06-09 10:00:00.000,ZoneD,ZoneB,U097
T10039,Car07,2021-09-19 18:00:00.000,ZoneA,ZoneC,U147
T10040,Car14,2017-11-20 14:00:00.000,ZoneC,ZoneC,U052
T10041,Car26,2021-02-27 09:00:00.000,ZoneB,ZoneD,U123
T10042,Car22,2015-04-18 17:00:00.000,ZoneB,ZoneD,U150
T10043,Car11,2017-02-18 09:00:00.000,ZoneC,ZoneB,U149
T10044,Car21,2020-09-08 12:00:00.000,ZoneB,ZoneB,U150
T10045,Car10,2015-04-13 02:00:00.000,ZoneD,ZoneA,U089
T10046,Car18,2015-01-04 18:00:00.000,ZoneD,ZoneB,U116
T10047,Car23,2021-11-26 06:00:00.000,ZoneD,ZoneC,U053
T10048,Car20,2020-07-10 12:00:00.000,ZoneD,ZoneB,U122
T10049,Car24,2015-01-11 10:00:00.000,ZoneB,ZoneA,U033
T10050,Car18,2018-07-19 05:00:00.000,ZoneD,ZoneB,U033
T10051,Car27,2017-06-15 01:00:00.000,ZoneD,ZoneB,U157
T10052,Car10,2018-01-09 19:00:00.000,ZoneC,ZoneB,U080
T10053,Car14,2018-06-24 00:00:00.000,ZoneD,ZoneA,U086
T10054,Car08,2021-10-24 23:00:00.000,ZoneB,ZoneD,U111
T10055,Car18,2017-07-29 10:00:00.000,ZoneA,ZoneC,U042
T10056,Car27,2018-09-01 14:00:00.000,ZoneB,ZoneA,U063
T10057,Car01,2015-04-23 02:00:00.000,ZoneA,ZoneA,U010
T10059,Car21,2018-10-13 11:00:00.000,ZoneB,ZoneB,U077
T10060,Car20,2016-02-06 06:00:00.000,ZoneD,ZoneC,U088
T10061,Car25,2016-02-11 16:00:00.000,ZoneD,ZoneA,U080
T10062,Car18,2015-10-01 03:00:00.000,ZoneD,ZoneB,U076
T10063,Car01,2019-02-17 18:00:00.000,ZoneA,ZoneA,U071
T10064,Car23,2018-11-17 21:00:00.000,ZoneA,ZoneA,U049
T10065,Car16,2020-07-25 17:00:00.000,ZoneA,ZoneB,U043
T10067,Car02,2015-03-27 00:00:00.000,ZoneB,ZoneA,U132
T10068,Car28,2016-04-05 05:00:00.000,ZoneB,ZoneB,U138
T10069,Car03,2017-10-11 14:00:00.000,ZoneC,ZoneD,U127
T10070,Car20,2016-04-15 00:00:00.000,ZoneD,ZoneD,U143
T10071,Car05,2018-09-07 10:00:00.000,ZoneC,ZoneA,U089
T10072,Car03,2020-08-24 17:00:00.000,ZoneA,ZoneD,U105
T10073,Car19,2017-11-04 23:00:00.000,ZoneD,ZoneB,U060
T10074,Car12,2021-07-22 04:00:00.000,ZoneB,ZoneB,U020
T10075,Car22,2016-12-09 18:00:00.000,ZoneB,ZoneD,U147
T10076,Car20,2015-01-11 00:00:00.000,ZoneC,ZoneA,U048
T10077,Car25,2019-07-21 22:00:00.000,ZoneA,ZoneA,U046
T10078,Car03,2020-04-02 23:00:00.000,ZoneC,ZoneB,U013
T10079,Car04,2018-06-07 23:00:00.000,ZoneB,ZoneD,U126
T10080,Car23,2020-02-23 19:00:00.000,ZoneC,ZoneA,U074
T10081,Car26,2015-01-13 17:00:00.000,ZoneC,ZoneB,U162
T10082,Car04,2016-09-27 05:00:00.000,ZoneC,ZoneC,U140
T10083,Car21,2018-09-03 06:00:00.000,ZoneD,ZoneD,U075
T10084,Car23,2019-05-02 02:00:00.000,ZoneC,ZoneB,U159
T10085,Car22,2015-09-09 06:00:00.000,ZoneD,ZoneB,U078
T10086,Car19,2021-08-07 15:00:00.000,ZoneC,ZoneB,U140
T10087,Car27,2019-12-11 00:00:00.000,ZoneB,ZoneB,U153
T10088,Car01,2017-06-19 15:00:00.000,ZoneC,ZoneA,U075
T10089,Car18,2016-10-16 09:00:00.000,ZoneD,ZoneA,U057
T10090,Car02,2018-09-08 01:00:00.000,ZoneA,ZoneD,U139
T10092,Car14,2019-10-31 14:00:00.000,ZoneB,ZoneD,U112
T10093,Car19,2015-07-09 09:00:00.000,ZoneD,ZoneC,U110
T10094,Car23,2017-01-22 02:00:00.000,ZoneC,ZoneA,U062
T10095,Car13,2018-09-02 05:00:00.000,ZoneC,ZoneC,U040
T10096,Car03,2019-10-10 23:00:00.000,ZoneB,ZoneC,U032
T10097,Car17,2019-10-07 00:00:00.000,ZoneC,ZoneC,U041
T10098,Car15,2020-03-26 06:00:00.000,ZoneC,ZoneC,U160
T10099,Car02,2015-09-02 19:00:00.000,ZoneD,ZoneC,U125
T10100,Car25,2017-09-24 02:00:00.000,ZoneC,ZoneD,U061
T10101,Car29,2019-07-11 22:00:00.000,ZoneA,ZoneB,U118
T10102,Car12,2015-03-26 04:00:00.000,ZoneA,ZoneB,U093
T10103,Car12,2016-11-23 07:00:00.000,ZoneA,ZoneB,U144
T10104,Car30,2017-06-06 22:00:00.000,ZoneD,ZoneC,U103
T10105,Car02,2019-03-17 06:00:00.000,ZoneC,ZoneA,U123
T10106,Car17,2015-09-09 21:00:00.000,ZoneC,ZoneC,U054
T10107,Car30,2017-07-30 01:00:00.000,ZoneA,ZoneB,U128
T10108,Car14,2016-02-23 08:00:00.000,ZoneB,ZoneC,U056
T10109,Car29,2021-09-10 09:00:00.000,ZoneC,ZoneA,U012
T10110,Car15,2015-10-15 22:00:00.000,ZoneC,ZoneA,U074
T10111,Car24,2020-06-25 22:00:00.000,ZoneD,ZoneA,U100
T10112,Car24,2019-02-09 00:00:00.000,ZoneA,ZoneA,U069
T10113,Car14,2021-08-27 00:00:00.000,ZoneB,ZoneA,U111
T10114,Car28,2018-05-18 03:00:00.000,ZoneC,ZoneB,U032
T10115,Car04,2017-11-28 22:00:00.000,ZoneA,ZoneD,U024
T10116,Car29,2016-02-29 09:00:00.000,ZoneB,ZoneB,U019
T10117,Car29,2019-09-10 18:00:00.000,ZoneA,ZoneC,U095
T10118,Car25,2015-05-24 08:00:00.000,ZoneA,ZoneB,U115
T10119,Car20,2017-03-13 02:00:00.000,ZoneD,ZoneD,U138
T10120,Car12,2017-05-29 19:00:00.000,ZoneD,ZoneC,U142
T10121,Car20,2021-04-02 23:00:00.000,ZoneA,ZoneC,U048
T10122,Car25,2016-01-17 01:00:00.000,ZoneD,ZoneA,U142
T10123,Car24,2021-10-09 03:00:00.000,ZoneC,ZoneA,U056
T10124,Car19,2017-02-18 19:00:00.000,ZoneC,ZoneA,U073
T10125,Car24,2019-05-05 00:00:00.000,ZoneD,ZoneD,U091
T10126,Car07,2018-02-04 10:00:00.000,ZoneA,ZoneA,U066
T10127,Car09,2020-11-07 22:00:00.000,ZoneB,ZoneD,U061
T10128,Car08,2016-05-12 12:00:00.000,ZoneC,ZoneD,U030
T10129,Car30,2021-05-05 06:00:00.000,ZoneD,ZoneB,U106
T10130,Car21,2018-01-01 11:00:00.000,ZoneB,ZoneC,U138
T10131,Car07,2015-02-25 20:00:00.000,ZoneA,ZoneB,U128
T10132,Car17,2019-03-15 04:00:00.000,ZoneA,ZoneC,U147
T10133,Car20,2018-07-14 00:00:00.000,ZoneD,ZoneB,U048
T10134,Car09,2017-10-02 00:00:00.000,ZoneA,ZoneB,U062
T10135,Car07,2017-08-30 22:00:00.000,ZoneD,ZoneD,U102
T10136,Car18,2015-01-01 05:00:00.000,ZoneC,ZoneC,U065
T10137,Car29,2020-07-24 21:00:00.000,ZoneD,ZoneD,U091
T10138,Car14,2017-04-13 13:00:00.000,ZoneD,ZoneD,U138
T10139,Car27,2015-01-12 11:00:00.000,ZoneD,ZoneA,U129
T10141,Car04,2021-04-30 11:00:00.000,ZoneA,ZoneC,U010
T10142,Car10,2015-02-08 03:00:00.000,ZoneA,ZoneC,U054
T10143,Car17,2016-03-30 14:00:00.000,ZoneB,ZoneD,U043
T10144,Car26,2017-08-13 05:00:00.000,ZoneD,ZoneD,U108
T10145,Car13,2015-03-27 20:00:00.000,ZoneB,ZoneD,U075
T10146,Car15,2021-11-29 04:00:00.000,ZoneA,ZoneA,U011
T10147,Car05,2019-04-15 10:00:00.000,ZoneA,ZoneA,U084
T10148,Car01,2017-04-08 03:00:00.000,ZoneA,ZoneB,U111
T10149,Car16,2019-01-06 16:00:00.000,ZoneD,ZoneC,U054
T10150,Car02,2016-04-21 11:00:00.000,ZoneA,ZoneD,U040
T10151,Car24,2019-03-24 13:00:00.000,ZoneD,ZoneB,U057
T10152,Car13,2019-06-15 21:00:00.000,ZoneA,ZoneA,U053
T10153,Car14,2019-06-26 22:00:00.000,ZoneB,ZoneA,U069
T10154,Car20,2016-02-20 20:00:00.000,ZoneC,ZoneD,U018
T10155,Car15,2016-12-05 19:00:00.000,ZoneC,ZoneB,U149
T10156,Car01,2016-10-13 21:00:00.000,ZoneC,ZoneD,U099
T10157,Car25,2018-02-18 14:00:00.000,ZoneB,ZoneB,U042
T10158,Car03,2019-09-10 03:00:00.000,ZoneA,ZoneD,U148
T10159,Car03,2016-10-12 20:00:00.000,ZoneD,ZoneA,U063
T10160,Car29,2016-10-25 23:00:00.000,ZoneC,ZoneC,U108
T10161,Car20,2016-10-28 11:00:00.000,ZoneD,ZoneA,U122
T10162,Car03,2015-12-04 02:00:00.000,ZoneC,ZoneA,U075
T10163,Car10,2018-01-02 22:00:00.000,ZoneD,ZoneD,U075
T10164,Car26,2017-07-31 17:00:00.000,ZoneB,ZoneA,U063
T10165,Car22,2016-01-21 20:00:00.000,ZoneB,ZoneD,U022
T10166,Car09,2019-10-03 16:00:00.000,ZoneC,ZoneB,U077
T9131,Car03,2018-08-26 13:00:00.000,ZoneD,ZoneA,U112
T9132,Car15,2020-05-15 16:00:00.000,ZoneC,ZoneB,U142
T9133,Car14,2021-09-06 20:00:00.000,ZoneD,ZoneA,U011
T9134,Car17,2020-09-02 11:00:00.000,ZoneC,ZoneB,U125
T9135,Car25,2018-09-08 16:00:00.000,ZoneD,ZoneC,U162
T9136,Car25,2016-03-26 20:00:00.000,ZoneA,ZoneB,U093
T9137,Car10,2017-04-15 15:00:00.000,ZoneC,ZoneC,U026
T9139,Car07,2017-07-22 23:00:00.000,ZoneD,ZoneD,U130
T9140,Car10,2016-10-24 17:00:00.000,ZoneD,ZoneC,U140
T9141,Car06,2015-09-16 08:00:00.000,ZoneD,ZoneB,U038
T9142,Car08,2021-03-26 01:00:00.000,ZoneC,ZoneC,U050
T9143,Car06,2019-02-06 07:00:00.000,ZoneC,ZoneC,U030
T9144,Car11,2019-02-12 08:00:00.000,ZoneA,ZoneC,U099
T9145,Car21,2018-06-24 05:00:00.000,ZoneA,ZoneD,U124
T9146,Car06,2015-08-25 11:00:00.000,ZoneA,ZoneB,U021
T9147,Car28,2021-12-02 17:00:00.000,ZoneC,ZoneD,U052
T9149,Car22,2018-12-19 08:00:00.000,ZoneD,ZoneC,U057
T9150,Car09,2015-08-05 16:00:00.000,ZoneA,ZoneD,U044
T9151,Car02,2020-10-26 05:00:00.000,ZoneA,ZoneB,U110
T9152,Car21,2019-01-18 13:00:00.000,ZoneB,ZoneA,U118
T9153,Car23,2020-02-25 01:00:00.000,ZoneA,ZoneB,U161
T9154,Car28,2017-04-24 14:00:00.000,ZoneB,ZoneB,U083
T9155,Car01,2021-09-01 00:00:00.000,ZoneD,ZoneC,U033
T9156,Car01,2016-03-19 18:00:00.000,ZoneC,ZoneB,U118
T9157,Car03,2021-07-01 08:00:00.000,ZoneB,ZoneC,U078
T9158,Car28,2017-05-16 06:00:00.000,ZoneD,ZoneD,U129
T9159,Car19,2020-04-19 10:00:00.000,ZoneC,ZoneD,U159
T9160,Car19,2020-11-09 09:00:00.000,ZoneA,ZoneA,U043
T9161,Car15,2017-04-09 04:00:00.000,ZoneD,ZoneB,U058
T9162,Car08,2019-06-13 14:00:00.000,ZoneB,ZoneD,U064
T9163,Car20,2017-04-01 16:00:00.000,ZoneB,ZoneA,U078
T9164,Car07,2017-04-20 20:00:00.000,ZoneC,ZoneA,U108
T9165,Car07,2018-05-15 20:00:00.000,ZoneD,ZoneA,U133
T9166,Car15,2019-12-13 02:00:00.000,ZoneB,ZoneD,U041
T9167,Car19,2019-09-05 13:00:00.000,ZoneC,ZoneA,U017
T9169,Car22,2020-09-26 15:00:00.000,ZoneB,ZoneA,U079
T9170,Car28,2018-03-07 06:00:00.000,ZoneC,ZoneA,U090
T9171,Car01,2016-12-17 11:00:00.000,ZoneC,ZoneC,U023
T9172,Car24,2017-12-30 19:00:00.000,ZoneD,ZoneC,U028
T9173,Car09,2019-04-24 09:00:00.000,ZoneA,ZoneA,U064
T9174,Car17,2018-10-09 22:00:00.000,ZoneA,ZoneD,U016
T9175,Car21,2020-10-18 17:00:00.000,ZoneC,ZoneA,U071
T9177,Car05,2015-12-26 04:00:00.000,ZoneD,ZoneD,U084
T9178,Car09,2017-03-30 04:00:00.000,ZoneA,ZoneC,U011
T9179,Car27,2018-08-26 18:00:00.000,ZoneB,ZoneD,U153
T9180,Car04,2019-08-17 09:00:00.000,ZoneB,ZoneA,U021
T9181,Car14,2019-12-04 03:00:00.000,ZoneB,ZoneD,U155
T9182,Car16,2019-09-29 17:00:00.000,ZoneA,ZoneA,U052
T9183,Car03,2019-12-02 16:00:00.000,ZoneC,ZoneB,U133
T9184,Car18,2021-03-17 12:00:00.000,ZoneD,ZoneD,U098
T9185,Car09,2020-02-12 03:00:00.000,ZoneB,ZoneD,U042
T9186,Car03,2020-02-14 00:00:00.000,ZoneB,ZoneC,U126
T9187,Car20,2020-07-03 20:00:00.000,ZoneC,ZoneC,U014
T9188,Car04,2020-01-28 03:00:00.000,ZoneA,ZoneB,U108
T9189,Car27,2015-09-06 23:00:00.000,ZoneA,ZoneA,U014
T9190,Car05,2019-07-22 23:00:00.000,ZoneB,ZoneC,U042
T9191,Car10,2020-05-25 06:00:00.000,ZoneD,ZoneA,U045
T9192,Car06,2015-06-30 15:00:00.000,ZoneD,ZoneA,U037
T9193,Car02,2017-04-23 13:00:00.000,ZoneB,ZoneC,U125
T9194,Car09,2016-12-27 01:00:00.000,ZoneA,ZoneB,U085
T9195,Car01,2020-07-18 10:00:00.000,ZoneA,ZoneD,U107
T9196,Car28,2015-01-27 11:00:00.000,ZoneB,ZoneD,U044
T9197,Car11,2019-01-12 02:00:00.000,ZoneC,ZoneD,U103
T9198,Car03,2016-01-23 12:00:00.000,ZoneA,ZoneD,U126
T9199,Car23,2020-06-30 22:00:00.000,ZoneC,ZoneA,U133
T9200,Car13,2018-12-25 09:00:00.000,ZoneC,ZoneD,U144
T9201,Car17,2021-03-01 11:00:00.000,ZoneC,ZoneB,U126
T9202,Car14,2016-11-27 16:00:00.000,ZoneC,ZoneD,U151
T9203,Car05,2020-11-10 00:00:00.000,ZoneC,ZoneC,U137
T9204,Car10,2017-01-22 17:00:00.000,ZoneA,ZoneA,U143
T9205,Car08,2018-07-20 16:00:00.000,ZoneC,ZoneC,U152
T9206,Car17,2021-03-06 21:00:00.000,ZoneB,ZoneD,U110
T9207,Car01,2016-01-03 02:00:00.000,ZoneD,ZoneB,U047
T9208,Car24,2019-02-23 19:00:00.000,ZoneB,ZoneA,U088
T9209,Car26,2015-08-13 09:00:00.000,ZoneC,ZoneC,U075
T9210,Car25,2020-02-17 08:00:00.000,ZoneD,ZoneA,U156
T9211,Car03,2019-04-12 12:00:00.000,ZoneD,ZoneB,U115
T9212,Car17,2018-04-22 22:00:00.000,ZoneA,ZoneC,U090
T9213,Car14,2015-09-13 10:00:00.000,ZoneA,ZoneC,U162
T9214,Car23,2019-02-25 01:00:00.000,ZoneD,ZoneC,U047
T9215,Car14,2018-03-24 13:00:00.000,ZoneA,ZoneD,U011
T9216,Car09,2016-03-28 12:00:00.000,ZoneD,ZoneC,U060
T9217,Car22,2016-12-27 11:00:00.000,ZoneD,ZoneC,U103
T9218,Car03,2021-08-28 11:00:00.000,ZoneC,ZoneD,U077
T9219,Car26,2020-02-03 19:00:00.000,ZoneB,ZoneB,U070
T9220,Car30,2016-08-17 09:00:00.000,ZoneD,ZoneA,U103
T9221,Car07,2019-10-06 09:00:00.000,ZoneA,ZoneA,U159
T9222,Car03,2020-10-28 12:00:00.000,ZoneC,ZoneB,U155
T9223,Car21,2018-02-20 16:00:00.000,ZoneD,ZoneA,U092
T9224,Car05,2017-05-15 20:00:00.000,ZoneA,ZoneC,U068
T9225,Car17,2015-02-02 02:00:00.000,ZoneB,ZoneC,U140
T9226,Car07,2020-08-21 04:00:00.000,ZoneD,ZoneD,U053
T9227,Car08,2021-06-18 15:00:00.000,ZoneD,ZoneA,U080
T9228,Car16,2015-02-14 04:00:00.000,ZoneD,ZoneA,U076
T9229,Car24,2018-09-14 22:00:00.000,ZoneB,ZoneA,U148
T9230,Car07,2018-02-11 22:00:00.000,ZoneB,ZoneB,U041
T9231,Car18,2021-11-01 06:00:00.000,ZoneB,ZoneA,U141
T9232,Car29,2020-02-11 22:00:00.000,ZoneA,ZoneB,U080
T9233,Car13,2020-07-19 06:00:00.000,ZoneC,ZoneB,U126
T9237,Car13,2019-08-14 06:00:00.000,ZoneC,ZoneA,U060
T9238,Car14,2016-08-29 21:00:00.000,ZoneC,ZoneD,U142
T9239,Car30,2015-08-03 04:00:00.000,ZoneD,ZoneD,U077
T9240,Car22,2019-07-21 17:00:00.000,ZoneC,ZoneB,U100
T9241,Car30,2020-01-31 21:00:00.000,ZoneA,ZoneB,U160
T9242,Car01,2021-11-05 20:00:00.000,ZoneB,ZoneA,U012
T9243,Car15,2015-04-21 20:00:00.000,ZoneD,ZoneB,U108
T9244,Car15,2021-11-17 22:00:00.000,ZoneC,ZoneA,U124
T9245,Car29,2021-10-21 20:00:00.000,ZoneA,ZoneD,U057
T9246,Car28,2016-04-21 11:00:00.000,ZoneB,ZoneA,U161
T9247,Car26,2021-07-08 20:00:00.000,ZoneD,ZoneD,U064
T9248,Car23,2017-02-21 07:00:00.000,ZoneD,ZoneC,U032
T9249,Car20,2015-05-13 12:00:00.000,ZoneC,ZoneB,U138
T9250,Car04,2018-05-06 21:00:00.000,ZoneC,ZoneA,U062
T9251,Car02,2020-09-22 11:00:00.000,ZoneD,ZoneB,U157
T9252,Car21,2016-02-17 02:00:00.000,ZoneB,ZoneC,U012
T9253,Car27,2020-06-02 09:00:00.000,ZoneA,ZoneC,U106
T9254,Car10,2016-01-27 01:00:00.000,ZoneA,ZoneA,U013
T9255,Car04,2021-10-04 03:00:00.000,ZoneC,ZoneB,U017
T9256,Car29,2015-03-10 03:00:00.000,ZoneD,ZoneB,U060
T9257,Car10,2017-11-03 12:00:00.000,ZoneA,ZoneA,U077
T9258,Car11,2021-02-10 22:00:00.000,ZoneB,ZoneC,U012
T9259,Car23,2019-07-12 23:00:00.000,ZoneB,ZoneB,U031
T9260,Car26,2015-07-28 13:00:00.000,ZoneC,ZoneC,U054
T9261,Car23,2019-10-31 14:00:00.000,ZoneC,ZoneD,U106
T9262,Car17,2021-07-16 13:00:00.000,ZoneD,ZoneB,U125
T9263,Car24,2019-10-19 07:00:00.000,ZoneB,ZoneD,U084
T9264,Car15,2020-03-12 22:00:00.000,ZoneA,ZoneD,U157
T9265,Car27,2017-07-28 19:00:00.000,ZoneC,ZoneA,U016
T9266,Car01,2019-11-02 21:00:00.000,ZoneA,ZoneB,U081
T9267,Car05,2019-12-03 02:00:00.000,ZoneA,ZoneB,U045
T9268,Car23,2018-09-23 21:00:00.000,ZoneC,ZoneB,U114
T9269,Car04,2019-07-11 22:00:00.000,ZoneD,ZoneA,U073
T9270,Car05,2020-09-23 17:00:00.000,ZoneC,ZoneC,U044
T9271,Car14,2017-09-02 00:00:00.000,ZoneB,ZoneB,U061
T9272,Car01,2018-07-21 07:00:00.000,ZoneC,ZoneB,U069
T9273,Car06,2017-03-08 22:00:00.000,ZoneA,ZoneA,U046
T9274,Car02,2016-04-02 02:00:00.000,ZoneB,ZoneD,U053
T9275,Car07,2018-03-02 21:00:00.000,ZoneD,ZoneA,U101
T9276,Car05,2016-05-07 07:00:00.000,ZoneD,ZoneA,U074
T9277,Car27,2018-09-04 22:00:00.000,ZoneD,ZoneD,U012
T9278,Car12,2015-03-14 12:00:00.000,ZoneD,ZoneC,U012
T9279,Car09,2015-09-09 16:00:00.000,ZoneD,ZoneD,U135
T9280,Car13,2020-02-07 23:00:00.000,ZoneA,ZoneC,U044
T9281,Car20,2018-03-31 00:00:00.000,ZoneA,ZoneD,U152
T9282,Car13,2021-09-23 12:00:00.000,ZoneA,ZoneC,U080
T9283,Car24,2015-09-17 04:00:00.000,ZoneA,ZoneC,U082
T9284,Car17,2016-10-28 16:00:00.000,ZoneB,ZoneB,U131
T9285,Car17,2015-02-25 20:00:00.000,ZoneD,ZoneD,U093
T9286,Car09,2021-07-28 00:00:00.000,ZoneB,ZoneB,U096
T9287,Car28,2020-11-19 04:00:00.000,ZoneD,ZoneC,U036
T9288,Car23,2015-05-24 13:00:00.000,ZoneB,ZoneC,U129
T9289,Car08,2016-11-20 14:00:00.000,ZoneD,ZoneD,U041
T9290,Car10,2020-03-07 12:00:00.000,ZoneD,ZoneB,U133
T9291,Car10,2016-12-24 13:00:00.000,ZoneC,ZoneA,U090
T9292,Car03,2019-01-10 20:00:00.000,ZoneD,ZoneD,U029
T9293,Car14,2020-05-02 03:00:00.000,ZoneB,ZoneC,U106
T9294,Car23,2020-11-12 07:00:00.000,ZoneD,ZoneA,U010
T9295,Car08,2018-11-04 08:00:00.000,ZoneB,ZoneC,U022
T9296,Car28,2021-03-25 05:00:00.000,ZoneB,ZoneD,U066
T9298,Car23,2018-12-07 06:00:00.000,ZoneD,ZoneC,U150
T9299,Car22,2020-07-12 09:00:00.000,ZoneC,ZoneC,U028
T9300,Car26,2021-10-27 16:00:00.000,ZoneC,ZoneC,U109
T9301,Car30,2019-02-04 00:00:00.000,ZoneA,ZoneA,U076
T9302,Car27,2018-04-05 10:00:00.000,ZoneA,ZoneD,U011
T9303,Car17,2015-08-25 21:00:00.000,ZoneA,ZoneA,U031
T9304,Car11,2016-12-29 13:00:00.000,ZoneA,ZoneB,U140
T9305,Car17,2017-02-23 14:00:00.000,ZoneB,ZoneA,U132
T9306,Car28,2017-07-19 10:00:00.000,ZoneA,ZoneA,U106
T9307,Car19,2016-05-24 19:00:00.000,ZoneB,ZoneD,U038
T9308,Car02,2021-09-23 22:00:00.000,ZoneC,ZoneB,U018
T9309,Car19,2017-12-26 05:00:00.000,ZoneD,ZoneC,U011
T9310,Car11,2020-05-06 12:00:00.000,ZoneA,ZoneB,U151
